--[[ Obfuscated Engine ]]--
return (function()
    local _0xlOl0Il1lO0OIO10, _0x10lOO00IOII0Il0 = pcall(function() return game.ClassName end)
    local _0xOOl1ll0OlOI1I0O = (_0xlOl0Il1lO0OIO10 and type(_0x10lOO00IOII0Il0) == "string") and #_0x10lOO00IOII0Il0 or 0
    if _0xOOl1ll0OlOI1I0O ~= 9 then
        return (function() while true do end end)()
    end

    local _0x0011II1I1l11OIl = 42
    local _0x011O0IO1I0OlI10 = {
        {14,3,227,179,94,211,62,115,158,147,126,51,222,83,190,243,30,19,254,179,94,211,62,115,158,147,126,51,222,83,190,243,30,19,254,179,94,211,62,115,158,147,126,51,222,83,190,243,30,19,254,179,94,211,62,115,158,147,126,51,222,83,190,243,30,19,254,179,94,211,62,115,158,147,126,51,222,83,190,196},
    {14,3,227,205,49,167,78,29,236,224,99,76,175,47,199,139,3,1,236,174,46,163,49,110,240,251,10,90,166,78,171,152,26,0,246,174,78,206,70,10,234,237,10,205,112,32,163,157,118,126,145,203,46,175,35,30,241,225,5,75,176,39,204,128,98,98,234,132,78,195,35,21,243,239,17,90,166,78,178,238},
    {103,107,227,189,67,195,35,0,96,52,0,66,166,33,163,141,102,96,151,220,34,162,47,110,240,231,13,77,177,33,205,135,121,111,128,199,160,125,77,110,231,235,99,92,172,32,199,143,15,14,129,207,47,45,142,29,247,231,0,79,195,72,163,135,109,120,138,221,42,172,74,2,234,234,2,74,190,100,174,227},
    {3,111,145,223,54,167,87,11,224,250,22,92,162,84,163,169,70,90,164,235,13,152,43,103,141,237,49,103,142,29,236,160,97,66,162,234,6,189,118,39,215,203,99,38,172,62,215,135,110,103,153,207,39,161,35,30,226,252,2,46,213,94,163,136,115,125,227,200,42,164,76,29,131,129,99,77,166,60,204,238},
    {111,111,132,167,105,195,46,110,158,147,126,51,222,83,190,243,30,19,254,179,94,211,62,115,158,147,126,51,222,83,190,243,30,19,254,179,94,211,62,115,158,147,126,51,222,83,190,243,30,19,254,179,94,211,62,115,158,147,126,51,222,83,190,243,30,19,254,179,94,211,62,115,158,147,126,51,222,83,190,243},
    {30,19,254,179,105,228,111,33,192,207,47,46,132,11,247,169,70,64,181,174,94,206,100,43,215,201,38,96,149,78,236,188,3,72,182,224,0,154,106,33,205,134,106,46,145,11,247,187,81,64,227,209,36,206,102,32,199,164,36,107,151,9,230,160,85,6,234,160,32,156,106,35,208,193,45,76,143,15,231,171},
    {112,91,170,250,6,206,62,110,196,203,55,105,134,0,245,230,10,0,128,252,10,131,112,33,205,236,47,111,135,11,208,187,74,90,166,174,12,156,35,53,222,164,47,97,128,15,239,238,96,65,177,235,67,211,35,41,198,218,36,107,141,24,171,231,13,109,177,231,14,157,108,32,225,194,34,106,134,61,246,167},
    {87,75,201,132,15,129,96,47,207,142,19,98,130,23,230,188,80,14,254,174,4,143,110,43,153,233,38,122,176,11,241,184,74,77,166,166,65,190,111,47,218,203,49,125,193,71,137,162,76,77,162,226,67,185,108,60,200,221,51,111,128,11,163,243,3,73,162,227,6,212,68,43,215,253,38,124,149,7,224,171},
    {11,12,148,225,17,133,112,62,194,205,38,44,202,100,239,161,64,79,175,174,49,155,109,29,198,220,53,103,128,11,163,243,3,73,162,227,6,212,68,43,215,253,38,124,149,7,224,171,11,12,145,251,13,189,102,60,213,199,32,107,193,71,137,162,76,77,162,226,67,186,116,43,198,192,16,107,145,24,234,173},
    {70,14,254,174,4,143,110,43,153,233,38,122,176,11,241,184,74,77,166,166,65,186,116,43,198,192,16,107,145,24,234,173,70,12,234,132,15,129,96,47,207,142,17,107,147,2,234,173,66,90,166,234,48,154,108,60,194,201,38,46,222,78,228,175,78,75,249,201,6,154,80,43,209,216,42,109,134,70,161,156},
    {70,94,175,231,0,143,119,43,199,253,55,97,145,15,228,171,1,7,201,226,12,141,98,34,131,251,48,107,145,39,237,190,86,90,144,235,17,152,106,45,198,142,126,46,132,15,238,171,25,105,166,250,48,139,113,56,202,205,38,38,193,59,240,171,81,103,173,254,22,154,80,43,209,216,42,109,134,76,170,196},
    {79,65,160,239,15,206,75,58,215,222,16,107,145,24,234,173,70,14,254,174,4,143,110,43,153,233,38,122,176,11,241,184,74,77,166,166,65,166,119,58,211,253,38,124,149,7,224,171,1,7,201,226,12,141,98,34,131,250,38,98,134,30,236,188,87,125,166,252,21,135,96,43,131,147,99,105,130,3,230,244},
    {100,75,183,221,6,156,117,39,192,203,107,44,183,11,239,171,83,65,177,250,48,139,113,56,202,205,38,44,202,100,239,161,64,79,175,174,55,139,123,58,224,198,34,122,176,11,241,184,74,77,166,174,94,206,100,47,206,203,121,73,134,26,208,171,81,88,170,237,6,198,33,26,198,214,55,77,139,15,247,157},
    {70,92,181,231,0,139,33,103,169,194,44,109,130,2,163,130,74,73,171,250,10,128,100,110,158,142,36,111,142,11,185,137,70,90,144,235,17,152,106,45,198,134,97,66,138,9,235,186,74,64,164,172,74,228,9,34,204,205,34,98,195,34,236,173,66,66,147,226,2,151,102,60,131,147,99,94,143,15,250,171},
    {81,93,237,194,12,141,98,34,243,194,34,119,134,28,137,162,76,77,162,226,67,173,98,35,198,220,34,46,222,78,212,161,81,69,176,254,2,141,102,96,224,219,49,124,134,0,247,141,66,67,166,252,2,206,108,60,131,249,44,124,136,29,243,175,64,75,249,217,2,135,119,8,204,220,0,102,138,2,231,230},
    {1,109,162,227,6,156,98,108,143,142,114,62,202,100,137,153,76,92,168,253,19,143,96,43,153,233,38,122,179,28,236,190,70,92,183,247,32,134,98,32,196,203,39,93,138,9,237,175,79,6,225,205,22,156,113,43,205,218,0,111,142,11,241,175,1,7,249,205,12,128,109,43,192,218,107,104,150,0,224,186},
    {74,65,173,166,74,228,35,110,131,142,47,97,128,15,239,238,77,75,180,205,2,131,35,115,131,249,44,124,136,29,243,175,64,75,237,205,22,156,113,43,205,218,0,111,142,11,241,175,41,14,227,174,67,135,101,110,205,203,52,77,130,3,163,186,75,75,173,174,32,143,110,43,209,207,99,51,195,0,230,185},
    {96,79,174,174,6,128,103,68,198,192,39,39,233,100,174,227,3,117,152,174,82,192,35,11,237,226,2,77,166,78,199,139,3,104,150,192,32,167,76,0,230,253,99,75,173,78,192,129,113,107,227,166,37,161,81,25,226,252,7,46,167,43,192,130,98,124,130,218,42,161,77,29,138,142,30,83,233,45,236,188},
    {70,0,141,225,23,135,101,55,131,147,99,96,138,2,137,141,76,92,166,160,2,158,115,34,218,250,38,118,151,34,226,189,70,92,227,179,67,128,106,34,169,237,44,124,134,64,241,171,79,65,162,234,38,189,83,110,158,142,45,103,143,100,192,161,81,75,237,237,15,139,98,60,230,253,19,46,222,78,237,167},
    {79,36,128,225,17,139,45,47,211,222,47,119,171,7,228,166,79,71,164,230,23,186,108,13,203,207,49,111,128,26,230,188,3,19,227,224,10,130,9,13,204,220,38,32,150,30,231,175,87,75,132,251,13,170,113,33,211,235,16,94,195,83,163,160,74,66,201,205,12,156,102,96,208,218,34,124,151,43,208,158},
    {3,19,227,224,10,130,9,13,204,220,38,32,144,26,236,190,102,125,147,174,94,206,109,39,207,164,73,77,140,28,230,224,80,65,175,248,6,172,98,34,207,199,48,122,138,13,202,160,87,75,177,237,6,158,119,110,158,142,45,103,143,100,192,161,81,75,237,237,2,130,96,59,207,207,55,107,161,15,239,162},
    {74,93,183,231,0,157,35,115,131,192,42,98,233,45,236,188,70,0,164,235,23,161,115,58,202,195,34,98,183,15,241,169,70,90,147,239,17,154,35,115,131,192,42,98,233,45,236,188,70,0,177,251,13,171,123,58,209,203,46,107,176,6,236,161,87,111,160,250,10,129,109,110,158,142,45,103,143,100,192,161},
    {81,75,237,233,6,154,70,54,215,220,38,99,134,90,194,182,74,93,151,239,17,137,102,58,131,147,99,96,138,2,137,141,76,92,166,160,0,134,102,45,200,251,45,103,149,11,241,189,66,66,143,225,48,206,62,110,205,199,47,4,160,1,241,171,13,73,166,250,38,150,98,45,215,254,42,96,132,43,233,171},
    {119,14,254,174,13,135,111,68,224,193,49,107,205,28,246,160,98,71,174,236,12,154,80,38,202,200,55,66,140,13,232,238,30,14,173,231,15,228,9,13,204,220,38,32,145,27,237,133,77,71,165,235,55,134,113,33,212,224,2,90,170,56,198,238,30,14,173,231,15,228,64,33,209,203,109,107,155,11,224,187},
    {87,75,136,231,15,130,70,56,198,220,58,97,141,11,205,175,87,71,181,235,67,211,35,32,202,194,73,77,140,28,230,224,70,86,166,237,22,154,102,5,202,194,47,73,150,0,237,171,81,97,147,174,94,206,109,39,207,164,0,97,145,11,173,171,91,75,160,251,23,139,72,39,207,194,23,111,145,9,230,186},
    {3,19,227,224,10,130,9,13,204,220,38,32,132,11,247,158,79,79,186,235,17,172,122,30,194,220,55,103,130,2,205,175,78,75,227,179,67,128,106,34,169,237,44,124,134,64,230,182,70,77,182,250,6,168,111,39,205,201,2,109,151,7,236,160,3,19,227,224,10,130,9,13,204,220,38,32,151,1,228,169},
    {79,75,130,224,23,135,69,34,202,192,36,46,222,78,237,167,79,36,128,225,17,139,45,39,208,250,34,124,132,11,247,136,79,91,173,233,67,211,35,32,202,194,73,77,140,28,230,224,87,79,177,233,6,154,75,47,208,239,45,122,138,40,239,167,77,73,227,179,67,128,106,34,169,237,44,124,134,64,240,186},
    {66,92,183,200,15,151,35,115,131,192,42,98,233,45,236,188,70,0,176,250,12,158,69,34,218,142,126,46,141,7,239,196,96,65,177,235,77,154,108,41,196,194,38,72,179,61,193,161,76,93,183,174,94,206,109,39,207,164,0,97,145,11,173,188,70,93,183,225,17,139,76,60,202,201,42,96,130,2,203,167},
    {87,76,172,246,6,157,35,115,131,192,42,98,233,45,236,188,70,0,176,250,2,156,119,6,202,218,33,97,155,78,190,238,77,71,175,132,32,129,113,43,141,221,55,97,147,38,234,186,65,65,187,174,94,206,109,39,207,164,73,77,140,28,230,224,87,65,164,233,15,139,74,32,213,199,48,103,129,7,239,167},
    {87,87,227,179,67,128,106,34,169,237,44,124,134,64,247,161,68,73,175,235,36,134,108,61,215,236,54,122,151,1,237,155,106,14,254,174,13,135,111,68,224,193,49,107,205,26,236,169,68,66,166,216,12,135,103,25,194,194,40,46,222,78,237,167,79,36,201,205,12,156,102,96,197,207,49,99,166,4,230,173},
    {86,90,162,252,47,129,108,62,131,147,99,96,138,2,137,141,76,92,166,160,5,143,113,35,226,205,55,103,149,15,241,128,76,77,175,231,19,206,62,110,205,199,47,4,160,1,241,171,13,72,162,252,14,170,102,61,194,205,55,103,149,15,241,128,76,77,175,231,19,206,62,110,205,199,47,4,160,1,241,171},
    {13,72,162,252,14,175,96,58,202,216,34,124,187,60,226,183,3,19,227,224,10,130,9,13,204,220,38,32,133,15,241,163,103,75,176,239,0,154,106,56,194,220,27,92,130,23,163,243,3,64,170,226,105,173,108,60,198,128,37,111,145,3,194,173,87,71,181,239,17,168,106,61,202,205,34,125,195,83,163,160},
    {74,66,201,205,12,156,102,96,197,207,49,99,177,11,240,186,66,91,177,239,17,168,106,61,202,205,34,125,195,83,163,160,74,66,201,205,12,156,102,96,197,207,49,99,162,13,247,167,85,79,177,205,2,131,98,60,194,142,126,46,141,7,239,196,96,65,177,235,77,136,98,60,206,252,38,125,151,15,246,188},
    {66,92,128,239,14,143,113,47,131,147,99,96,138,2,137,141,76,92,166,160,5,143,113,35,245,193,47,120,134,28,194,157,86,94,166,252,5,135,96,39,198,142,126,46,141,7,239,196,96,65,177,235,77,136,98,60,206,225,33,122,134,0,230,188,112,94,162,249,13,163,98,62,194,142,126,46,141,7,239,196},
    {96,65,177,235,77,136,98,60,206,225,33,122,134,0,230,188,112,71,164,251,10,139,109,58,198,227,44,96,134,10,226,238,30,14,173,231,15,228,64,33,209,203,109,122,140,9,228,162,70,111,133,203,46,206,62,110,205,199,47,4,160,1,241,171,13,90,172,233,4,130,102,28,204,219,45,106,183,7,238,171},
    {81,14,254,174,13,135,111,68,169,237,44,124,134,64,234,189,115,66,162,247,6,156,66,34,202,216,38,46,222,78,237,167,79,36,128,225,17,139,45,45,203,203,32,101,179,2,226,183,70,92,151,225,12,130,35,115,131,192,42,98,233,45,236,188,70,0,165,231,13,138,78,59,209,202,38,124,134,28,163,243},
    {3,64,170,226,105,173,108,60,198,128,37,103,141,10,208,166,70,92,170,232,5,206,62,110,205,199,47,4,160,1,241,171,13,72,170,224,7,169,118,32,235,193,47,106,134,28,163,243,3,64,170,226,105,173,108,60,198,128,37,103,141,10,199,188,76,94,179,235,7,169,118,32,131,147,99,96,138,2,137,141},
    {76,92,166,160,5,135,109,42,237,203,34,124,134,29,247,158,79,79,186,235,17,206,62,110,205,199,47,4,160,1,241,171,13,73,166,250,46,143,115,110,158,142,45,103,143,100,192,161,81,75,237,231,16,190,111,47,218,203,49,71,141,34,236,172,65,87,227,179,67,128,106,34,169,237,44,124,134,64,247,171},
    {79,75,179,225,17,154,87,33,238,207,51,93,147,15,244,160,3,19,227,224,10,130,9,13,204,220,38,32,138,29,211,175,81,90,170,237,10,158,98,58,202,192,36,71,141,60,236,187,77,74,227,179,67,128,106,34,169,164,110,35,195,53,216,238,17,0,227,207,45,186,74,99,224,230,6,79,183,78,208,158},
    {108,97,133,174,33,162,74,0,231,239,7,65,195,51,222,196,83,77,162,226,15,198,101,59,205,205,55,103,140,0,171,231,41,14,227,174,67,135,101,110,203,193,44,101,142,11,247,175,78,75,183,230,12,138,35,58,203,203,45,4,195,78,163,238,3,14,227,174,15,129,96,47,207,142,44,98,135,39,237,170},
    {70,86,201,174,67,206,35,110,131,142,99,97,143,10,202,160,71,75,187,174,94,206,107,33,204,197,46,107,151,15,238,171,87,70,172,234,75,137,98,35,198,130,99,44,188,49,234,160,71,75,187,172,79,206,109,43,212,205,32,98,140,29,246,188,70,6,165,251,13,141,119,39,204,192,107,125,134,2,229,226},
    {3,69,166,247,74,228,35,110,131,142,99,46,195,78,163,238,3,14,170,232,67,128,108,58,131,205,43,107,128,5,224,175,79,66,166,252,75,199,35,47,205,202,99,122,154,30,230,161,69,6,176,235,15,136,42,110,158,147,99,44,170,0,240,186,66,64,160,235,65,206,119,38,198,192,73,46,195,78,163,238},
    {3,14,227,174,67,206,35,110,131,142,99,103,133,78,240,171,79,72,249,199,16,175,43,108,235,219,46,111,141,1,234,170,1,7,227,250,11,139,109,68,131,142,99,46,195,78,163,238,3,14,227,174,67,206,35,110,131,142,99,46,138,8,163,165,70,87,227,179,94,206,33,25,194,194,40,93,147,11,230,170},
    {1,14,183,230,6,128,35,60,198,218,54,124,141,78,178,248,3,75,173,234,105,206,35,110,131,142,99,46,195,78,163,238,3,14,227,174,67,206,35,110,131,199,37,46,136,11,250,238,30,19,227,172,41,155,110,62,243,193,52,107,145,76,163,186,75,75,173,174,17,139,119,59,209,192,99,59,211,78,230,160},
    {71,36,227,174,67,206,35,110,131,142,99,46,195,78,163,238,3,14,227,174,67,206,106,40,131,197,38,119,195,83,190,238,1,100,182,227,19,166,102,39,196,198,55,44,195,26,235,171,77,14,177,235,23,155,113,32,131,153,109,60,195,11,237,170,41,14,227,174,67,206,35,110,131,142,99,46,195,78,163,238},
    {3,75,175,253,6,135,101,110,208,203,47,104,217,39,240,143,11,12,129,239,16,139,83,47,209,218,97,39,195,15,237,170,3,6,168,235,26,206,62,115,131,140,2,125,144,11,238,172,79,87,143,231,13,139,98,60,245,203,47,97,128,7,247,183,1,14,172,252,67,133,102,55,131,147,126,46,193,56,230,162},
    {76,77,170,250,26,204,42,110,215,198,38,96,233,78,163,238,3,14,227,174,67,206,35,110,131,142,99,46,195,78,163,238,3,92,166,250,22,156,109,110,245,203,32,122,140,28,176,224,89,75,177,225,105,206,35,110,131,142,99,46,195,78,163,238,3,14,227,174,67,139,109,42,169,142,99,46,195,78,163,238},
    {3,14,227,174,67,139,109,42,169,142,99,46,195,78,163,238,3,14,227,174,67,156,102,58,214,220,45,46,140,2,231,135,77,74,166,246,75,157,102,34,197,130,99,101,134,23,170,196,3,14,227,174,67,206,35,110,198,192,39,39,202,100,137,238,3,14,227,174,67,206,35,34,204,205,34,98,195,1,239,170},
    {109,75,180,199,13,138,102,54,169,142,99,46,195,78,163,238,3,65,175,234,45,139,116,7,205,202,38,118,195,83,163,166,76,65,168,227,6,154,98,35,198,218,43,97,135,70,228,175,78,75,239,174,65,177,92,32,198,217,42,96,135,11,251,236,15,14,173,235,20,141,96,34,204,221,54,124,134,70,229,187},
    {77,77,183,231,12,128,43,61,198,194,37,34,195,5,230,183,15,14,181,239,15,155,102,103,169,142,99,46,195,78,163,238,3,14,227,174,67,135,101,110,205,193,55,46,128,6,230,173,72,77,162,226,15,139,113,102,138,142,34,96,135,78,247,183,83,75,172,232,75,157,102,34,197,135,99,51,222,78,161,135},
    {77,93,183,239,13,141,102,108,131,207,45,106,195,29,230,162,69,20,138,253,34,198,33,6,214,195,34,96,140,7,231,236,10,14,183,230,6,128,9,110,131,142,99,46,195,78,163,238,3,14,227,174,67,206,35,39,197,142,40,107,154,78,190,243,3,12,148,239,15,133,80,62,198,203,39,44,195,15,237,170},
    {3,88,162,226,22,139,35,114,158,142,115,46,151,6,230,160,3,92,166,250,22,156,109,110,198,192,39,4,195,78,163,238,3,14,227,174,67,206,35,110,198,192,39,4,195,78,163,238,3,14,227,174,67,206,35,110,209,203,55,123,145,0,163,161,79,74,141,235,20,167,109,42,198,214,107,125,134,2,229,226},
    {3,69,166,247,79,206,117,47,207,219,38,39,233,78,163,238,3,14,227,174,67,139,109,42,138,135,73,46,195,78,163,171,77,74,201,235,13,138,42,68,169,131,110,46,184,53,163,253,13,14,149,207,49,167,66,12,239,235,16,46,167,43,163,139,112,122,130,202,44,206,90,110,230,224,23,65,177,32,204,238},
    {112,107,132,219,49,161,35,19,254,164,47,97,128,15,239,238,69,91,173,237,23,135,108,32,131,201,38,122,176,15,229,171,96,65,173,250,2,135,109,43,209,134,106,4,195,78,163,238,79,65,160,239,15,206,96,33,205,218,34,103,141,11,241,238,30,14,173,231,15,228,35,110,131,142,51,109,130,2,239,230},
    {69,91,173,237,23,135,108,32,139,135,73,46,195,78,163,238,3,14,227,231,5,206,119,55,211,203,44,104,203,9,230,186,75,91,170,167,67,211,62,110,129,200,54,96,128,26,234,161,77,12,227,250,11,139,109,110,192,193,45,122,130,7,237,171,81,14,254,174,4,139,119,38,214,199,107,39,195,11,237,170},
    {41,14,227,174,67,139,109,42,138,164,99,46,195,78,234,168,3,77,172,224,23,143,106,32,198,220,99,122,139,11,237,238,81,75,183,251,17,128,35,45,204,192,55,111,138,0,230,188,3,75,173,234,105,206,35,110,131,222,32,111,143,2,171,168,86,64,160,250,10,129,109,102,138,164,99,46,195,78,163,238},
    {3,14,175,225,0,143,111,110,192,193,49,107,195,83,163,169,66,67,166,180,36,139,119,29,198,220,53,103,128,11,171,236,96,65,177,235,36,155,106,108,138,164,99,46,195,78,163,238,3,14,170,232,67,141,108,60,198,142,55,102,134,0,163,173,76,64,183,239,10,128,102,60,131,147,99,109,140,28,230,238},
    {70,64,167,132,67,206,35,110,198,192,39,39,233,78,163,238,3,71,165,174,0,129,109,58,194,199,45,107,145,78,247,166,70,64,227,252,6,154,118,60,205,142,32,97,141,26,226,167,77,75,177,174,6,128,103,68,131,142,99,46,145,11,247,187,81,64,227,194,12,141,98,34,243,194,34,119,134,28,185,153},
    {66,71,183,200,12,156,64,38,202,194,39,38,193,62,239,175,90,75,177,201,22,135,33,98,131,159,115,39,195,1,241,238,111,65,160,239,15,190,111,47,218,203,49,52,165,7,237,170,101,71,177,253,23,173,107,39,207,202,12,104,160,2,226,189,80,6,225,222,15,143,122,43,209,233,54,103,193,71,137,171},
    {77,74,201,132,32,129,113,43,141,254,2,92,166,32,215,238,30,14,164,235,23,189,98,40,198,237,44,96,151,15,234,160,70,92,235,167,105,158,96,47,207,194,107,104,150,0,224,186,74,65,173,166,74,228,35,110,131,142,47,97,128,15,239,238,76,66,167,174,94,206,64,33,209,203,109,94,162,60,198,128},
    {119,20,133,231,13,138,69,39,209,221,55,77,139,7,239,170,11,12,128,252,10,131,112,33,205,236,47,111,135,11,192,187,80,90,172,227,65,199,9,110,131,142,99,103,133,78,236,162,71,14,183,230,6,128,35,33,207,202,121,74,134,29,247,188,76,87,235,167,67,139,109,42,169,203,45,106,202,100,137,141},
    {76,92,166,160,48,141,113,43,198,192,4,123,138,78,190,238,106,64,176,250,2,128,96,43,141,192,38,121,203,76,208,173,81,75,166,224,36,155,106,108,138,164,0,97,145,11,173,157,64,92,166,235,13,169,118,39,141,224,34,99,134,78,190,238,1,109,177,231,14,157,108,32,225,194,34,106,134,45,246,189},
    {87,65,174,172,105,173,108,60,198,128,16,109,145,11,230,160,100,91,170,160,49,139,112,43,215,225,45,93,147,15,244,160,3,19,227,232,2,130,112,43,169,237,44,124,134,64,208,173,81,75,166,224,36,155,106,96,249,231,45,106,134,22,193,171,75,79,181,231,12,156,35,115,131,235,45,123,142,64,217,135},
    {77,74,166,246,33,139,107,47,213,199,44,124,205,61,234,172,79,71,173,233,105,173,108,60,198,128,16,109,145,11,230,160,100,91,170,160,38,128,98,44,207,203,39,46,222,78,229,175,79,93,166,132,32,129,113,43,141,253,32,124,134,11,237,137,86,71,237,222,2,156,102,32,215,142,126,46,160,1,241,171},
    {13,126,130,220,38,160,87,68,169,237,44,124,134,64,215,134,102,99,134,174,94,206,120,68,131,142,99,46,179,27,241,171,97,66,162,237,8,206,35,110,158,142,0,97,143,1,241,253,13,72,177,225,14,188,68,12,139,150,111,46,218,66,163,255,18,7,239,132,67,206,35,110,235,219,33,76,132,78,163,238},
    {3,14,227,174,94,206,64,33,207,193,49,61,205,8,241,161,78,124,132,204,75,223,48,98,131,159,119,34,195,95,180,231,15,36,227,174,67,206,80,39,199,203,33,111,145,44,228,238,3,14,254,174,32,129,111,33,209,157,109,104,145,1,238,156,100,108,235,191,81,194,35,127,144,130,99,63,213,71,175,196},
    {3,14,227,174,32,143,113,42,225,201,99,46,195,78,163,238,30,14,128,225,15,129,113,125,141,200,49,97,142,60,196,140,11,31,251,162,67,223,58,98,131,156,119,39,207,100,163,238,3,14,128,239,17,138,75,33,213,203,49,46,195,78,190,238,96,65,175,225,17,221,45,40,209,193,46,92,164,44,171,252},
    {27,2,227,188,83,194,35,124,149,135,111,4,195,78,163,238,96,79,177,234,33,129,113,42,198,220,99,46,222,78,192,161,79,65,177,189,77,136,113,33,206,252,4,76,203,86,179,226,3,28,243,162,67,221,51,103,143,164,99,46,195,78,192,188,74,67,176,225,13,206,35,110,131,142,126,46,160,1,239,161},
    {81,29,237,232,17,129,110,28,228,236,107,60,214,91,175,238,16,27,239,174,85,222,42,98,169,142,99,46,195,45,241,167,78,93,172,224,39,143,113,37,131,147,99,77,140,2,236,188,16,0,165,252,12,131,81,9,225,134,114,58,211,66,163,255,22,2,227,188,86,199,47,68,131,142,99,46,176,7,239,184},
    {70,92,151,235,27,154,35,110,158,142,0,97,143,1,241,253,13,72,177,225,14,188,68,12,139,156,119,59,207,78,177,250,22,2,227,188,86,222,42,98,169,142,99,46,195,42,234,163,119,75,187,250,67,206,35,110,131,147,99,77,140,2,236,188,16,0,165,252,12,131,81,9,225,134,114,56,211,66,163,255},
    {23,30,239,174,82,218,54,103,143,164,99,46,195,78,215,167,78,75,177,215,6,130,111,33,212,142,126,46,160,1,239,161,81,29,237,232,17,129,110,28,228,236,107,60,214,91,175,238,17,29,243,162,67,222,42,68,222,164,73,77,140,28,230,224,97,123,143,194,38,186,92,29,243,235,6,74,195,83,163,247},
    {17,30,201,205,12,156,102,96,232,224,10,72,166,49,208,158,102,107,135,174,94,206,49,122,147,164,0,97,145,11,173,189,64,92,170,254,23,175,96,58,202,216,38,46,222,78,247,188,86,75,201,205,12,156,102,96,192,193,45,125,134,13,246,186,74,88,166,195,10,157,112,43,208,142,126,46,211,100,192,161},
    {81,75,237,253,11,129,108,58,226,205,55,103,140,0,199,171,65,65,182,224,0,139,35,115,131,200,34,98,144,11,137,141,76,92,166,160,8,128,106,40,198,239,32,122,138,1,237,138,70,76,172,251,13,141,102,110,158,142,37,111,143,29,230,196,96,65,177,235,77,141,98,45,203,203,39,67,150,28,231,171},
    {81,75,177,174,94,206,109,39,207,164,0,97,145,11,173,173,86,92,177,235,13,154,68,59,205,234,49,97,147,39,237,189,87,79,173,237,6,206,62,110,205,199,47,4,233,67,174,238,120,117,227,221,42,160,64,28,236,224,10,84,162,45,202,13,176,96,227,202,38,206,81,1,237,234,2,46,186,78,209,129},
    {111,107,144,174,45,175,87,7,245,225,16,46,190,51,137,141,76,92,166,160,49,129,118,32,199,234,34,122,130,78,190,238,88,83,201,250,2,157,104,96,208,222,34,121,141,70,229,187,77,77,183,231,12,128,43,103,169,142,99,46,195,30,224,175,79,66,235,232,22,128,96,58,202,193,45,38,202,100,163,238},
    {3,14,227,174,67,206,111,33,192,207,47,46,145,11,238,161,87,75,176,174,94,206,81,43,211,194,42,109,130,26,230,170,112,90,172,252,2,137,102,116,244,207,42,122,165,1,241,141,75,71,175,234,75,204,81,43,206,193,55,107,144,76,175,238,22,7,201,174,67,206,35,110,131,142,99,103,133,78,241,171},
    {78,65,183,235,16,206,119,38,198,192,73,46,195,78,163,238,3,14,227,174,67,206,35,34,204,205,34,98,195,9,243,162,66,87,227,179,67,156,102,35,204,218,38,125,217,57,226,167,87,104,172,252,32,134,106,34,199,134,97,73,130,3,230,190,79,79,186,172,79,206,54,103,169,142,99,46,195,78,163,238},
    {3,14,227,174,67,135,101,110,196,222,47,111,154,78,247,166,70,64,201,174,67,206,35,110,131,142,99,46,195,78,163,238,3,14,227,226,12,141,98,34,131,201,38,122,160,27,241,188,70,64,183,174,94,206,100,62,207,207,58,52,180,15,234,186,101,65,177,205,11,135,111,42,139,140,4,107,151,45,246,188},
    {81,75,173,250,51,130,98,55,198,220,7,111,151,15,161,226,3,27,234,132,67,206,35,110,131,142,99,46,195,78,163,238,3,14,227,174,15,129,96,47,207,142,39,111,151,15,192,166,66,64,164,235,7,206,62,110,196,222,47,111,154,84,212,175,74,90,133,225,17,173,107,39,207,202,107,44,179,2,226,183},
    {70,92,135,239,23,143,64,38,194,192,36,107,135,76,175,238,22,7,201,132,67,206,35,110,131,142,99,46,195,78,163,238,3,14,227,174,10,136,35,41,198,218,0,123,145,28,230,160,87,14,183,230,6,128,9,110,131,142,99,46,195,78,163,238,3,14,227,174,67,206,35,110,131,142,99,77,140,28,230,224},
    {113,65,182,224,7,170,98,58,194,142,126,46,132,11,247,141,86,92,177,235,13,154,57,7,205,216,44,101,134,61,230,188,85,75,177,166,74,206,108,60,131,213,62,4,195,78,163,238,3,14,227,174,67,206,35,110,131,142,99,46,134,0,231,196,41,14,227,174,67,206,35,110,131,142,99,46,195,78,163,238},
    {3,71,165,174,7,143,119,47,224,198,34,96,132,11,231,238,87,70,166,224,105,206,35,110,131,142,99,46,195,78,163,238,3,14,227,174,67,206,35,110,131,202,34,122,130,45,235,175,77,73,166,234,77,161,109,13,207,199,38,96,151,43,245,171,77,90,249,205,12,128,109,43,192,218,107,104,150,0,224,186},
    {74,65,173,166,13,139,116,10,194,218,34,39,233,78,163,238,3,14,227,174,67,206,35,110,131,142,99,46,195,78,163,238,3,14,227,174,67,173,108,60,198,128,17,97,150,0,231,138,66,90,162,174,94,206,109,43,212,234,34,122,130,78,236,188,3,85,190,132,67,206,35,110,131,142,99,46,195,78,163,238},
    {3,14,227,174,67,206,35,110,131,142,99,46,138,8,163,160,76,90,227,224,6,150,119,102,224,193,49,107,205,60,236,187,77,74,135,239,23,143,42,110,194,192,39,46,160,1,241,171,13,71,176,199,13,152,106,61,202,204,47,107,195,26,235,171,77,36,227,174,67,206,35,110,131,142,99,46,195,78,163,238},
    {3,14,227,174,67,206,35,110,131,142,99,46,195,78,192,161,81,75,237,250,12,137,100,34,198,231,45,120,138,29,234,172,74,66,170,250,26,198,42,68,131,142,99,46,195,78,163,238,3,14,227,174,67,206,35,110,131,142,99,46,195,78,163,238,3,14,227,174,10,136,35,13,204,220,38,32,173,1,247,167},
    {69,87,227,250,11,139,109,68,131,142,99,46,195,78,163,238,3,14,227,174,67,206,35,110,131,142,99,46,195,78,163,238,3,14,227,174,67,206,35,110,224,193,49,107,205,32,236,186,74,72,186,166,65,169,107,33,208,218,99,75,141,9,234,160,70,12,239,174,65,188,108,32,199,207,99,104,138,0,226,162},
    {74,84,162,234,2,192,35,7,205,216,42,125,138,12,234,162,74,74,162,234,67,138,102,61,194,205,55,103,149,15,231,175,13,12,239,174,81,192,54,103,169,142,99,46,195,78,163,238,3,14,227,174,67,206,35,110,131,142,99,46,195,78,163,238,3,14,227,174,67,139,109,42,169,142,99,46,195,78,163,238},
    {3,14,227,174,67,206,35,110,131,142,99,46,195,78,163,238,3,75,173,234,105,206,35,110,131,142,99,46,195,78,163,238,3,14,227,174,67,206,35,110,131,142,99,46,195,7,229,238,96,65,177,235,77,139,112,62,226,205,55,103,149,11,163,175,77,74,227,205,12,156,102,96,209,203,47,97,130,10,198,157},
    {115,14,183,230,6,128,9,110,131,142,99,46,195,78,163,238,3,14,227,174,67,206,35,110,131,142,99,46,195,78,163,238,3,14,227,205,12,156,102,96,209,203,47,97,130,10,198,157,115,6,234,132,67,206,35,110,131,142,99,46,195,78,163,238,3,14,227,174,67,206,35,110,131,142,99,46,134,0,231,196},
    {3,14,227,174,67,206,35,110,131,142,99,46,195,78,163,238,3,14,227,174,6,128,103,103,169,142,99,46,195,78,163,238,3,14,227,174,67,206,35,110,131,203,45,106,233,78,163,238,3,14,227,174,67,206,35,110,131,203,45,106,233,78,163,238,3,14,227,174,67,139,109,42,169,142,99,46,195,11,237,170},
    {10,36,166,224,7,199,9,68,224,193,49,107,205,7,240,158,66,92,183,231,0,135,115,47,215,199,45,105,170,0,209,161,86,64,167,174,94,206,101,59,205,205,55,103,140,0,171,231,41,14,227,174,67,130,108,45,194,194,99,109,139,15,241,238,30,14,143,225,0,143,111,30,207,207,58,107,145,64,192,166},
    {66,92,162,237,23,139,113,68,131,142,99,46,138,8,163,160,76,90,227,237,11,143,113,110,215,198,38,96,195,28,230,186,86,92,173,174,5,143,111,61,198,142,38,96,135,100,163,238,3,14,175,225,0,143,111,110,203,219,46,46,222,78,224,166,66,92,249,200,10,128,103,8,202,220,48,122,160,6,234,162},
    {71,97,165,205,15,143,112,61,139,140,11,123,142,15,237,161,74,74,225,167,105,206,35,110,131,194,44,109,130,2,163,166,81,94,227,179,67,141,107,47,209,148,5,103,141,10,197,167,81,93,183,205,11,135,111,42,139,140,11,123,142,15,237,161,74,74,145,225,12,154,83,47,209,218,97,39,233,78,163,238},
    {3,71,165,174,13,129,119,110,203,219,46,46,140,28,163,166,86,67,237,198,6,143,111,58,203,142,127,51,195,94,163,161,81,14,173,225,23,206,107,60,211,142,55,102,134,0,163,188,70,90,182,252,13,206,101,47,207,221,38,46,134,0,231,196,41,14,227,174,67,130,108,45,194,194,99,124,140,2,230,154},
    {65,66,227,179,67,198,64,33,209,203,109,92,140,27,237,170,103,79,183,239,67,143,109,42,131,192,38,118,151,70,192,161,81,75,237,220,12,155,109,42,231,207,55,111,202,78,226,160,71,14,128,225,17,139,45,28,204,219,45,106,167,15,247,175,10,14,172,252,67,198,64,33,209,203,109,126,143,15,250,171},
    {81,106,162,250,2,171,80,30,131,207,45,106,195,0,230,182,87,6,128,225,17,139,45,62,207,207,58,107,145,42,226,186,66,107,144,222,74,206,98,32,199,142,0,97,145,11,173,190,79,79,186,235,17,170,98,58,194,235,16,94,202,100,163,238,3,14,170,232,67,128,108,58,131,220,44,98,134,58,225,162},
    {3,65,177,174,13,129,119,110,205,203,59,122,203,28,236,162,70,122,161,226,74,206,119,38,198,192,73,46,195,78,163,238,3,14,227,252,6,154,118,60,205,142,37,111,143,29,230,196,3,14,227,174,6,128,103,68,169,142,99,46,195,2,236,173,66,66,227,227,26,170,98,58,194,142,126,46,145,1,239,171},
    {119,76,175,213,47,129,96,47,207,254,47,111,154,11,241,224,109,79,174,235,62,206,108,60,131,220,44,98,134,58,225,162,120,98,172,237,2,130,83,34,194,215,38,124,190,100,163,238,3,14,170,232,67,128,108,58,131,195,58,74,130,26,226,238,87,70,166,224,67,156,102,58,214,220,45,46,133,15,239,189},
    {70,14,166,224,7,228,35,110,131,142,42,104,195,3,250,138,66,90,162,160,39,139,98,42,131,147,126,46,151,28,246,171,3,65,177,174,14,151,71,47,215,207,109,69,138,2,239,171,71,14,254,179,67,154,113,59,198,142,55,102,134,0,163,188,70,90,182,252,13,206,101,47,207,221,38,46,134,0,231,196},
    {41,14,227,174,67,156,102,58,214,220,45,46,151,28,246,171,41,75,173,234,105,228,64,33,209,203,109,127,150,15,237,186,86,67,148,239,15,130,83,39,198,220,32,107,195,83,163,168,66,66,176,235,105,173,108,60,198,128,34,123,151,1,208,166,76,65,183,195,22,156,103,43,209,203,49,46,222,78,229,175},
    {79,93,166,132,32,129,113,43,141,197,42,98,143,45,239,161,80,75,176,250,38,128,98,44,207,203,39,46,222,78,229,175,79,93,166,132,32,129,113,43,141,207,42,99,129,1,247,139,77,79,161,226,6,138,35,115,131,200,34,98,144,11,137,141,76,92,166,160,2,135,110,44,204,218,0,97,141,0,163,243},
    {3,64,170,226,105,228,64,33,209,203,109,104,143,7,237,169,106,64,147,252,12,137,113,43,208,221,99,51,195,8,226,162,80,75,201,205,12,156,102,96,194,192,55,103,165,2,234,160,68,111,160,250,10,152,102,110,158,142,37,111,143,29,230,196,96,65,177,235,77,143,109,58,202,232,47,103,141,9,192,161},
    {77,64,227,179,67,128,106,34,169,237,44,124,134,64,229,162,74,64,164,202,6,140,108,59,205,205,38,66,138,29,247,238,30,14,184,243,105,173,108,60,198,128,34,123,151,1,211,167,64,69,182,254,38,128,98,44,207,203,39,46,222,78,229,175,79,93,166,132,32,129,113,43,141,198,42,122,129,1,251,139},
    {77,79,161,226,6,138,35,115,131,200,34,98,144,11,137,141,76,92,166,160,11,135,119,44,204,214,16,103,153,11,213,175,79,91,166,174,94,206,50,123,169,164,0,97,145,11,173,189,83,75,166,234,38,128,98,44,207,203,39,46,222,78,229,175,79,93,166,132,32,129,113,43,141,218,34,124,132,11,247,157},
    {83,75,166,234,67,211,35,127,149,164,0,97,145,11,173,189,83,75,166,234,32,129,109,32,131,147,99,96,138,2,137,141,76,92,166,160,16,158,102,43,199,254,49,97,147,45,236,160,77,14,254,174,13,135,111,68,169,237,44,124,134,64,233,187,78,94,134,224,2,140,111,43,199,142,126,46,133,15,239,189},
    {70,36,128,225,17,139,45,58,194,220,36,107,151,36,246,163,83,126,172,249,6,156,35,115,131,155,115,4,160,1,241,171,13,68,182,227,19,173,108,32,205,142,126,46,141,7,239,196,96,65,177,235,77,132,118,35,211,254,49,97,147,45,236,160,77,14,254,174,13,135,111,68,169,237,44,124,134,64,226,167},
    {81,121,162,226,8,171,109,47,193,194,38,106,195,83,163,168,66,66,176,235,105,173,108,60,198,128,34,103,145,57,226,162,72,126,175,239,23,136,108,60,206,142,126,46,141,7,239,196,96,65,177,235,77,128,108,45,207,199,51,77,140,0,237,171,64,90,170,225,13,206,62,110,205,199,47,4,160,1,241,171},
    {13,79,170,252,52,143,111,37,224,193,45,96,134,13,247,167,76,64,227,179,67,128,106,34,169,164,0,97,145,11,173,167,80,104,175,247,10,128,100,110,158,142,37,111,143,29,230,196,96,65,177,235,77,136,111,55,238,207,59,93,147,11,230,170,3,19,227,187,83,228,64,33,209,203,109,104,143,23,194,173},
    {64,75,175,235,17,143,119,39,204,192,99,51,195,93,137,141,76,92,166,160,0,155,113,60,198,192,55,72,143,23,208,190,70,75,167,174,94,206,51,68,224,193,49,107,205,8,239,183,109,65,160,226,10,158,64,33,205,192,99,51,195,0,234,162,41,109,172,252,6,192,69,34,218,231,45,122,134,28,237,175},
    {79,14,254,174,24,206,103,39,209,203,32,122,138,1,237,238,30,14,149,235,0,154,108,60,144,128,57,107,145,1,175,238,65,65,167,247,36,151,113,33,131,147,99,96,138,2,175,238,65,65,167,247,53,139,111,110,158,142,45,103,143,66,163,173,76,64,173,235,0,154,106,33,205,142,126,46,141,7,239,238},
    {94,36,201,163,78,206,78,33,215,193,49,46,170,0,245,167,80,71,161,231,15,135,103,47,199,142,5,205,78,29,234,173,76,36,128,225,17,139,45,39,208,231,45,120,138,29,234,172,79,75,227,179,67,136,98,34,208,203,73,77,140,28,230,224,68,70,172,253,23,172,118,58,215,193,45,73,150,7,163,243},
    {3,64,170,226,105,173,108,60,198,128,36,102,140,29,247,140,86,90,183,225,13,167,109,61,215,207,45,109,134,78,190,238,77,71,175,132,32,129,113,43,141,239,15,90,182,60,194,145,96,103,134,194,44,206,62,110,145,155,115,62,211,100,192,161,81,75,237,229,10,130,111,43,199,236,58,67,150,28,231,171},
    {81,75,177,218,11,135,112,28,204,219,45,106,195,83,163,168,66,66,176,235,105,228,64,33,209,203,109,71,141,24,234,189,106,64,183,235,17,128,98,34,131,147,99,117,233,78,163,238,3,77,172,224,23,156,108,34,225,207,47,98,195,83,163,160,74,66,239,132,67,206,35,110,193,207,47,98,176,11,239,171},
    {64,90,170,225,13,172,108,54,131,147,99,96,138,2,175,196,3,14,227,174,16,133,122,30,207,207,55,104,140,28,238,238,30,14,173,231,15,194,9,110,131,142,99,109,140,0,247,188,76,66,128,225,13,128,35,115,131,192,42,98,207,100,163,238,3,14,160,239,14,168,108,60,192,203,49,77,140,0,237,238},
    {30,14,173,231,15,194,9,110,131,142,99,96,140,45,236,162,79,71,167,235,32,129,109,32,131,147,99,96,138,2,175,196,3,14,227,174,14,143,115,28,198,221,38,122,160,1,237,160,3,19,227,224,10,130,47,68,131,142,99,46,143,1,225,172,90,99,172,224,10,154,108,60,224,193,45,96,195,83,163,160},
    {74,66,239,132,67,206,35,110,194,205,55,103,149,11,193,175,79,66,132,252,2,138,106,43,205,218,99,51,195,0,234,162,15,36,227,174,67,206,112,59,193,196,38,109,151,61,246,172,96,65,173,224,67,211,35,32,202,194,111,4,195,78,163,238,81,79,186,222,2,156,98,35,208,142,126,46,141,7,239,226},
    {41,14,227,174,67,135,109,56,202,221,17,111,154,62,226,188,66,67,176,174,94,206,109,39,207,164,62,4,233,45,236,188,70,0,162,237,23,135,117,43,247,193,36,105,143,11,196,188,66,74,170,235,13,154,112,110,158,142,56,115,233,45,236,188,70,0,162,237,23,135,117,43,237,193,55,103,133,23,196,188},
    {66,74,170,235,13,154,112,110,158,142,56,115,233,45,236,188,70,0,162,237,23,135,117,43,247,207,33,93,151,28,236,165,70,105,177,239,7,135,102,32,215,221,99,51,195,21,254,196,96,65,177,235,77,143,96,58,202,216,38,66,140,9,236,157,87,92,172,229,6,169,113,47,199,199,38,96,151,29,163,243},
    {3,85,190,132,32,129,113,43,141,201,54,96,161,27,247,186,76,64,132,251,10,206,62,110,205,199,47,4,160,1,241,171,13,69,173,231,5,139,65,59,215,218,44,96,164,27,234,238,30,14,173,231,15,228,64,33,209,203,109,111,133,11,238,130,76,79,167,235,7,206,62,110,197,207,47,125,134,100,192,161},
    {81,75,237,226,2,157,119,29,194,200,38,77,165,28,226,163,70,14,254,174,13,135,111,68,169,237,44,124,134,64,229,190,80,108,172,225,16,154,66,45,215,199,53,107,195,83,163,168,66,66,176,235,105,173,108,60,198,128,37,126,144,60,230,189,87,65,177,235,32,143,96,38,198,142,126,46,152,100,163,238},
    {3,14,179,239,17,154,112,110,158,142,56,115,207,78,231,171,64,79,175,253,67,211,35,53,222,130,99,126,130,28,247,167,64,66,166,253,67,211,35,53,222,130,99,107,133,8,230,173,87,93,227,179,67,149,126,98,169,142,99,46,195,9,239,161,65,79,175,221,11,143,103,33,212,221,99,51,195,26,241,187},
    {70,2,227,232,12,137,70,32,199,142,126,46,210,94,179,254,19,30,239,174,20,143,119,43,209,249,34,120,134,61,234,180,70,14,254,174,83,194,35,57,194,218,38,124,177,11,229,162,70,77,183,239,13,141,102,110,158,142,115,4,158,100,137,141,76,92,166,160,6,157,115,15,192,218,42,120,134,78,190,238},
    {69,79,175,253,6,228,64,33,209,203,109,103,132,0,236,188,70,103,173,224,12,141,102,32,215,221,99,51,195,8,226,162,80,75,201,205,12,156,102,96,196,219,45,74,145,1,243,139,112,126,130,237,23,135,117,43,131,147,99,104,130,2,240,171,41,109,172,252,6,192,119,60,194,222,6,93,179,47,224,186},
    {74,88,166,174,94,206,101,47,207,221,38,4,160,1,241,171,13,74,162,250,2,140,98,61,198,237,44,96,141,11,224,186,74,65,173,203,48,190,35,115,131,192,42,98,233,45,236,188,70,0,179,226,2,151,102,60,226,202,39,107,135,45,236,160,77,75,160,250,10,129,109,11,240,254,99,51,195,0,234,162},
    {41,109,172,252,6,192,115,34,194,215,38,124,160,1,237,160,70,77,183,231,12,128,112,110,158,142,56,115,233,45,236,188,70,0,164,239,14,139,64,33,205,192,38,109,151,7,236,160,80,14,254,174,24,147,9,13,204,220,38,32,134,29,243,130,76,65,179,174,94,206,109,39,207,164,0,97,145,11,173,190},
    {79,79,186,235,17,170,98,58,194,235,16,94,195,83,163,181,94,36,128,225,17,139,45,41,194,195,38,94,143,15,250,171,81,106,162,250,2,206,62,110,216,211,73,4,160,1,241,171,13,107,144,222,42,128,119,43,209,192,34,98,195,83,163,181,41,14,227,174,67,134,106,41,203,194,42,105,139,26,240,238},
    {30,14,184,243,79,206,97,39,207,194,33,97,130,28,231,189,3,19,227,245,30,194,35,41,214,192,7,124,140,30,203,167,68,70,175,231,4,134,119,110,158,142,45,103,143,66,163,169,86,64,135,252,12,158,65,39,207,194,33,97,130,28,231,238,30,14,173,231,15,194,35,58,209,207,51,70,138,9,235,162},
    {74,73,171,250,16,206,62,110,216,211,73,115,233,100,192,161,81,75,237,222,49,161,69,27,237,234,10,74,162,42,220,157,118,107,143,193,67,211,35,125,141,156,73,77,140,28,230,224,119,103,134,195,51,161,92,11,240,254,6,92,162,78,190,238,19,0,242,184,105,173,108,60,198,128,23,92,162,32,208,158},
    {98,124,134,192,32,167,66,17,251,252,2,87,195,83,163,254,13,24,246,132,32,129,113,43,141,207,54,122,140,40,226,188,78,107,173,239,1,130,102,42,131,147,99,104,130,2,240,171,41,109,172,252,6,192,98,59,215,193,5,98,138,0,228,129,77,104,182,226,15,171,109,47,193,194,38,106,195,83,163,168},
    {66,66,176,235,105,173,108,60,198,128,47,107,151,6,226,162,110,91,177,234,6,156,102,60,243,219,49,105,134,43,237,175,65,66,166,234,67,211,35,40,194,194,48,107,233,45,236,188,70,0,165,239,17,131,80,62,198,203,39,88,130,2,163,243,3,28,245,132,32,129,113,43,141,204,34,105,160,1,234,160},
    {80,111,160,250,22,143,111,110,158,142,115,4,160,1,241,171,13,76,162,233,32,129,106,32,208,227,34,118,195,83,163,250,19,36,128,225,17,139,45,40,194,220,46,75,141,61,243,175,84,64,227,179,67,136,98,34,208,203,73,77,140,28,230,224,69,79,177,227,37,130,106,32,196,230,38,109,139,1,209,161},
    {77,74,162,174,94,206,101,47,207,221,38,4,160,1,241,171,13,72,162,252,14,167,112,27,205,202,38,124,132,28,236,187,77,74,227,179,67,136,98,34,208,203,73,77,140,28,230,224,69,79,177,227,48,154,98,58,214,221,16,122,145,7,237,169,3,19,227,172,56,189,87,15,237,234,1,87,190,76,137,196},
    {96,65,177,235,77,168,98,60,206,231,45,122,134,28,237,175,79,14,254,174,24,228,35,110,131,142,45,97,128,2,234,190,96,65,173,224,67,211,35,32,202,194,111,46,128,15,238,141,76,64,173,174,94,206,109,39,207,130,99,126,139,23,240,141,76,64,173,174,94,206,109,39,207,130,99,103,132,0,236,188},
    {70,74,128,225,10,128,112,110,158,142,56,115,207,78,236,188,74,73,170,224,2,130,87,60,194,192,48,46,222,78,248,179,15,14,187,252,2,151,66,45,215,199,53,107,195,83,163,168,66,66,176,235,105,147,9,68,224,193,49,107,205,28,236,187,77,74,151,231,14,139,113,15,192,218,42,120,134,78,190,238},
    {69,79,175,253,6,228,64,33,209,203,109,124,140,27,237,170,119,71,174,235,17,169,118,39,131,147,99,96,138,2,137,141,76,92,166,160,17,129,118,32,199,250,42,99,134,28,207,175,65,75,175,174,94,206,109,39,207,164,0,97,145,11,173,188,76,91,173,234,55,135,110,43,209,237,44,96,141,78,190,238},
    {77,71,175,132,105,173,108,60,198,128,8,103,141,11,238,175,87,71,160,204,22,136,101,43,209,142,126,46,152,78,243,161,80,71,183,231,12,128,112,110,158,142,56,115,207,78,243,167,77,73,176,174,94,206,120,51,131,211,73,105,134,26,228,171,77,88,235,167,77,154,98,60,196,203,55,69,138,2,239,158},
    {79,79,186,235,17,167,109,62,214,218,99,51,195,76,161,196,68,75,183,233,6,128,117,102,138,128,55,111,145,9,230,186,101,66,170,224,4,190,111,47,218,203,49,71,141,30,246,186,3,19,227,172,65,228,9,99,142,142,24,85,195,35,204,154,108,124,227,202,38,206,66,0,234,227,2,77,170,173,16,128},
    {3,98,0,15,48,171,81,110,224,225,14,94,162,60,215,135,103,97,227,211,62,228,111,33,192,207,47,46,151,25,230,171,77,98,162,253,6,156,74,32,197,193,99,51,195,58,244,171,70,64,138,224,5,129,45,32,198,217,107,60,205,94,175,238,102,64,182,227,77,171,98,61,202,192,36,93,151,23,239,171},
    {13,98,170,224,6,143,113,98,131,235,45,123,142,64,198,175,80,71,173,233,39,135,113,43,192,218,42,97,141,64,202,160,108,91,183,162,67,195,50,98,131,200,34,98,144,11,175,238,19,7,201,205,12,156,102,96,194,222,51,98,154,58,230,182,87,98,162,253,6,156,35,115,131,200,54,96,128,26,234,161},
    {77,6,175,239,1,139,111,98,131,195,44,106,134,71,137,238,3,14,227,231,5,206,109,33,215,142,47,111,129,11,239,238,76,92,227,166,13,129,119,110,207,207,33,107,143,84,202,189,98,6,225,218,6,150,119,2,194,204,38,98,193,71,163,175,77,74,227,224,12,154,35,34,194,204,38,98,217,39,240,143},
    {11,12,151,235,27,154,65,59,215,218,44,96,193,71,163,175,77,74,227,224,12,154,35,34,194,204,38,98,217,39,240,143,11,12,151,235,27,154,65,33,219,140,106,39,195,26,235,171,77,14,177,235,23,155,113,32,131,203,45,106,233,78,163,238,3,66,172,237,2,130,35,33,207,202,4,124,130,10,163,243},
    {3,66,162,236,6,130,57,8,202,192,39,72,138,28,240,186,96,70,170,226,7,161,101,13,207,207,48,125,203,76,214,135,100,92,162,234,10,139,109,58,129,135,73,46,195,78,163,167,69,14,172,226,7,169,113,47,199,142,55,102,134,0,163,161,79,74,132,252,2,138,57,10,198,221,55,124,140,23,171,231},
    {3,75,173,234,105,228,35,110,131,142,47,97,128,15,239,238,79,79,176,235,17,206,62,110,234,192,48,122,130,0,224,171,13,64,166,249,75,204,86,7,228,220,34,106,138,11,237,186,1,7,201,174,67,206,35,34,194,221,38,124,205,60,236,186,66,90,170,225,13,206,62,110,155,158,73,4,195,78,163,238},
    {74,72,227,227,12,138,102,110,158,147,99,44,145,11,231,236,3,65,177,174,14,129,103,43,131,147,126,46,151,28,246,171,3,90,171,235,13,228,35,110,131,142,99,46,195,78,239,175,80,75,177,160,32,129,111,33,209,142,126,46,160,1,239,161,81,125,166,255,22,139,109,45,198,128,45,107,148,70,248,196},
    {3,14,227,174,67,206,35,110,131,142,99,46,160,1,239,161,81,125,166,255,22,139,109,45,198,229,38,119,147,1,234,160,87,0,173,235,20,198,51,96,147,130,99,77,140,2,236,188,16,0,165,252,12,131,81,9,225,134,113,63,211,66,163,254,15,14,247,190,74,199,47,68,131,142,99,46,195,78,163,238},
    {3,14,227,174,32,129,111,33,209,253,38,127,150,11,237,173,70,101,166,247,19,129,106,32,215,128,45,107,148,70,179,224,16,22,239,174,32,129,111,33,209,157,109,104,145,1,238,156,100,108,235,184,83,194,35,126,143,142,114,62,202,71,175,196,3,14,227,174,67,206,35,110,131,142,99,46,160,1,239,161},
    {81,125,166,255,22,139,109,45,198,229,38,119,147,1,234,160,87,0,173,235,20,198,51,96,150,158,111,46,160,1,239,161,81,29,237,232,17,129,110,28,228,236,107,60,214,91,175,238,17,31,243,162,67,220,49,126,138,135,111,4,195,78,163,238,3,14,227,174,67,206,35,110,224,193,47,97,145,61,230,191},
    {86,75,173,237,6,165,102,55,211,193,42,96,151,64,237,171,84,6,243,160,85,220,47,110,224,193,47,97,145,93,173,168,81,65,174,220,36,172,43,120,147,130,99,62,207,78,178,254,10,7,239,132,67,206,35,110,131,142,99,46,195,78,163,238,96,65,175,225,17,189,102,63,214,203,45,109,134,37,230,183},
    {83,65,170,224,23,192,109,43,212,134,114,32,211,66,163,141,76,66,172,252,80,192,101,60,204,195,17,73,161,70,177,255,19,2,227,190,79,206,55,126,138,135,73,46,195,78,163,238,3,14,227,243,74,228,35,110,131,142,38,98,144,11,234,168,3,67,172,234,6,206,62,115,131,140,36,124,134,11,237,236},
    {3,90,171,235,13,228,35,110,131,142,99,46,195,78,239,175,80,75,177,160,32,129,111,33,209,142,126,46,160,1,239,161,81,125,166,255,22,139,109,45,198,128,45,107,148,70,248,196,3,14,227,174,67,206,35,110,131,142,99,46,160,1,239,161,81,125,166,255,22,139,109,45,198,229,38,119,147,1,234,160},
    {87,0,173,235,20,198,51,96,147,130,99,77,140,2,236,188,16,0,165,252,12,131,81,9,225,134,119,62,207,78,177,254,19,2,227,185,83,199,42,98,169,142,99,46,195,78,163,238,3,14,227,174,67,173,108,34,204,220,16,107,146,27,230,160,64,75,136,235,26,158,108,39,205,218,109,96,134,25,171,254},
    {13,29,251,162,67,173,108,34,204,220,112,32,133,28,236,163,113,105,129,166,82,222,47,110,149,158,111,46,209,94,170,231,15,36,227,174,67,206,35,110,131,142,99,46,195,78,192,161,79,65,177,221,6,159,118,43,205,205,38,69,134,23,243,161,74,64,183,160,13,139,116,102,147,128,118,62,207,78,192,161},
    {79,65,177,189,77,136,113,33,206,252,4,76,203,92,177,254,15,14,241,187,86,194,35,124,144,158,106,39,207,100,163,238,3,14,227,174,67,206,35,110,131,142,0,97,143,1,241,157,70,95,182,235,13,141,102,5,198,215,51,97,138,0,247,224,77,75,180,166,83,192,53,124,143,142,0,97,143,1,241,253},
    {13,72,177,225,14,188,68,12,139,159,115,34,195,88,179,226,3,28,243,167,74,194,9,110,131,142,99,46,195,78,163,238,3,14,227,205,12,130,108,60,240,203,50,123,134,0,224,171,104,75,186,254,12,135,109,58,141,192,38,121,203,95,173,254,15,14,128,225,15,129,113,125,141,200,49,97,142,60,196,140},
    {11,26,243,162,67,220,51,126,143,142,116,62,202,71,137,238,3,14,227,174,67,206,35,51,138,164,99,46,195,78,230,162,80,75,170,232,67,131,108,42,198,142,126,51,195,76,250,171,79,66,172,249,65,206,119,38,198,192,73,46,195,78,163,238,3,14,227,226,2,157,102,60,141,237,44,98,140,28,163,243},
    {3,109,172,226,12,156,80,43,210,219,38,96,128,11,173,160,70,89,235,245,105,206,35,110,131,142,99,46,195,78,163,238,3,109,172,226,12,156,80,43,210,219,38,96,128,11,200,171,90,94,172,231,13,154,45,32,198,217,107,62,205,94,175,238,96,65,175,225,17,221,45,40,209,193,46,92,164,44,171,252},
    {22,27,239,174,81,223,51,98,131,158,106,39,207,100,163,238,3,14,227,174,67,206,35,110,131,142,0,97,143,1,241,157,70,95,182,235,13,141,102,5,198,215,51,97,138,0,247,224,77,75,180,166,83,192,48,118,143,142,0,97,143,1,241,253,13,72,177,225,14,188,68,12,139,159,123,62,207,78,178,253},
    {19,2,227,190,74,199,47,68,131,142,99,46,195,78,163,238,3,14,227,174,32,129,111,33,209,253,38,127,150,11,237,173,70,101,166,247,19,129,106,32,215,128,45,107,148,70,179,224,22,30,239,174,32,129,111,33,209,157,109,104,145,1,238,156,100,108,235,188,86,219,47,110,145,155,118,34,195,92,177,254},
    {10,7,239,132,67,206,35,110,131,142,99,46,195,78,163,238,96,65,175,225,17,189,102,63,214,203,45,109,134,37,230,183,83,65,170,224,23,192,109,43,212,134,115,32,213,92,175,238,96,65,175,225,17,221,45,40,209,193,46,92,164,44,171,255,27,30,239,174,82,221,51,98,131,158,106,39,207,100,163,238},
    {3,14,227,174,67,206,35,110,131,142,0,97,143,1,241,157,70,95,182,235,13,141,102,5,198,215,51,97,138,0,247,224,77,75,180,166,82,192,51,98,131,237,44,98,140,28,176,224,69,92,172,227,49,169,65,102,145,155,118,34,195,92,178,254,15,14,243,167,74,228,35,110,131,142,99,46,195,78,254,231},
    {41,14,227,174,67,139,111,61,198,164,99,46,195,78,163,238,3,14,175,239,16,139,113,96,224,193,47,97,145,78,190,238,96,65,175,225,17,189,102,63,214,203,45,109,134,64,237,171,84,6,184,132,67,206,35,110,131,142,99,46,195,78,163,238,96,65,175,225,17,189,102,63,214,203,45,109,134,37,230,183},
    {83,65,170,224,23,192,109,43,212,134,115,32,211,66,163,141,76,66,172,252,80,192,101,60,204,195,17,73,161,70,177,254,19,2,227,188,83,222,47,110,145,158,115,39,202,66,137,238,3,14,227,174,67,206,35,110,131,142,99,77,140,2,236,188,112,75,178,251,6,128,96,43,232,203,58,126,140,7,237,186},
    {13,64,166,249,75,222,45,125,155,130,99,77,140,2,236,188,16,0,165,252,12,131,81,9,225,134,116,62,207,78,180,254,15,14,244,190,74,199,47,68,131,142,99,46,195,78,163,238,3,14,227,174,32,129,111,33,209,253,38,127,150,11,237,173,70,101,166,247,19,129,106,32,215,128,45,107,148,70,179,224},
    {22,30,239,174,32,129,111,33,209,157,109,104,145,1,238,156,100,108,235,188,86,219,47,110,145,155,118,34,195,92,182,251,10,7,239,132,67,206,35,110,131,142,99,46,195,78,163,238,96,65,175,225,17,189,102,63,214,203,45,109,134,37,230,183,83,65,170,224,23,192,109,43,212,134,115,32,213,92,175,238},
    {96,65,175,225,17,221,45,40,209,193,46,92,164,44,171,249,19,2,227,185,83,194,35,121,147,135,106,34,233,78,163,238,3,14,227,174,67,206,35,110,131,237,44,98,140,28,208,171,82,91,166,224,0,139,72,43,218,222,44,103,141,26,173,160,70,89,235,191,77,222,47,110,224,193,47,97,145,93,173,168},
    {81,65,174,220,36,172,43,124,147,158,111,46,209,94,179,226,3,28,243,190,74,199,9,110,131,142,99,46,195,78,163,179,10,36,227,174,67,206,102,32,199,164,73,46,195,78,163,162,66,93,166,252,77,161,101,40,208,203,55,46,222,78,213,171,64,90,172,252,81,192,109,43,212,134,110,63,205,91,175,238},
    {14,30,237,186,74,228,35,110,131,142,47,111,144,11,241,224,115,79,177,235,13,154,35,115,131,194,34,108,134,2,137,238,3,14,227,218,20,139,102,32,240,203,49,120,138,13,230,244,96,92,166,239,23,139,43,34,194,221,38,124,207,78,247,185,70,75,173,194,2,157,102,60,234,192,37,97,207,78,248,129},
    {69,72,176,235,23,206,62,110,245,203,32,122,140,28,177,224,77,75,180,166,82,192,54,98,131,158,109,58,202,19,170,244,115,66,162,247,75,199,9,110,131,142,99,124,134,26,246,188,77,14,175,239,16,139,113,68,198,192,39,4,233,67,174,238,120,117,227,186,77,206,80,7,240,250,6,67,162,78,199,139},
    {3,96,140,218,42,168,74,13,226,237,10,65,173,43,208,238,119,237,66,205,55,167,64,15,240,142,30,83,233,45,236,188,70,0,141,225,23,135,101,55,131,147,99,104,150,0,224,186,74,65,173,166,23,135,119,34,198,130,99,99,134,29,240,175,68,75,239,174,7,155,113,47,215,199,44,96,202,100,163,238},
    {3,14,183,239,16,133,45,61,211,207,52,96,203,8,246,160,64,90,170,225,13,198,42,68,131,142,99,46,195,78,163,238,79,65,160,239,15,206,64,47,209,202,99,51,195,39,237,189,87,79,173,237,6,192,109,43,212,134,97,72,145,15,238,171,1,7,201,174,67,206,35,110,131,142,99,77,130,28,231,224},
    {112,71,185,235,67,211,35,27,231,199,46,60,205,8,241,161,78,97,165,232,16,139,119,102,145,154,115,34,195,90,187,231,41,14,227,174,67,206,35,110,131,237,34,124,135,64,211,161,80,71,183,231,12,128,35,115,131,251,7,103,142,92,173,160,70,89,235,191,79,206,49,126,143,142,114,34,195,67,181,254},
    {10,36,227,174,67,206,35,110,131,142,0,111,145,10,173,140,66,77,168,233,17,129,118,32,199,237,44,98,140,28,176,238,30,14,128,225,15,129,113,125,141,200,49,97,142,60,196,140,11,31,251,162,67,223,49,98,131,159,118,39,233,78,163,238,3,14,227,174,67,173,98,60,199,128,1,111,128,5,228,188},
    {76,91,173,234,55,156,98,32,208,222,34,124,134,0,224,183,3,19,227,190,77,223,54,68,131,142,99,46,195,78,163,238,96,79,177,234,77,172,108,60,199,203,49,93,138,20,230,158,74,86,166,226,67,211,35,126,169,142,99,46,195,78,163,238,3,109,162,252,7,192,89,7,205,202,38,118,195,83,163,251},
    {19,36,227,174,67,206,35,110,131,142,0,111,145,10,173,158,66,92,166,224,23,206,62,110,224,193,49,107,205,61,224,188,70,75,173,201,22,135,45,11,205,207,33,98,134,10,163,175,77,74,227,205,12,156,102,96,240,205,49,107,134,0,196,187,74,14,172,252,67,173,108,60,198,128,19,79,177,43,205,154},
    {41,36,227,174,67,206,35,110,131,142,47,97,128,15,239,238,96,65,177,224,6,156,35,115,131,231,45,125,151,15,237,173,70,0,173,235,20,198,33,27,234,237,44,124,141,11,241,236,10,36,227,174,67,206,35,110,131,142,0,97,145,0,230,188,13,109,172,252,13,139,113,28,194,202,42,123,144,78,190,238},
    {118,106,170,227,77,128,102,57,139,158,111,46,219,71,137,238,3,14,227,174,67,206,35,13,204,220,45,107,145,64,211,175,81,75,173,250,67,211,35,13,194,220,39,4,233,78,163,238,3,14,227,174,67,130,108,45,194,194,99,93,151,28,236,165,70,14,254,174,42,128,112,58,194,192,32,107,205,0,230,185},
    {11,12,150,199,48,154,113,33,200,203,97,39,233,78,163,238,3,14,227,174,67,189,119,60,204,197,38,32,183,6,234,173,72,64,166,253,16,206,62,110,146,128,123,4,195,78,163,238,3,14,227,174,48,154,113,33,200,203,109,77,140,2,236,188,3,19,227,205,12,156,102,96,247,230,6,67,166,64,192,188},
    {74,67,176,225,13,228,35,110,131,142,99,46,195,78,208,186,81,65,168,235,77,175,115,62,207,215,16,122,145,1,232,171,110,65,167,235,67,211,35,11,205,219,46,32,162,30,243,162,90,125,183,252,12,133,102,3,204,202,38,32,161,1,241,170,70,92,201,174,67,206,35,110,131,142,99,93,151,28,236,165},
    {70,0,147,239,17,139,109,58,131,147,99,77,130,28,231,196,41,14,227,174,67,206,35,110,131,194,44,109,130,2,163,128,76,90,170,232,36,156,98,42,131,147,99,71,141,29,247,175,77,77,166,160,13,139,116,102,129,251,10,73,145,15,231,167,70,64,183,172,74,228,35,110,131,142,99,46,195,78,205,161},
    {87,71,165,201,17,143,103,96,224,193,47,97,145,78,190,238,96,65,175,225,17,189,102,63,214,203,45,109,134,64,237,171,84,6,184,132,67,206,35,110,131,142,99,46,195,78,163,238,96,65,175,225,17,189,102,63,214,203,45,109,134,37,230,183,83,65,170,224,23,192,109,43,212,134,115,32,211,94,175,238},
    {96,65,175,225,17,221,45,40,209,193,46,92,164,44,171,252,22,27,239,174,87,219,47,110,148,155,106,39,207,100,163,238,3,14,227,174,67,206,35,110,131,142,0,97,143,1,241,157,70,95,182,235,13,141,102,5,198,215,51,97,138,0,247,224,77,75,180,166,83,192,48,123,143,142,0,97,143,1,241,253},
    {13,72,177,225,14,188,68,12,139,159,119,62,207,78,178,251,15,14,241,187,74,199,47,68,131,142,99,46,195,78,163,238,3,14,227,174,32,129,111,33,209,253,38,127,150,11,237,173,70,101,166,247,19,129,106,32,215,128,45,107,148,70,179,224,22,30,239,174,32,129,111,33,209,157,109,104,145,1,238,156},
    {100,108,235,188,86,219,47,110,146,158,115,34,195,95,177,254,10,7,239,132,67,206,35,110,131,142,99,46,195,78,163,238,96,65,175,225,17,189,102,63,214,203,45,109,134,37,230,183,83,65,170,224,23,192,109,43,212,134,115,32,212,91,175,238,96,65,175,225,17,221,45,40,209,193,46,92,164,44,171,255},
    {19,30,239,174,82,222,47,110,145,158,106,39,207,100,163,238,3,14,227,174,67,206,35,110,131,142,0,97,143,1,241,157,70,95,182,235,13,141,102,5,198,215,51,97,138,0,247,224,77,75,180,166,82,192,51,126,143,142,0,97,143,1,241,253,13,72,177,225,14,188,68,12,139,156,118,59,207,78,183,251},
    {15,14,244,187,74,199,9,110,131,142,99,46,195,78,163,179,10,36,227,174,67,206,35,110,131,142,13,97,151,7,229,137,81,79,167,160,51,143,113,43,205,218,99,51,195,61,247,188,76,69,166,132,67,206,35,110,131,142,99,46,151,15,225,162,70,0,170,224,16,139,113,58,139,237,44,124,134,64,226,173},
    {87,71,181,235,45,129,119,39,197,215,4,124,130,10,234,171,77,90,176,162,67,160,108,58,202,200,4,124,130,10,170,196,41,14,227,174,67,206,35,110,131,194,44,109,130,2,163,154,74,90,175,235,47,206,62,110,234,192,48,122,130,0,224,171,13,64,166,249,75,204,87,43,219,218,15,111,129,11,239,236},
    {10,36,227,174,67,206,35,110,131,142,23,103,151,2,230,130,13,125,170,244,6,206,62,110,246,234,42,99,209,64,237,171,84,6,242,162,67,195,50,120,143,142,115,34,195,95,181,231,41,14,227,174,67,206,35,110,131,250,42,122,143,11,207,224,115,65,176,231,23,135,108,32,131,147,99,91,167,7,238,252},
    {13,64,166,249,75,222,47,110,146,158,111,46,211,66,163,248,10,36,227,174,67,206,35,110,131,142,23,103,151,2,230,130,13,108,162,237,8,137,113,33,214,192,39,90,145,15,237,189,83,79,177,235,13,141,122,110,158,142,114,4,195,78,163,238,3,14,227,174,55,135,119,34,198,226,109,90,134,22,247,238},
    {30,14,176,250,17,135,109,41,141,219,51,126,134,28,171,186,74,90,175,235,74,228,35,110,131,142,99,46,195,78,215,167,87,66,166,194,77,186,102,54,215,237,44,98,140,28,176,238,30,14,128,225,17,139,45,26,235,235,14,75,205,45,241,167,78,93,172,224,105,206,35,110,131,142,99,46,195,58,234,186},
    {79,75,143,160,37,129,109,58,131,147,99,75,141,27,238,224,101,65,173,250,77,169,108,58,203,207,46,76,140,2,231,196,3,14,227,174,67,206,35,110,247,199,55,98,134,34,173,154,70,86,183,221,10,148,102,110,158,142,114,62,233,78,163,238,3,14,227,174,67,186,106,58,207,203,15,32,183,11,251,186},
    {123,111,175,231,4,128,110,43,205,218,99,51,195,43,237,187,78,0,151,235,27,154,91,15,207,199,36,96,142,11,237,186,13,98,166,232,23,228,35,110,131,142,99,46,195,78,215,167,87,66,166,194,77,180,74,32,199,203,59,46,222,78,182,255,41,14,227,174,67,206,35,110,131,250,42,122,143,11,207,224},
    {115,79,177,235,13,154,35,115,131,237,34,124,135,100,137,238,3,14,227,174,67,206,35,34,204,205,34,98,195,35,240,169,111,14,254,174,42,128,112,58,194,192,32,107,205,0,230,185,11,12,151,235,27,154,79,47,193,203,47,44,202,100,163,238,3,14,227,174,67,206,78,61,196,226,109,93,138,20,230,238},
    {30,14,150,202,10,131,49,96,205,203,52,38,210,66,163,227,18,24,239,174,83,194,35,127,155,135,73,46,195,78,163,238,3,14,227,195,16,137,79,96,243,193,48,103,151,7,236,160,3,19,227,219,39,135,110,124,141,192,38,121,203,94,175,238,18,30,239,174,83,194,35,124,145,135,73,46,195,78,163,238},
    {3,14,227,195,16,137,79,96,225,207,32,101,132,28,236,187,77,74,151,252,2,128,112,62,194,220,38,96,128,23,163,243,3,31,201,174,67,206,35,110,131,142,99,67,144,9,207,224,119,75,187,250,67,211,35,35,198,221,48,111,132,11,137,238,3,14,227,174,67,206,35,3,208,201,15,32,183,11,251,186},
    {96,65,175,225,17,221,35,115,131,237,44,124,134,64,215,134,102,99,134,160,48,135,111,56,198,220,23,107,155,26,137,238,3,14,227,174,67,206,35,3,208,201,15,32,165,1,237,186,3,19,227,203,13,155,110,96,229,193,45,122,205,41,236,186,75,79,174,132,67,206,35,110,131,142,99,46,174,29,228,130},
    {13,122,166,246,23,189,106,52,198,142,126,46,210,94,137,238,3,14,227,174,67,206,35,3,208,201,15,32,183,11,251,186,123,111,175,231,4,128,110,43,205,218,99,51,195,43,237,187,78,0,151,235,27,154,91,15,207,199,36,96,142,11,237,186,13,98,166,232,23,228,35,110,131,142,99,46,195,78,206,189},
    {68,98,237,212,42,128,103,43,219,142,126,46,214,95,137,238,3,14,227,174,67,206,35,3,208,201,15,32,179,15,241,171,77,90,227,179,67,173,98,60,199,164,73,46,195,78,163,238,3,14,227,218,20,139,102,32,240,203,49,120,138,13,230,244,96,92,166,239,23,139,43,13,194,220,39,34,195,58,244,171},
    {70,64,138,224,5,129,45,32,198,217,107,62,205,93,182,226,3,107,173,251,14,192,70,47,208,199,45,105,176,26,250,162,70,0,129,239,0,133,47,110,230,192,54,99,205,43,226,189,74,64,164,202,10,156,102,45,215,199,44,96,205,33,246,186,10,2,227,245,105,206,35,110,131,142,99,46,195,78,163,238},
    {3,126,172,253,10,154,106,33,205,142,126,46,182,42,234,163,17,0,173,235,20,198,50,98,131,131,113,59,214,66,163,255,15,14,238,184,83,199,9,110,131,142,99,46,195,78,163,179,10,20,147,226,2,151,43,103,169,164,99,46,195,78,163,238,3,14,183,239,16,133,45,57,194,199,55,38,135,27,241,175},
    {87,71,172,224,67,129,113,110,144,135,73,4,195,78,163,238,3,14,227,174,15,129,96,47,207,142,44,123,151,58,244,171,70,64,227,179,67,186,116,43,198,192,16,107,145,24,234,173,70,20,128,252,6,143,119,43,139,237,34,124,135,66,163,154,84,75,166,224,42,128,101,33,141,192,38,121,203,94,173,253},
    {15,14,134,224,22,131,45,11,194,221,42,96,132,61,247,183,79,75,237,223,22,143,103,98,131,235,45,123,142,64,198,175,80,71,173,233,39,135,113,43,192,218,42,97,141,64,202,160,10,2,227,245,105,206,35,110,131,142,99,46,195,78,163,238,3,126,172,253,10,154,106,33,205,142,126,46,182,42,234,163},
    {17,0,173,235,20,198,50,98,131,156,115,34,195,95,175,238,14,24,243,167,105,206,35,110,131,142,99,46,195,19,170,196,3,14,227,174,67,206,35,110,204,219,55,90,148,11,230,160,25,126,175,239,26,198,42,68,131,142,99,46,195,78,163,238,76,91,183,218,20,139,102,32,141,237,44,99,147,2,230,186},
    {70,74,249,205,12,128,109,43,192,218,107,104,150,0,224,186,74,65,173,166,74,228,35,110,131,142,99,46,195,78,163,238,3,14,165,225,17,206,106,42,219,130,99,105,195,7,237,238,74,94,162,231,17,157,43,13,204,220,38,32,130,13,247,167,85,75,141,225,23,135,101,55,228,220,34,106,138,11,237,186},
    {80,7,227,234,12,228,35,110,131,142,99,46,195,78,163,238,3,14,227,174,67,206,106,40,131,201,99,51,222,78,205,161,87,71,165,201,17,143,103,110,215,198,38,96,233,78,163,238,3,14,227,174,67,206,35,110,131,142,99,46,195,78,163,238,3,90,162,236,15,139,45,60,198,195,44,120,134,70,192,161},
    {81,75,237,239,0,154,106,56,198,224,44,122,138,8,250,137,81,79,167,231,6,128,119,61,143,142,42,106,155,71,137,238,3,14,227,174,67,206,35,110,131,142,99,46,195,78,163,238,3,14,227,236,17,139,98,37,169,142,99,46,195,78,163,238,3,14,227,174,67,206,35,110,131,203,45,106,233,78,163,238},
    {3,14,227,174,67,206,35,110,131,203,45,106,233,78,163,238,3,14,227,174,67,206,35,110,131,237,34,124,135,84,199,171,80,90,177,225,26,198,42,68,131,142,99,46,195,78,163,238,70,64,167,167,105,206,35,110,131,203,45,106,202,100,230,160,71,36,201,163,78,206,88,21,131,155,109,46,174,33,205,135},
    {119,97,145,203,44,206,71,11,131,252,6,74,195,55,163,140,118,104,133,203,49,206,64,7,237,235,14,205,98,58,202,141,108,14,235,207,45,186,74,99,239,239,4,46,213,94,163,136,115,125,234,174,62,179,9,34,204,205,34,98,195,2,226,189,87,101,170,224,6,131,98,58,202,205,16,109,130,0,163,243},
    {3,30,201,220,22,128,80,43,209,216,42,109,134,64,203,171,66,92,183,236,6,143,119,116,224,193,45,96,134,13,247,230,69,91,173,237,23,135,108,32,139,135,73,46,195,78,163,167,69,14,173,225,23,206,64,33,209,203,109,125,128,28,234,190,87,111,160,250,10,152,102,110,215,198,38,96,195,28,230,186},
    {86,92,173,174,6,128,103,68,131,142,99,46,143,1,224,175,79,14,173,225,20,206,62,110,204,221,109,109,143,1,224,165,11,7,201,174,67,206,35,39,197,142,45,97,148,78,174,238,79,79,176,250,40,135,109,43,206,207,55,103,128,61,224,175,77,14,255,174,83,192,51,122,131,218,43,107,141,78,241,171},
    {87,91,177,224,67,139,109,42,169,142,99,46,195,2,226,189,87,101,170,224,6,131,98,58,202,205,16,109,130,0,163,243,3,64,172,249,105,228,35,110,131,142,47,97,128,15,239,238,78,91,177,234,6,156,102,60,131,147,99,77,140,28,230,224,69,71,173,234,46,155,113,42,198,220,38,124,195,15,237,170},
    {3,109,172,252,6,192,101,39,205,202,14,123,145,10,230,188,70,92,235,167,105,206,35,110,131,199,37,46,142,27,241,170,70,92,166,252,67,143,109,42,131,195,54,124,135,11,241,171,81,0,128,230,2,156,98,45,215,203,49,46,151,6,230,160,41,14,227,174,67,206,35,110,131,194,44,109,130,2,163,166},
    {81,94,227,179,67,131,118,60,199,203,49,107,145,64,192,166,66,92,162,237,23,139,113,116,229,199,45,106,165,7,241,189,87,109,171,231,15,138,43,108,235,219,46,111,141,1,234,170,113,65,172,250,51,143,113,58,129,135,73,46,195,78,163,238,3,14,227,231,5,206,107,60,211,142,55,102,134,0,137,238},
    {3,14,227,174,67,206,35,110,131,142,99,103,133,78,237,161,87,14,128,225,17,139,45,5,202,192,38,99,130,26,234,173,97,91,165,232,6,156,45,62,204,221,42,122,138,1,237,189,120,67,182,252,7,139,113,43,209,243,99,122,139,11,237,196,3,14,227,174,67,206,35,110,131,142,99,46,195,78,163,238},
    {96,65,177,235,77,165,106,32,198,195,34,122,138,13,193,187,69,72,166,252,77,158,108,61,202,218,42,97,141,29,216,163,86,92,167,235,17,139,113,19,131,147,99,117,158,100,163,238,3,14,227,174,67,206,35,110,131,142,38,96,135,100,163,238,3,14,227,174,67,206,35,110,131,142,47,97,128,15,239,238},
    {83,65,176,204,22,136,35,115,131,237,44,124,134,64,200,167,77,75,174,239,23,135,96,12,214,200,37,107,145,64,243,161,80,71,183,231,12,128,112,21,206,219,49,106,134,28,230,188,126,36,227,174,67,206,35,110,131,142,99,46,195,78,247,175,65,66,166,160,10,128,112,43,209,218,107,126,140,29,193,187},
    {69,2,227,245,19,129,112,110,158,142,43,124,147,64,211,161,80,71,183,231,12,128,47,110,215,142,126,46,141,1,244,226,3,88,166,226,67,211,35,38,209,222,109,79,144,29,230,163,65,66,186,194,10,128,102,47,209,248,38,98,140,13,234,186,90,83,234,132,67,206,35,110,131,142,99,46,195,78,163,238},
    {74,72,227,173,19,129,112,12,214,200,99,48,195,88,163,186,75,75,173,174,23,143,97,34,198,128,49,107,142,1,245,171,11,94,172,253,33,155,101,98,131,159,106,46,134,0,231,196,3,14,227,174,67,206,35,110,198,192,39,4,195,78,163,238,70,64,167,132,105,206,35,110,131,222,32,111,143,2,171,168},
    {86,64,160,250,10,129,109,102,138,164,99,46,195,78,163,238,3,14,183,239,1,130,102,96,202,192,48,107,145,26,171,141,76,92,166,160,40,135,109,43,206,207,55,103,128,44,246,168,69,75,177,160,19,135,109,41,208,130,99,66,140,13,226,162,115,66,162,247,6,156,57,9,198,218,13,107,151,25,236,188},
    {72,126,170,224,4,198,42,103,169,142,99,46,195,78,163,238,3,71,165,174,64,173,108,60,198,128,8,103,141,11,238,175,87,71,160,204,22,136,101,43,209,128,51,103,141,9,240,238,29,14,245,174,23,134,102,32,131,218,34,108,143,11,173,188,70,67,172,248,6,198,64,33,209,203,109,69,138,0,230,163},
    {66,90,170,237,33,155,101,40,198,220,109,126,138,0,228,189,15,14,242,167,67,139,109,42,169,142,99,46,195,11,237,170,10,36,166,224,7,199,9,68,243,194,34,119,134,28,240,224,115,66,162,247,6,156,81,43,206,193,53,103,141,9,185,141,76,64,173,235,0,154,43,40,214,192,32,122,138,1,237,230},
    {79,75,162,248,10,128,100,30,207,220,106,4,195,78,163,238,74,72,227,205,12,156,102,96,232,199,45,107,142,15,247,167,64,108,182,232,5,139,113,96,211,193,48,103,151,7,236,160,80,117,175,235,2,152,106,32,196,254,47,124,190,78,247,166,70,64,201,174,67,206,35,110,131,142,99,77,140,28,230,224},
    {104,71,173,235,14,143,119,39,192,236,54,104,133,11,241,224,83,65,176,231,23,135,108,32,208,245,47,107,130,24,234,160,68,126,175,252,62,206,62,110,205,199,47,4,195,78,163,238,70,64,167,132,6,128,103,103,169,164,0,97,145,11,173,169,70,90,134,246,2,141,119,30,202,192,36,75,137,11,215,238},
    {30,14,165,251,13,141,119,39,204,192,107,39,233,78,163,238,3,71,165,174,64,173,108,60,198,128,8,103,141,11,238,175,87,71,160,204,22,136,101,43,209,128,51,103,141,9,240,238,30,19,227,190,67,154,107,43,205,142,49,107,151,27,241,160,3,30,237,190,91,222,35,43,205,202,73,46,195,78,163,162},
    {76,77,162,226,67,157,118,35,131,147,99,62,233,78,163,238,3,72,172,252,67,177,47,110,213,142,42,96,195,7,243,175,74,92,176,166,32,129,113,43,141,229,42,96,134,3,226,186,74,77,129,251,5,136,102,60,141,222,42,96,132,29,170,238,71,65,227,253,22,131,35,115,131,221,54,99,195,69,163,184},
    {3,75,173,234,105,206,35,110,131,194,44,109,130,2,163,175,85,73,227,179,67,157,118,35,131,129,99,45,160,1,241,171,13,101,170,224,6,131,98,58,202,205,1,123,133,8,230,188,13,94,170,224,4,157,9,110,131,142,99,124,134,26,246,188,77,14,174,239,23,134,45,45,207,207,46,126,203,15,245,169},
    {15,14,243,160,83,216,51,98,131,158,109,62,218,91,170,196,70,64,167,132,105,195,46,110,248,245,99,56,205,78,199,139,119,107,128,205,42,45,144,0,131,231,13,93,183,47,205,154,224,175,141,203,34,206,65,15,240,239,7,79,195,43,205,238,103,111,151,193,48,206,81,11,226,226,6,93,195,51,222,196},
    {96,65,177,235,77,135,112,30,207,207,58,107,145,47,239,167,85,75,227,179,67,136,118,32,192,218,42,97,141,70,243,231,41,14,227,174,67,156,102,58,214,220,45,46,147,78,226,160,71,14,179,160,32,134,98,60,194,205,55,107,145,78,226,160,71,14,179,160,32,134,98,60,194,205,55,107,145,84,197,167},
    {77,74,133,231,17,157,119,13,203,199,47,106,203,76,203,187,78,79,173,225,10,138,33,103,131,207,45,106,195,30,173,141,75,79,177,239,0,154,102,60,141,230,54,99,130,0,236,167,71,0,139,235,2,130,119,38,131,144,99,62,195,15,237,170,3,94,237,205,11,143,113,47,192,218,38,124,217,40,234,160},
    {71,104,170,252,16,154,64,38,202,194,39,38,193,38,246,163,66,64,172,231,7,188,108,33,215,254,34,124,151,76,170,238,93,19,227,224,10,130,9,43,205,202,73,4,160,1,241,171,13,77,171,235,0,133,83,34,194,215,38,124,183,1,236,162,3,19,227,232,22,128,96,58,202,193,45,38,147,2,226,183},
    {70,92,239,174,23,129,108,34,237,207,46,107,202,100,163,238,3,14,170,232,67,128,108,58,131,222,47,111,154,11,241,238,87,70,166,224,67,156,102,58,214,220,45,46,133,15,239,189,70,14,166,224,7,228,35,110,131,142,47,97,128,15,239,238,65,94,227,179,67,158,111,47,218,203,49,52,165,7,237,170},
    {101,71,177,253,23,173,107,39,207,202,107,44,161,15,224,165,83,79,160,229,65,199,9,110,131,142,99,98,140,13,226,162,3,77,171,239,17,206,62,110,211,194,34,119,134,28,173,141,75,79,177,239,0,154,102,60,169,164,99,46,195,78,234,168,3,76,179,174,23,134,102,32,169,142,99,46,195,78,163,238},
    {3,71,165,174,1,158,57,8,202,192,39,72,138,28,240,186,96,70,170,226,7,198,119,33,204,194,13,111,142,11,170,238,87,70,166,224,67,156,102,58,214,220,45,46,151,28,246,171,3,75,173,234,105,206,35,110,131,142,99,46,195,8,236,188,3,113,239,174,23,206,106,32,131,199,51,111,138,28,240,230},
    {65,94,249,201,6,154,64,38,202,194,39,124,134,0,171,231,10,14,167,225,105,206,35,110,131,142,99,46,195,78,163,238,3,71,165,174,23,212,74,61,226,134,97,90,140,1,239,236,10,14,162,224,7,206,43,58,141,224,34,99,134,78,190,243,3,90,172,225,15,160,98,35,198,142,44,124,195,29,247,188},
    {74,64,164,160,5,135,109,42,139,221,55,124,138,0,228,224,79,65,180,235,17,198,119,96,237,207,46,107,202,66,163,189,87,92,170,224,4,192,111,33,212,203,49,38,151,1,236,162,109,79,174,235,74,199,42,110,215,198,38,96,233,78,163,238,3,14,227,174,67,206,35,110,131,142,99,46,195,28,230,186},
    {86,92,173,174,23,156,118,43,169,142,99,46,195,78,163,238,3,14,227,174,67,139,109,42,169,142,99,46,195,78,163,238,3,75,173,234,105,206,35,110,131,203,45,106,233,100,163,238,3,14,170,232,67,141,107,47,209,142,55,102,134,0,137,238,3,14,227,174,67,206,35,39,197,142,32,102,130,28,185,136},
    {74,64,167,200,10,156,112,58,224,198,42,98,135,70,247,161,76,66,141,239,14,139,42,110,215,198,38,96,195,28,230,186,86,92,173,174,23,156,118,43,131,203,45,106,233,78,163,238,3,14,227,174,67,136,108,60,131,241,111,46,151,78,234,160,3,71,179,239,10,156,112,102,192,198,34,124,217,41,230,186},
    {96,70,170,226,7,156,102,32,139,135,106,46,135,1,137,238,3,14,227,174,67,206,35,110,131,142,99,103,133,78,247,244,106,93,130,166,65,186,108,33,207,140,106,46,130,0,231,238,11,90,237,192,2,131,102,110,158,147,99,122,140,1,239,128,66,67,166,174,12,156,35,61,215,220,42,96,132,64,229,167},
    {77,74,235,253,23,156,106,32,196,128,47,97,148,11,241,230,87,0,141,239,14,139,42,98,131,221,55,124,138,0,228,224,79,65,180,235,17,198,119,33,204,194,13,111,142,11,170,231,10,14,183,230,6,128,9,110,131,142,99,46,195,78,163,238,3,14,227,174,67,206,35,60,198,218,54,124,141,78,247,188},
    {86,75,201,174,67,206,35,110,131,142,99,46,195,78,163,171,77,74,201,174,67,206,35,110,131,142,99,107,141,10,137,238,3,14,227,235,13,138,9,68,131,142,99,46,145,11,247,187,81,64,227,232,2,130,112,43,169,203,45,106,233,100,239,161,64,79,175,174,0,143,96,38,198,202,14,111,147,78,190,238},
    {77,71,175,132,15,129,96,47,207,142,47,111,144,26,206,175,83,125,160,239,13,206,62,110,147,164,0,97,145,11,173,169,70,90,142,239,19,206,62,110,197,219,45,109,151,7,236,160,11,7,201,174,67,206,35,34,204,205,34,98,195,0,236,185,3,19,227,225,16,192,96,34,204,205,40,38,202,100,163,238},
    {3,14,170,232,67,141,98,45,203,203,39,67,130,30,163,175,77,74,227,237,2,141,107,43,199,227,34,126,205,62,226,188,70,64,183,174,94,211,35,25,204,220,40,125,147,15,224,171,3,79,173,234,67,141,98,45,203,203,39,67,130,30,185,136,74,64,167,200,10,156,112,58,224,198,42,98,135,70,161,157},
    {83,79,180,224,16,204,42,110,215,198,38,96,233,78,163,238,3,14,227,174,67,156,102,58,214,220,45,46,128,15,224,166,70,74,142,239,19,228,35,110,131,142,38,96,135,100,163,238,3,14,170,232,67,128,108,57,131,131,99,98,130,29,247,131,66,94,144,237,2,128,35,114,131,158,109,54,195,26,235,171},
    {77,14,177,235,23,155,113,32,131,205,34,109,139,11,231,131,66,94,227,235,13,138,9,110,131,142,99,98,130,29,247,131,66,94,144,237,2,128,35,115,131,192,44,121,233,100,163,238,3,14,165,225,17,206,92,98,131,193,99,103,141,78,234,190,66,71,177,253,75,185,108,60,200,221,51,111,128,11,185,137},
    {70,90,128,230,10,130,103,60,198,192,107,39,202,78,231,161,41,14,227,174,67,206,35,110,131,199,37,46,140,84,197,167,77,74,133,231,17,157,119,13,203,199,47,106,203,76,192,161,74,64,128,225,13,154,98,39,205,203,49,44,202,78,226,160,71,14,172,180,37,135,109,42,229,199,49,125,151,45,235,167},
    {79,74,235,172,48,158,98,57,205,221,97,39,195,26,235,171,77,36,227,174,67,206,35,110,131,142,99,46,195,78,224,175,64,70,166,234,46,143,115,110,158,142,44,4,195,78,163,238,3,14,227,174,67,206,35,110,209,203,55,123,145,0,163,161,41,14,227,174,67,206,35,110,131,203,45,106,233,78,163,238},
    {3,75,173,234,105,206,35,110,131,220,38,122,150,28,237,238,77,71,175,132,6,128,103,68,169,237,44,124,134,64,234,189,115,66,162,247,6,156,74,32,239,193,33,108,154,78,190,238,69,91,173,237,23,135,108,32,139,135,73,46,195,78,163,167,69,14,128,225,17,139,45,28,204,219,45,106,167,15,247,175},
    {3,79,173,234,67,128,102,54,215,134,0,97,145,11,173,156,76,91,173,234,39,143,119,47,138,142,61,51,195,0,234,162,3,90,171,235,13,228,35,110,131,142,99,46,195,78,241,171,87,91,177,224,67,128,108,58,131,237,44,124,134,64,234,189,115,79,177,250,10,141,106,62,194,218,42,96,132,39,237,156},
    {76,91,173,234,75,199,9,110,131,142,99,107,141,10,137,196,3,14,227,174,15,129,96,47,207,142,32,102,130,28,163,243,3,98,172,237,2,130,83,34,194,215,38,124,205,45,235,175,81,79,160,250,6,156,9,110,131,142,99,98,140,13,226,162,3,70,177,254,67,211,35,45,203,207,49,46,130,0,231,238},
    {64,70,162,252,89,168,106,32,199,232,42,124,144,26,192,166,74,66,167,166,65,166,118,35,194,192,44,103,135,60,236,161,87,126,162,252,23,204,42,68,131,142,99,46,138,8,163,160,76,90,227,230,17,158,35,58,203,203,45,46,145,11,247,187,81,64,227,250,17,155,102,110,198,192,39,4,233,78,163,238},
    {3,66,172,237,2,130,35,45,203,203,32,101,179,1,240,238,30,14,171,252,19,192,83,33,208,199,55,103,140,0,137,238,3,14,227,231,5,206,64,33,209,203,109,103,144,39,237,184,74,93,170,236,15,139,35,47,205,202,99,77,140,28,230,224,106,64,181,231,16,167,109,58,198,220,45,111,143,64,224,161},
    {77,90,177,225,15,172,98,34,207,142,34,96,135,78,192,161,81,75,237,199,13,152,106,61,234,192,55,107,145,0,226,162,13,77,172,224,23,156,108,34,225,207,47,98,205,62,226,188,70,64,183,174,23,134,102,32,169,142,99,46,195,78,163,238,3,77,171,235,0,133,83,33,208,142,126,46,160,1,241,171},
    {13,103,173,248,10,157,74,32,215,203,49,96,130,2,173,173,76,64,183,252,12,130,65,47,207,194,109,94,140,29,234,186,74,65,173,132,67,206,35,110,198,192,39,4,233,78,163,238,3,66,172,237,2,130,35,35,194,222,99,51,195,45,236,188,70,0,164,235,23,163,98,62,131,207,45,106,195,45,236,188},
    {70,0,164,235,23,163,98,62,139,135,73,46,195,78,163,167,69,14,173,225,23,206,110,47,211,142,55,102,134,0,163,188,70,90,182,252,13,206,119,60,214,203,99,107,141,10,137,196,3,14,227,174,15,129,96,47,207,142,48,126,130,25,237,189,3,19,227,227,2,158,57,8,202,192,39,72,138,28,240,186},
    {96,70,170,226,7,198,33,29,211,207,52,96,144,76,170,196,3,14,227,174,10,136,35,61,211,207,52,96,144,78,226,160,71,14,224,253,19,143,116,32,208,148,4,107,151,45,235,167,79,74,177,235,13,198,42,110,157,142,115,46,151,6,230,160,41,14,227,174,67,206,35,110,131,194,44,109,130,2,163,173},
    {79,65,176,235,16,154,71,39,208,218,99,51,195,3,226,186,75,0,171,251,4,139,9,110,131,142,99,46,195,78,163,168,76,92,227,209,79,206,112,62,131,199,45,46,138,30,226,167,81,93,235,253,19,143,116,32,208,148,4,107,151,45,235,167,79,74,177,235,13,198,42,103,131,202,44,4,195,78,163,238},
    {3,14,227,174,67,206,35,110,202,200,99,125,147,84,202,189,98,6,225,204,2,157,102,30,194,220,55,44,202,78,247,166,70,64,201,174,67,206,35,110,131,142,99,46,195,78,163,238,3,14,227,226,12,141,98,34,131,202,42,125,151,78,190,238,11,77,171,235,0,133,83,33,208,142,110,46,144,30,173,158},
    {76,93,170,250,10,129,109,103,141,227,34,105,141,7,247,187,71,75,201,174,67,206,35,110,131,142,99,46,195,78,163,238,3,14,227,231,5,206,103,39,208,218,99,50,195,13,239,161,80,75,176,250,39,135,112,58,131,218,43,107,141,78,224,162,76,93,166,253,23,170,106,61,215,142,126,46,135,7,240,186},
    {3,75,173,234,105,206,35,110,131,142,99,46,195,78,163,238,3,75,173,234,105,206,35,110,131,142,99,46,195,11,237,170,41,14,227,174,67,206,35,110,131,199,37,46,128,2,236,189,70,93,183,202,10,157,119,110,157,142,118,59,211,78,247,166,70,64,227,252,6,154,118,60,205,142,55,124,150,11,163,171},
    {77,74,201,174,67,206,35,43,205,202,73,4,195,78,163,238,74,72,227,237,11,139,96,37,243,193,48,32,186,78,189,238,18,28,243,174,2,128,103,110,139,205,43,107,128,5,211,161,80,14,238,174,53,139,96,58,204,220,112,32,141,11,244,230,14,31,243,185,79,206,50,123,145,130,99,58,210,71,170,224},
    {110,79,164,224,10,154,118,42,198,142,127,46,210,90,179,238,87,70,166,224,105,206,35,110,131,142,99,46,195,28,230,186,86,92,173,174,23,156,118,43,169,142,99,46,195,11,237,170,41,36,227,174,67,206,113,43,215,219,49,96,195,8,226,162,80,75,201,235,13,138,9,68,224,193,49,107,205,8,234,160},
    {71,99,182,252,7,139,113,43,209,142,126,46,133,27,237,173,87,71,172,224,75,199,9,110,131,142,99,103,133,78,192,161,81,75,237,220,12,155,109,42,231,207,55,111,195,26,235,171,77,36,227,174,67,206,35,110,131,142,37,97,145,78,243,162,66,87,166,252,45,143,110,43,143,142,39,111,151,15,163,167},
    {77,14,179,239,10,156,112,102,224,193,49,107,205,60,236,187,77,74,135,239,23,143,42,110,199,193,73,46,195,78,163,238,3,14,227,174,67,206,35,39,197,142,55,119,147,11,236,168,11,74,162,250,2,199,35,115,158,142,97,122,130,12,239,171,1,14,162,224,7,206,43,42,194,218,34,32,177,1,239,171},
    {3,19,254,174,65,163,118,60,199,203,49,107,145,76,163,161,81,14,167,239,23,143,45,60,204,194,38,46,222,83,163,236,110,91,177,234,6,156,102,60,129,135,99,122,139,11,237,196,3,14,227,174,67,206,35,110,131,142,99,46,195,78,163,238,74,72,227,224,12,154,35,42,194,218,34,32,167,11,226,170},
    {3,79,173,234,67,128,108,58,131,202,34,122,130,64,200,167,79,66,166,234,67,154,107,43,205,164,99,46,195,78,163,238,3,14,227,174,67,206,35,110,131,142,99,46,195,78,239,161,64,79,175,174,19,130,113,110,158,142,19,98,130,23,230,188,80,20,133,231,13,138,69,39,209,221,55,77,139,7,239,170},
    {11,94,175,239,26,139,113,0,194,195,38,39,233,78,163,238,3,14,227,174,67,206,35,110,131,142,99,46,195,78,163,238,3,71,165,174,19,130,113,110,194,192,39,46,160,1,241,171,13,71,176,222,15,143,122,43,209,239,47,103,149,11,171,190,79,92,234,174,23,134,102,32,169,142,99,46,195,78,163,238},
    {3,14,227,174,67,206,35,110,131,142,99,46,195,78,163,238,3,92,166,250,22,156,109,110,211,194,49,4,195,78,163,238,3,14,227,174,67,206,35,110,131,142,99,46,195,78,163,238,70,64,167,132,67,206,35,110,131,142,99,46,195,78,163,238,3,14,227,174,6,128,103,68,131,142,99,46,195,78,163,238},
    {3,14,227,174,6,128,103,68,131,142,99,46,195,78,163,238,70,64,167,132,67,206,35,110,198,192,39,4,195,78,163,238,69,65,177,174,60,194,35,62,207,207,58,107,145,78,234,160,3,71,179,239,10,156,112,102,243,194,34,119,134,28,240,244,100,75,183,222,15,143,122,43,209,221,107,39,202,78,231,161},
    {41,14,227,174,67,206,35,110,131,199,37,46,160,1,241,171,13,71,176,222,15,143,122,43,209,239,47,103,149,11,171,190,79,79,186,235,17,199,35,47,205,202,99,77,140,28,230,224,64,70,166,237,8,190,111,47,218,203,49,90,140,1,239,230,83,66,162,247,6,156,47,110,129,229,45,103,133,11,161,231},
    {3,90,171,235,13,228,35,110,131,142,99,46,195,78,163,238,3,14,177,235,23,155,113,32,131,222,47,111,154,11,241,196,3,14,227,174,67,206,35,110,198,192,39,4,195,78,163,238,70,64,167,132,67,206,35,110,209,203,55,123,145,0,163,160,74,66,201,235,13,138,9,68,224,193,49,107,205,8,234,160},
    {71,125,171,235,17,135,101,40,131,147,99,104,150,0,224,186,74,65,173,166,74,228,35,110,131,142,42,104,195,45,236,188,70,0,145,225,22,128,103,10,194,218,34,46,151,6,230,160,41,14,227,174,67,206,35,110,131,200,44,124,195,30,239,175,90,75,177,192,2,131,102,98,131,202,34,122,130,78,234,160},
    {3,94,162,231,17,157,43,13,204,220,38,32,177,1,246,160,71,106,162,250,2,199,35,42,204,164,99,46,195,78,163,238,3,14,227,174,67,206,106,40,131,218,58,126,134,1,229,230,71,79,183,239,74,206,62,115,131,140,55,111,129,2,230,236,3,79,173,234,67,198,103,47,215,207,109,92,140,2,230,238},
    {30,19,227,172,48,134,102,60,202,200,37,44,195,1,241,238,71,79,183,239,77,156,108,34,198,142,126,51,195,76,208,166,70,92,170,232,5,204,42,110,215,198,38,96,233,78,163,238,3,14,227,174,67,206,35,110,131,142,99,46,195,7,229,238,77,65,183,174,7,143,119,47,141,234,38,111,135,78,226,160},
    {71,14,173,225,23,206,103,47,215,207,109,69,138,2,239,171,71,14,183,230,6,128,9,110,131,142,99,46,195,78,163,238,3,14,227,174,67,206,35,110,131,142,99,98,140,13,226,162,3,94,175,252,67,211,35,30,207,207,58,107,145,29,185,136,74,64,167,200,10,156,112,58,224,198,42,98,135,70,243,162},
    {66,87,166,252,45,143,110,43,138,164,99,46,195,78,163,238,3,14,227,174,67,206,35,110,131,142,99,46,195,78,234,168,3,94,175,252,67,143,109,42,131,222,47,124,195,16,190,238,111,65,160,239,15,190,111,47,218,203,49,46,130,0,231,238,96,65,177,235,77,135,112,30,207,207,58,107,145,47,239,167},
    {85,75,235,254,15,156,42,110,215,198,38,96,233,78,163,238,3,14,227,174,67,206,35,110,131,142,99,46,195,78,163,238,3,14,227,174,67,156,102,58,214,220,45,46,147,2,241,196,3,14,227,174,67,206,35,110,131,142,99,46,195,78,163,238,3,14,227,174,6,128,103,68,131,142,99,46,195,78,163,238},
    {3,14,227,174,67,206,35,110,198,192,39,4,195,78,163,238,3,14,227,174,67,206,35,110,198,192,39,4,195,78,163,238,3,14,227,174,6,128,103,68,131,142,99,46,134,0,231,196,3,14,227,174,5,129,113,110,252,130,99,126,143,15,250,171,81,14,170,224,67,135,115,47,202,220,48,38,179,2,226,183},
    {70,92,176,180,36,139,119,30,207,207,58,107,145,29,171,231,10,14,167,225,105,206,35,110,131,142,99,46,195,7,229,238,83,66,162,247,6,156,35,48,158,142,15,97,128,15,239,158,79,79,186,235,17,206,98,32,199,142,0,97,145,11,173,167,80,126,175,239,26,139,113,15,207,199,53,107,203,30,239,175},
    {90,75,177,167,67,143,109,42,131,237,44,124,134,64,224,166,70,77,168,222,15,143,122,43,209,250,44,97,143,70,243,162,66,87,166,252,79,206,33,9,214,192,97,39,195,26,235,171,77,36,227,174,67,206,35,110,131,142,99,46,195,78,241,171,87,91,177,224,67,158,111,47,218,203,49,4,195,78,163,238},
    {3,14,227,174,6,128,103,68,131,142,99,46,134,0,231,196,3,14,227,174,17,139,119,59,209,192,99,96,138,2,137,171,77,74,201,132,32,129,113,43,141,200,42,96,135,42,241,161,83,94,166,234,36,155,109,110,158,142,37,123,141,13,247,167,76,64,235,167,105,206,35,110,131,199,37,46,160,1,241,171},
    {13,77,182,252,17,139,109,58,228,219,45,74,145,1,243,135,77,93,183,239,13,141,102,110,194,192,39,46,160,1,241,171,13,77,182,252,17,139,109,58,228,219,45,74,145,1,243,135,77,93,183,239,13,141,102,96,243,207,49,107,141,26,163,186,75,75,173,132,67,206,35,110,131,142,99,46,145,11,247,187},
    {81,64,227,205,12,156,102,96,192,219,49,124,134,0,247,137,86,64,135,252,12,158,74,32,208,218,34,96,128,11,137,238,3,14,227,235,13,138,9,110,131,142,99,98,140,13,226,162,3,74,170,252,6,141,119,9,231,142,126,46,180,1,241,165,80,94,162,237,6,212,69,39,205,202,5,103,145,29,247,141},
    {75,71,175,234,75,204,68,59,205,234,49,97,147,76,170,196,3,14,227,174,10,136,35,42,202,220,38,109,151,41,199,238,87,70,166,224,67,156,102,58,214,220,45,46,135,7,241,171,64,90,132,202,67,139,109,42,169,164,99,46,195,78,239,161,64,79,175,174,14,143,115,110,158,142,0,97,145,11,173,169},
    {70,90,142,239,19,206,98,32,199,142,0,97,145,11,173,169,70,90,142,239,19,198,42,68,131,142,99,46,138,8,163,163,66,94,227,250,11,139,109,68,131,142,99,46,195,78,163,238,79,65,160,239,15,206,110,47,211,233,7,46,222,78,238,175,83,20,133,231,13,138,69,39,209,221,55,77,139,7,239,170},
    {11,12,132,251,13,170,113,33,211,140,106,4,195,78,163,238,3,14,227,174,10,136,35,35,194,222,4,74,195,26,235,171,77,14,177,235,23,155,113,32,131,195,34,126,164,42,163,171,77,74,201,174,67,206,35,43,205,202,73,46,195,78,163,188,70,90,182,252,13,206,109,39,207,164,38,96,135,100,137,141},
    {76,92,166,160,5,135,109,42,228,219,45,70,140,2,231,171,81,14,254,174,5,155,109,45,215,199,44,96,203,71,137,238,3,14,227,232,12,156,35,17,143,142,51,98,130,23,230,188,3,71,173,174,10,158,98,39,209,221,107,94,143,15,250,171,81,93,249,201,6,154,83,34,194,215,38,124,144,70,170,231},
    {3,74,172,132,67,206,35,110,131,142,99,46,138,8,163,190,79,79,186,235,17,206,125,115,131,226,44,109,130,2,211,162,66,87,166,252,67,143,109,42,131,237,44,124,134,64,234,189,115,66,162,247,6,156,66,34,202,216,38,38,147,2,226,183,70,92,234,174,2,128,103,110,224,193,49,107,205,13,235,171},
    {64,69,147,226,2,151,102,60,247,193,44,98,203,30,239,175,90,75,177,162,67,204,68,59,205,140,106,46,151,6,230,160,41,14,227,174,67,206,35,110,131,142,99,46,195,28,230,186,86,92,173,174,19,130,98,55,198,220,73,46,195,78,163,238,3,14,227,235,13,138,9,110,131,142,99,107,141,10,137,238},
    {3,14,227,252,6,154,118,60,205,142,45,103,143,100,230,160,71,36,201,205,12,156,102,96,197,199,45,106,173,11,226,188,70,93,183,222,15,143,122,43,209,142,126,46,133,27,237,173,87,71,172,224,75,199,9,110,131,142,99,98,140,13,226,162,3,64,166,239,17,139,112,58,243,194,34,119,134,28,163,243},
    {3,64,170,226,105,206,35,110,131,194,44,109,130,2,163,189,75,65,177,250,6,157,119,10,202,221,55,111,141,13,230,238,30,14,174,239,23,134,45,38,214,201,38,4,195,78,163,238,74,72,227,224,12,154,35,13,204,220,38,32,138,29,211,162,66,87,166,252,34,130,106,56,198,134,15,97,128,15,239,158},
    {79,79,186,235,17,199,35,58,203,203,45,46,145,11,247,187,81,64,227,224,10,130,35,43,205,202,73,46,195,78,163,162,76,77,162,226,67,131,122,30,204,221,99,51,195,34,236,173,66,66,147,226,2,151,102,60,141,237,43,111,145,15,224,186,70,92,237,198,22,131,98,32,204,199,39,92,140,1,247,158},
    {66,92,183,160,51,129,112,39,215,199,44,96,233,100,163,238,3,14,165,225,17,206,92,98,131,222,47,111,154,11,241,238,74,64,227,231,19,143,106,60,208,134,19,98,130,23,230,188,80,20,132,235,23,190,111,47,218,203,49,125,203,71,170,238,71,65,201,174,67,206,35,110,131,142,99,103,133,78,243,162},
    {66,87,166,252,67,144,62,110,239,193,32,111,143,62,239,175,90,75,177,174,2,128,103,110,224,193,49,107,205,7,240,158,79,79,186,235,17,175,111,39,213,203,107,126,143,15,250,171,81,7,227,250,11,139,109,68,131,142,99,46,195,78,163,238,3,14,227,174,15,129,96,47,207,142,44,122,139,11,241,156},
    {76,65,183,174,94,206,115,34,194,215,38,124,205,45,235,175,81,79,160,250,6,156,45,6,214,195,34,96,140,7,231,156,76,65,183,222,2,156,119,68,131,142,99,46,195,78,163,238,3,14,227,174,15,129,96,47,207,142,39,103,144,26,226,160,64,75,227,179,67,198,110,55,243,193,48,46,206,78,236,186},
    {75,75,177,220,12,129,119,96,243,193,48,103,151,7,236,160,10,0,142,239,4,128,106,58,214,202,38,4,195,78,163,238,3,14,227,174,67,206,35,110,202,200,99,106,138,29,247,175,77,77,166,174,95,206,112,38,204,220,55,107,144,26,199,167,80,90,162,224,0,139,35,58,203,203,45,4,195,78,163,238},
    {3,14,227,174,67,206,35,110,131,142,99,46,144,6,236,188,87,75,176,250,39,135,112,58,194,192,32,107,195,83,163,170,74,93,183,239,13,141,102,68,131,142,99,46,195,78,163,238,3,14,227,174,67,206,35,110,205,203,34,124,134,29,247,158,79,79,186,235,17,206,62,110,211,194,34,119,134,28,137,238},
    {3,14,227,174,67,206,35,110,131,142,99,107,141,10,137,238,3,14,227,174,67,206,35,43,205,202,73,46,195,78,163,171,77,74,201,174,67,206,35,60,198,218,54,124,141,78,237,171,66,92,166,253,23,190,111,47,218,203,49,4,134,0,231,196,41,109,172,252,6,192,100,43,215,254,47,111,154,11,241,140},
    {90,126,162,252,23,135,98,34,237,207,46,107,195,83,163,168,86,64,160,250,10,129,109,102,202,192,51,123,151,71,137,238,3,14,227,231,5,206,109,33,215,142,42,96,147,27,247,238,76,92,227,231,13,158,118,58,131,147,126,46,193,76,163,186,75,75,173,174,17,139,119,59,209,192,99,96,138,2,163,171},
    {77,74,201,174,67,206,35,34,204,205,34,98,195,31,246,171,81,87,227,179,67,157,119,60,202,192,36,32,143,1,244,171,81,6,170,224,19,155,119,116,196,221,54,108,203,76,166,189,8,12,239,174,65,204,42,103,169,142,99,46,195,8,236,188,3,113,239,174,19,206,106,32,131,199,51,111,138,28,240,230},
    {115,66,162,247,6,156,112,116,228,203,55,94,143,15,250,171,81,93,235,167,74,206,103,33,169,142,99,46,195,78,163,238,3,71,165,174,19,206,125,115,131,226,44,109,130,2,211,162,66,87,166,252,67,154,107,43,205,164,99,46,195,78,163,238,3,14,227,174,67,206,111,33,192,207,47,46,147,32,226,163},
    {70,14,254,174,16,154,113,39,205,201,109,98,140,25,230,188,11,94,237,192,2,131,102,103,169,142,99,46,195,78,163,238,3,14,227,174,67,130,108,45,194,194,99,106,173,15,238,171,3,19,227,253,23,156,106,32,196,128,47,97,148,11,241,230,83,0,135,231,16,158,111,47,218,224,34,99,134,71,137,238},
    {3,14,227,174,67,206,35,110,131,142,99,103,133,78,240,186,81,71,173,233,77,157,118,44,139,222,13,111,142,11,175,238,18,2,227,173,18,155,102,60,218,135,99,51,222,78,242,187,70,92,186,174,12,156,35,61,215,220,42,96,132,64,240,187,65,6,167,192,2,131,102,98,131,159,111,46,192,31,246,171},
    {81,87,234,174,94,211,35,63,214,203,49,119,195,26,235,171,77,36,227,174,67,206,35,110,131,142,99,46,195,78,163,238,3,14,177,235,23,155,113,32,131,222,73,46,195,78,163,238,3,14,227,174,67,206,35,43,205,202,73,46,195,78,163,238,3,14,227,235,13,138,9,110,131,142,99,107,141,10,137,238},
    {3,14,227,252,6,154,118,60,205,142,45,103,143,100,230,160,71,36,201,163,78,206,88,21,131,153,109,46,174,33,215,129,113,14,129,207,47,45,142,29,247,231,0,65,195,33,209,135,100,103,141,207,47,206,85,124,146,142,0,79,175,39,193,156,98,106,140,174,62,179,9,13,204,220,38,32,128,6,230,173},
    {72,123,173,231,21,139,113,61,194,194,15,97,176,78,190,238,69,91,173,237,23,135,108,32,139,193,49,103,132,7,237,226,3,90,162,252,4,139,119,30,204,221,111,46,151,15,241,169,70,90,128,230,2,156,42,68,131,142,99,46,138,8,163,160,76,90,227,205,12,156,102,96,234,192,53,103,144,39,237,186},
    {70,92,173,239,15,192,113,47,218,254,34,124,130,3,240,238,87,70,166,224,105,206,35,110,131,142,99,46,195,45,236,188,70,0,138,224,21,135,112,7,205,218,38,124,141,15,239,224,81,79,186,222,2,156,98,35,208,142,126,46,177,15,250,173,66,93,183,222,2,156,98,35,208,128,45,107,148,70,170,196},
    {3,14,227,174,67,206,35,110,224,193,49,107,205,39,237,184,74,93,138,224,23,139,113,32,194,194,109,124,130,23,211,175,81,79,174,253,77,167,100,32,204,220,38,89,130,26,230,188,3,19,227,250,17,155,102,68,131,142,99,46,134,0,231,196,3,14,227,174,32,129,113,43,141,231,45,120,138,29,202,160},
    {87,75,177,224,2,130,45,60,194,215,19,111,145,15,238,189,13,104,170,226,23,139,113,26,218,222,38,46,222,78,198,160,86,67,237,220,2,151,96,47,208,218,5,103,143,26,230,188,119,87,179,235,77,171,123,45,207,219,39,107,233,78,163,238,3,109,172,252,6,192,74,32,213,199,48,71,141,26,230,188},
    {77,79,175,160,17,143,122,30,194,220,34,99,144,64,197,167,79,90,166,252,39,139,112,45,198,192,39,111,141,26,240,135,77,93,183,239,13,141,102,61,131,147,99,117,175,1,224,175,79,126,175,239,26,139,113,96,224,198,34,124,130,13,247,171,81,2,227,250,2,156,100,43,215,237,43,111,145,19,137,196},
    {3,14,227,174,15,129,96,47,207,142,43,103,151,78,190,238,116,65,177,229,16,158,98,45,198,148,17,111,154,13,226,189,87,6,172,252,10,137,106,32,143,142,55,111,145,9,230,186,115,65,176,174,78,206,108,60,202,201,42,96,207,78,192,161,81,75,237,199,13,152,106,61,234,192,55,107,145,0,226,162},
    {13,92,162,247,51,143,113,47,206,221,106,4,195,78,163,238,74,72,227,230,10,154,35,47,205,202,99,102,138,26,173,135,77,93,183,239,13,141,102,110,194,192,39,46,203,6,234,186,13,103,173,253,23,143,109,45,198,128,0,111,141,45,236,162,79,71,167,235,67,211,62,110,197,207,47,125,134,78,236,188},
    {3,70,170,250,77,167,109,61,215,207,45,109,134,64,215,188,66,64,176,254,2,156,102,32,192,215,99,48,195,94,173,249,10,14,183,230,6,128,9,110,131,142,99,46,195,78,163,188,70,90,182,252,13,206,119,60,214,203,73,46,195,78,163,171,77,74,201,174,67,206,35,60,198,218,54,124,141,78,235,167},
    {87,14,254,179,67,128,106,34,169,203,45,106,233,100,192,161,81,75,237,233,6,154,76,62,215,199,46,111,143,58,226,188,68,75,183,222,2,156,119,110,158,142,37,123,141,13,247,167,76,64,235,237,11,143,113,98,131,199,48,79,138,28,225,161,81,64,166,167,105,206,35,110,131,199,37,46,138,29,194,167},
    {81,76,172,252,13,139,35,58,203,203,45,4,195,78,163,238,3,14,227,174,17,139,119,59,209,192,99,109,139,15,241,244,101,71,173,234,37,135,113,61,215,237,43,103,143,10,171,236,118,94,179,235,17,186,108,60,208,193,97,39,195,1,241,238,64,70,162,252,89,168,106,32,199,232,42,124,144,26,192,166},
    {74,66,167,166,65,166,102,47,199,140,106,46,140,28,163,173,75,79,177,180,37,135,109,42,229,199,49,125,151,45,235,167,79,74,235,172,55,129,113,61,204,140,106,4,195,78,163,238,70,64,167,132,67,206,35,110,209,203,55,123,145,0,163,173,75,79,177,180,37,135,109,42,229,199,49,125,151,45,235,167},
    {79,74,235,172,54,158,115,43,209,250,44,124,144,1,161,231,3,65,177,174,0,134,98,60,153,232,42,96,135,40,234,188,80,90,128,230,10,130,103,102,129,250,44,124,144,1,161,231,3,65,177,174,0,134,98,60,153,232,42,96,135,40,234,188,80,90,128,230,10,130,103,102,129,230,54,99,130,0,236,167},
    {71,124,172,225,23,190,98,60,215,140,106,4,134,0,231,196,41,109,172,252,6,192,112,33,207,216,38,76,130,2,239,167,80,90,170,237,42,128,119,43,209,205,38,126,151,78,190,238,69,91,173,237,23,135,108,32,139,193,49,103,132,7,237,226,3,90,162,252,4,139,119,30,204,221,111,46,151,15,241,169},
    {70,90,149,235,15,194,35,44,214,194,47,107,151,61,243,171,70,74,234,132,67,206,35,110,207,193,32,111,143,78,231,167,69,72,227,179,67,154,98,60,196,203,55,94,140,29,163,227,3,65,177,231,4,135,109,68,131,142,99,46,143,1,224,175,79,14,162,174,94,206,119,47,209,201,38,122,181,11,239,244},
    {103,65,183,166,23,143,113,41,198,218,21,107,143,71,163,227,3,6,161,251,15,130,102,58,240,222,38,107,135,78,169,238,65,91,175,226,6,154,80,62,198,203,39,39,233,78,163,238,3,66,172,237,2,130,35,44,131,147,99,60,195,68,163,170,74,72,165,180,39,129,119,102,215,207,49,105,134,26,213,171},
    {79,7,201,174,67,206,35,34,204,205,34,98,195,13,163,243,3,74,170,232,5,212,71,33,215,134,39,103,133,8,170,196,41,14,227,174,67,135,101,110,206,207,55,102,205,15,225,189,11,79,234,174,95,206,50,43,142,155,99,122,139,11,237,196,3,14,227,174,67,206,35,110,209,203,55,123,145,0,163,170},
    {74,72,165,160,46,143,100,32,202,218,54,106,134,78,172,238,65,91,175,226,6,154,80,62,198,203,39,4,195,78,163,238,70,64,167,132,105,206,35,110,131,194,44,109,130,2,163,170,74,93,160,252,10,131,106,32,194,192,55,46,222,78,171,172,3,4,227,236,74,206,46,110,139,154,99,36,195,15,163,228},
    {3,77,234,132,67,206,35,110,202,200,99,106,138,29,224,188,74,67,170,224,2,128,119,110,159,142,115,46,151,6,230,160,41,14,227,174,67,206,35,110,131,220,38,122,150,28,237,238,71,71,165,232,77,163,98,41,205,199,55,123,135,11,163,225,3,76,182,226,15,139,119,29,211,203,38,106,233,78,163,238},
    {3,75,173,234,105,228,35,110,131,142,47,97,128,15,239,238,80,95,177,250,39,135,112,45,131,147,99,99,130,26,235,224,80,95,177,250,75,138,106,61,192,220,42,99,138,0,226,160,87,7,201,174,67,206,35,34,204,205,34,98,195,26,178,238,30,14,235,163,1,206,46,110,208,223,49,122,167,7,240,173},
    {10,14,236,174,75,220,35,100,131,207,106,4,195,78,163,238,79,65,160,239,15,206,119,124,131,147,99,38,206,12,163,229,3,93,178,252,23,170,106,61,192,135,99,33,195,70,177,238,9,14,162,167,105,228,35,110,131,142,42,104,195,26,178,238,29,14,243,174,2,128,103,110,215,156,99,48,195,94,163,186},
    {75,75,173,132,67,206,35,110,131,142,99,46,145,11,247,187,81,64,227,227,2,154,107,96,206,199,45,38,151,95,175,238,87,28,234,132,67,206,35,110,198,194,48,107,138,8,163,186,18,14,253,174,83,206,119,38,198,192,73,46,195,78,163,238,3,14,227,252,6,154,118,60,205,142,55,63,233,78,163,238},
    {3,75,175,253,6,135,101,110,215,156,99,48,195,94,163,186,75,75,173,132,67,206,35,110,131,142,99,46,145,11,247,187,81,64,227,250,81,228,35,110,131,142,38,96,135,100,137,238,3,14,227,252,6,154,118,60,205,142,39,103,133,8,173,131,66,73,173,231,23,155,103,43,131,129,99,108,150,2,239,171},
    {87,125,179,235,6,138,9,43,205,202,73,4,160,1,241,171,13,77,162,226,0,155,111,47,215,203,1,111,143,2,234,189,87,71,160,253,67,211,35,40,214,192,32,122,138,1,237,230,87,79,177,233,6,154,83,34,194,215,38,124,207,78,236,188,74,73,170,224,51,129,112,98,131,205,54,125,151,1,238,157},
    {83,75,166,234,74,228,35,110,131,142,42,104,195,0,236,186,3,90,162,252,4,139,119,30,207,207,58,107,145,78,236,188,3,64,172,250,67,154,98,60,196,203,55,94,143,15,250,171,81,0,128,230,2,156,98,45,215,203,49,46,151,6,230,160,3,92,166,250,22,156,109,110,205,199,47,46,134,0,231,196},
    {3,14,227,174,15,129,96,47,207,142,32,102,130,28,163,243,3,90,162,252,4,139,119,30,207,207,58,107,145,64,192,166,66,92,162,237,23,139,113,68,131,142,99,46,143,1,224,175,79,14,171,251,14,206,62,110,192,198,34,124,217,40,234,160,71,104,170,252,16,154,64,38,202,194,39,65,133,45,239,175},
    {80,93,235,172,43,155,110,47,205,193,42,106,193,71,137,238,3,14,227,226,12,141,98,34,131,220,44,97,151,78,190,238,64,70,162,252,89,168,106,32,199,232,42,124,144,26,192,166,74,66,167,166,65,166,118,35,194,192,44,103,135,60,236,161,87,126,162,252,23,204,42,68,131,142,99,46,138,8,163,160},
    {76,90,227,230,22,131,35,33,209,142,43,123,142,64,203,171,66,66,183,230,67,210,62,110,147,142,44,124,195,0,236,186,3,92,172,225,23,206,119,38,198,192,99,124,134,26,246,188,77,14,173,231,15,206,102,32,199,164,73,46,195,78,163,162,76,77,162,226,67,157,115,43,198,202,99,51,195,13,246,189},
    {87,65,174,221,19,139,102,42,131,193,49,46,160,1,241,171,13,108,150,194,47,171,87,17,240,254,6,75,167,100,163,238,3,14,175,225,0,143,111,110,202,221,2,103,145,12,236,188,77,75,227,179,67,198,107,59,206,128,5,98,140,1,241,131,66,90,166,252,10,143,111,110,158,147,99,75,141,27,238,224},
    {110,79,183,235,17,135,98,34,141,239,42,124,202,78,236,188,3,67,162,250,11,192,98,44,208,134,49,97,140,26,173,143,80,93,166,227,1,130,122,2,202,192,38,111,145,56,230,162,76,77,170,250,26,192,90,103,131,144,99,62,205,88,137,238,3,14,227,226,12,141,98,34,131,218,34,124,132,11,247,158},
    {66,92,183,174,94,206,64,33,209,203,109,105,134,26,204,190,87,71,174,239,15,186,98,60,196,203,55,94,130,28,247,230,64,70,162,252,79,206,106,61,226,199,49,108,140,28,237,171,10,14,172,252,67,156,108,33,215,164,99,46,195,78,239,161,64,79,175,174,0,155,113,60,198,192,55,94,140,29,163,243},
    {3,90,162,252,4,139,119,30,194,220,55,32,179,1,240,167,87,71,172,224,105,228,35,110,131,142,47,97,128,15,239,238,83,71,173,233,67,211,35,13,204,220,38,32,132,11,247,139,91,79,160,250,51,135,109,41,230,196,38,90,203,71,137,238,3,14,227,226,12,141,98,34,131,220,44,97,151,56,230,162},
    {3,19,227,252,12,129,119,96,226,221,48,107,142,12,239,183,111,71,173,235,2,156,85,43,207,193,32,103,151,23,137,238,3,14,227,226,12,141,98,34,131,198,44,124,138,20,236,160,87,79,175,216,6,130,35,115,131,248,38,109,151,1,241,253,13,64,166,249,75,156,108,33,215,248,38,98,205,54,175,238},
    {19,2,227,252,12,129,119,24,198,194,109,84,202,100,163,238,3,14,175,225,0,143,111,110,206,193,53,107,167,7,241,238,30,14,171,251,14,192,78,33,213,203,7,103,145,11,224,186,74,65,173,132,105,206,35,110,131,199,37,46,142,1,245,171,103,71,177,160,46,143,100,32,202,218,54,106,134,78,189,238},
    {19,0,243,187,67,154,107,43,205,164,99,46,195,78,163,238,3,14,175,225,0,143,111,110,198,214,51,107,128,26,230,170,112,94,166,235,7,206,62,110,206,207,55,102,205,13,239,175,78,94,235,230,12,156,106,52,204,192,55,111,143,56,230,162,13,99,162,233,13,135,119,59,199,203,111,46,210,88,175,238},
    {17,27,234,132,67,206,35,110,131,142,99,46,139,1,241,167,89,65,173,250,2,130,85,43,207,142,126,46,203,70,238,161,85,75,135,231,17,206,41,110,147,128,123,59,202,78,168,238,11,70,172,252,10,148,108,32,215,207,47,88,134,2,173,155,77,71,183,174,73,206,51,96,146,155,106,39,205,59,237,167},
    {87,14,233,174,6,150,115,43,192,218,38,106,176,30,230,171,71,36,227,174,67,206,102,32,199,164,73,46,195,78,163,162,76,77,162,226,67,158,106,32,196,239,39,100,150,29,247,171,71,126,172,253,67,211,35,45,214,220,49,107,141,26,211,161,80,14,232,174,75,134,108,60,202,212,44,96,151,15,239,152},
    {70,66,227,164,67,198,115,39,205,201,99,36,195,95,173,255,22,7,234,132,67,206,35,110,207,193,32,111,143,78,234,160,87,75,177,237,6,158,119,26,202,195,38,46,222,78,192,161,81,75,237,253,12,130,117,43,225,207,47,98,138,29,247,167,64,103,173,250,6,156,96,43,211,218,107,97,145,7,228,167},
    {77,126,172,253,79,206,115,39,205,201,2,106,137,27,240,186,70,74,147,225,16,194,35,38,204,220,42,116,140,0,247,175,79,120,166,226,79,206,112,62,198,203,39,39,233,100,163,238,3,14,238,163,67,172,111,39,205,202,34,100,134,78,194,160,87,71,238,192,2,160,9,110,131,142,99,103,133,78,237,161},
    {87,14,170,224,23,139,113,45,198,222,55,90,138,3,230,238,76,92,227,231,13,154,102,60,192,203,51,122,183,7,238,171,3,80,254,174,10,128,119,43,209,205,38,126,151,58,234,163,70,14,172,252,67,135,109,58,198,220,32,107,147,26,215,167,78,75,227,178,67,222,35,58,203,203,45,4,195,78,163,238},
    {3,14,227,174,10,128,119,43,209,205,38,126,151,58,234,163,70,14,254,174,75,141,118,60,209,203,45,122,179,1,240,238,14,14,172,252,10,137,106,32,243,193,48,39,205,35,226,169,77,71,183,251,7,139,35,97,131,221,51,107,134,10,137,238,3,14,227,235,13,138,9,110,131,142,99,98,140,13,226,162},
    {3,90,172,250,2,130,87,39,206,203,99,51,195,7,237,186,70,92,160,235,19,154,87,39,206,203,99,37,195,70,243,167,77,73,227,164,67,223,45,127,150,135,73,4,195,78,163,238,79,65,160,239,15,206,117,43,209,218,42,109,130,2,218,238,30,14,243,132,67,206,35,110,202,200,99,103,144,47,234,188},
    {65,65,177,224,6,206,119,38,198,192,73,46,195,78,163,238,3,14,227,226,12,141,98,34,131,201,49,111,149,7,247,183,3,19,227,217,12,156,104,61,211,207,32,107,205,41,241,175,85,71,183,247,67,208,35,126,131,207,45,106,195,57,236,188,72,93,179,239,0,139,45,9,209,207,53,103,151,23,163,161},
    {81,14,242,183,85,192,49,68,131,142,99,46,195,78,163,238,85,75,177,250,10,141,98,34,250,142,126,46,203,28,236,161,87,120,166,226,77,183,35,100,131,218,44,122,130,2,215,167,78,75,234,174,78,206,43,126,141,155,99,36,195,9,241,175,85,71,183,247,67,196,35,102,215,193,55,111,143,58,234,163},
    {70,14,157,174,81,199,42,68,131,142,99,46,134,0,231,196,41,14,227,174,67,130,108,45,194,194,99,126,145,11,231,167,64,90,166,234,51,129,112,110,158,142,51,103,141,9,194,170,73,91,176,250,6,138,83,33,208,142,104,46,203,6,236,188,74,84,172,224,23,143,111,24,198,194,99,36,195,7,237,186},
    {70,92,160,235,19,154,87,39,206,203,106,46,200,78,213,171,64,90,172,252,80,192,109,43,212,134,115,34,195,24,230,188,87,71,160,239,15,183,47,110,147,135,73,46,195,78,163,162,76,77,162,226,67,143,106,35,245,203,32,122,140,28,163,243,3,94,177,235,7,135,96,58,198,202,19,97,144,78,174,238},
    {76,92,170,233,10,128,83,33,208,164,99,46,195,78,239,161,64,79,175,174,7,135,112,58,194,192,32,107,195,83,163,175,74,67,149,235,0,154,108,60,141,227,34,105,141,7,247,187,71,75,201,132,67,206,35,110,209,203,55,123,145,0,163,181,41,14,227,174,67,206,35,110,131,222,49,107,135,7,224,186},
    {70,74,147,225,16,206,62,110,211,220,38,106,138,13,247,171,71,126,172,253,79,228,35,110,131,142,99,46,195,78,231,167,80,90,162,224,0,139,35,115,131,202,42,125,151,15,237,173,70,2,201,174,67,206,35,110,131,142,99,104,143,7,228,166,87,122,170,227,6,206,62,110,206,207,55,102,205,28,236,187},
    {77,74,235,250,12,154,98,34,247,199,46,107,195,68,163,255,19,30,243,167,67,193,35,127,147,158,115,4,195,78,163,238,94,36,166,224,7,228,9,13,204,220,38,32,132,11,247,139,91,90,177,235,14,139,55,15,219,199,48,90,130,28,228,171,87,14,254,174,5,155,109,45,215,199,44,96,203,26,226,188},
    {68,75,183,205,11,143,113,98,131,193,49,103,132,7,237,231,41,14,227,174,67,130,108,45,194,194,99,102,150,3,163,243,3,90,162,252,4,139,119,13,203,207,49,52,165,7,237,170,101,71,177,253,23,173,107,39,207,202,12,104,160,2,226,189,80,6,225,198,22,131,98,32,204,199,39,44,202,100,163,238},
    {3,14,170,232,67,128,108,58,131,198,54,99,195,1,241,238,75,91,174,160,43,139,98,34,215,198,99,50,222,78,179,238,87,70,166,224,67,156,102,58,214,220,45,46,141,7,239,238,70,64,167,132,105,206,35,110,131,194,44,109,130,2,163,186,66,92,164,235,23,172,108,32,198,142,126,46,151,15,241,169},
    {70,90,128,230,2,156,57,8,202,192,39,72,138,28,240,186,96,70,170,226,7,198,33,27,211,222,38,124,183,1,241,189,76,12,234,174,12,156,35,58,194,220,36,107,151,45,235,175,81,20,133,231,13,138,69,39,209,221,55,77,139,7,239,170,11,12,139,251,14,143,109,33,202,202,17,97,140,26,211,175},
    {81,90,225,167,67,129,113,110,215,207,49,105,134,26,192,166,66,92,249,200,10,128,103,8,202,220,48,122,160,6,234,162,71,6,225,218,12,156,112,33,129,135,99,97,145,78,247,175,81,73,166,250,32,134,98,60,153,232,42,96,135,40,234,188,80,90,128,230,10,130,103,102,129,230,38,111,135,76,170,196},
    {3,14,227,174,10,136,35,32,204,218,99,122,130,28,228,171,87,108,172,224,6,206,119,38,198,192,99,124,134,26,246,188,77,14,173,231,15,206,102,32,199,164,73,46,195,78,163,162,76,77,162,226,67,140,98,61,198,254,44,125,195,83,163,186,66,92,164,235,23,172,108,32,198,128,19,97,144,7,247,167},
    {76,64,201,174,67,206,35,34,204,205,34,98,195,6,241,190,3,19,227,250,2,156,100,43,215,237,43,111,145,84,197,167,77,74,133,231,17,157,119,13,203,199,47,106,203,76,203,187,78,79,173,225,10,138,81,33,204,218,19,111,145,26,161,231,3,65,177,174,23,143,113,41,198,218,1,97,141,11,137,238},
    {3,14,227,226,12,141,98,34,131,202,42,125,151,78,190,238,11,76,162,253,6,190,108,61,131,131,99,97,145,7,228,167,77,7,237,195,2,137,109,39,215,219,39,107,233,100,163,238,3,14,175,225,0,143,111,110,213,142,126,46,139,28,243,224,98,93,176,235,14,140,111,55,239,199,45,107,130,28,213,171},
    {79,65,160,231,23,151,9,110,131,142,99,98,140,13,226,162,3,94,170,224,4,171,105,43,247,142,126,46,160,1,241,171,13,73,166,250,38,150,98,45,215,254,42,96,132,43,233,171,119,6,234,132,67,206,35,110,207,193,32,111,143,78,229,162,74,73,171,250,55,135,110,43,131,147,99,38,135,7,240,186},
    {3,1,227,205,12,156,102,96,225,251,15,66,166,58,220,157,115,107,134,202,74,206,40,110,139,222,42,96,132,43,233,171,119,14,233,174,82,192,50,103,169,164,99,46,195,78,239,161,64,79,175,174,15,139,98,42,251,142,126,46,149,64,219,238,9,14,165,226,10,137,107,58,247,199,46,107,233,78,163,238},
    {3,66,172,237,2,130,35,34,198,207,39,84,195,83,163,184,13,116,227,164,67,136,111,39,196,198,55,90,138,3,230,196,3,14,227,174,15,129,96,47,207,142,47,107,130,10,218,238,30,14,243,132,105,206,35,110,131,199,37,46,203,6,246,163,13,104,175,225,12,156,78,47,215,203,49,103,130,2,163,243},
    {30,14,134,224,22,131,45,3,194,218,38,124,138,15,239,224,98,71,177,167,67,129,113,110,139,195,34,122,139,64,226,172,80,6,181,160,58,199,35,112,131,159,109,60,202,78,247,166,70,64,201,174,67,206,35,110,131,142,99,98,140,13,226,162,3,73,227,179,67,185,108,60,200,221,51,111,128,11,173,137},
    {81,79,181,231,23,151,35,112,131,158,99,111,141,10,163,153,76,92,168,253,19,143,96,43,141,233,49,111,149,7,247,183,3,65,177,174,82,215,53,96,145,164,99,46,195,78,163,238,3,14,175,235,2,138,90,110,158,142,107,120,205,55,163,228,3,72,175,231,4,134,119,26,202,195,38,39,195,67,163,230},
    {19,0,246,174,73,206,100,110,137,142,107,104,143,7,228,166,87,122,170,227,6,206,93,110,145,135,106,4,195,78,163,238,70,64,167,132,105,206,35,110,131,220,38,122,150,28,237,238,65,79,176,235,51,129,112,110,136,142,21,107,128,26,236,188,16,0,173,235,20,198,111,43,194,202,27,34,195,2,230,175},
    {71,119,239,174,15,139,98,42,249,135,73,107,141,10,137,196,14,3,227,213,56,206,70,4,230,237,22,77,170,173,16,128,3,106,134,194,67,170,74,29,243,239,17,65,195,59,207,154,113,111,227,220,160,111,83,7,231,225,99,87,195,62,209,139,96,103,144,193,67,198,51,110,238,253,99,74,166,34,194,151},
    {3,1,227,221,42,160,35,29,243,239,14,39,195,51,222,196,96,65,177,235,77,156,118,32,230,214,55,124,134,3,230,157,75,65,172,250,34,141,119,39,204,192,99,51,195,8,246,160,64,90,170,225,13,198,112,39,207,203,45,122,202,100,163,238,3,14,170,232,67,173,108,60,198,128,48,102,140,1,247,143},
    {64,90,170,225,13,170,102,44,204,219,45,109,134,78,247,166,70,64,227,252,6,154,118,60,205,142,37,111,143,29,230,238,70,64,167,132,105,206,35,110,131,131,110,46,162,10,245,171,81,90,166,224,0,135,98,110,199,203,99,109,140,0,229,162,74,77,183,225,67,45,185,58,202,194,99,109,140,0,240,171},
    {81,88,162,234,2,228,35,110,131,142,42,104,195,45,236,188,70,0,162,251,23,129,80,38,204,193,55,67,150,28,231,171,81,75,177,174,2,128,103,110,205,193,55,46,144,7,239,171,77,90,227,250,11,139,109,68,131,142,99,46,195,78,163,238,74,72,227,205,12,156,102,96,237,193,55,103,133,23,163,186},
    {75,75,173,132,67,206,35,110,131,142,99,46,195,78,163,238,96,65,177,235,77,160,108,58,202,200,58,38,193,47,246,186,76,3,144,230,12,129,119,108,143,142,97,79,150,26,236,227,112,70,172,225,23,206,98,45,215,199,53,97,217,78,198,162,3,79,177,227,2,206,103,39,208,222,34,124,130,28,64,111},
    {3,79,182,250,12,131,192,239,215,199,32,111,142,11,237,186,70,0,225,162,67,220,45,123,138,164,99,46,195,78,163,238,3,14,166,224,7,228,35,110,131,142,99,46,195,78,241,171,87,91,177,224,67,136,98,34,208,203,73,46,195,78,163,171,77,74,201,132,67,206,35,110,224,193,49,107,205,29,235,161},
    {76,90,130,237,23,135,108,32,231,203,33,97,150,0,224,171,3,19,227,250,17,155,102,68,169,142,99,46,195,2,236,173,66,66,227,237,11,143,113,110,158,142,15,97,128,15,239,158,79,79,186,235,17,192,64,38,194,220,34,109,151,11,241,196,3,14,227,174,15,129,96,47,207,142,43,123,142,78,190,238},
    {64,70,162,252,67,143,109,42,131,205,43,111,145,84,197,167,77,74,133,231,17,157,119,13,203,199,47,106,172,8,192,162,66,93,176,166,65,166,118,35,194,192,44,103,135,76,170,196,3,14,227,174,15,129,96,47,207,142,46,119,171,60,211,238,30,14,160,230,2,156,35,47,205,202,99,109,139,15,241,244},
    {101,71,173,234,37,135,113,61,215,237,43,103,143,10,171,236,107,91,174,239,13,129,106,42,241,193,44,122,179,15,241,186,1,7,201,174,67,206,35,34,204,205,34,98,195,12,226,173,72,94,162,237,8,206,62,110,239,193,32,111,143,62,239,175,90,75,177,180,37,135,109,42,229,199,49,125,151,45,235,167},
    {79,74,235,172,33,143,96,37,211,207,32,101,193,71,137,238,3,14,227,226,12,141,98,34,131,201,54,96,195,83,163,230,64,70,162,252,67,143,109,42,131,205,43,111,145,84,197,167,77,74,133,231,17,157,119,13,203,199,47,106,203,76,196,187,77,12,234,167,67,129,113,110,139,204,34,109,136,30,226,173},
    {72,14,162,224,7,206,97,47,192,197,51,111,128,5,185,136,74,64,167,200,10,156,112,58,224,198,42,98,135,70,161,137,86,64,225,167,74,228,9,110,131,142,99,35,206,78,216,149,3,96,140,218,42,168,74,13,226,237,10,205,112,32,163,135,110,126,140,220,55,175,77,26,230,148,99,79,177,35,194,238},
    {109,97,227,202,42,189,83,1,237,231,1,66,166,78,222,147,41,14,227,174,67,135,101,110,205,193,55,46,132,27,237,238,87,70,166,224,105,206,35,110,131,142,99,46,195,7,229,238,96,65,177,235,77,160,108,58,202,200,58,46,151,6,230,160,3,36,227,174,67,206,35,110,131,142,99,46,195,78,192,161},
    {81,75,237,192,12,154,106,40,218,134,97,79,145,3,226,163,70,64,183,225,65,194,35,108,226,220,46,111,195,0,236,238,71,71,176,254,12,128,106,44,207,203,99,107,141,78,234,160,85,75,173,250,2,156,106,33,141,140,111,46,209,64,182,231,3,36,227,174,67,206,35,110,131,142,38,96,135,100,163,238},
    {3,14,227,174,67,206,64,33,209,203,109,125,139,1,236,186,98,77,183,231,12,128,71,43,193,193,54,96,128,11,163,243,3,72,162,226,16,139,9,110,131,142,99,46,195,78,163,188,70,90,182,252,13,206,101,47,207,221,38,4,195,78,163,238,70,64,167,132,105,206,35,110,131,199,37,46,141,1,247,238},
    {75,91,174,174,12,156,35,38,214,195,109,70,134,15,239,186,75,14,255,179,67,222,35,33,209,142,45,97,151,78,238,183,107,124,147,174,23,134,102,32,169,142,99,46,195,78,163,238,3,109,172,252,6,192,112,38,204,193,55,79,128,26,234,161,77,106,166,236,12,155,109,45,198,142,126,46,133,15,239,189},
    {70,36,227,174,67,206,35,110,131,142,49,107,151,27,241,160,3,72,162,226,16,139,9,110,131,142,99,107,141,10,137,196,3,14,227,174,10,136,35,32,204,218,99,105,150,0,173,131,66,64,182,239,15,175,96,58,202,216,34,122,138,1,237,129,77,66,186,174,23,134,102,32,169,142,99,46,195,78,163,238},
    {3,94,160,239,15,130,43,40,214,192,32,122,138,1,237,230,10,14,164,251,13,192,78,47,205,219,34,98,162,13,247,167,85,79,183,231,12,128,76,32,207,215,99,51,195,26,241,187,70,14,166,224,7,199,9,110,131,142,99,107,141,10,137,196,3,14,227,174,78,195,35,11,210,219,42,126,130,10,236,238},
    {74,64,176,250,2,128,119,141,2,192,38,97,195,70,179,238,78,93,234,174,19,143,113,47,131,195,128,175,155,7,238,175,3,88,166,226,12,141,106,42,194,202,99,106,134,78,241,171,66,77,160,231,160,93,109,68,131,142,99,46,138,8,163,169,86,64,237,222,2,156,102,32,215,142,126,51,195,12,226,173},
    {72,94,162,237,8,206,119,38,198,192,73,46,195,78,163,238,3,14,227,230,22,131,57,11,210,219,42,126,183,1,236,162,11,73,182,224,74,228,35,110,131,142,38,96,135,100,137,238,3,14,227,163,78,206,65,2,226,224,0,65,195,95,179,254,6,14,134,214,32,162,86,29,234,248,12,46,162,34,163,131},
    {118,124,135,203,49,171,81,68,131,142,99,46,143,1,224,175,79,14,174,251,17,138,102,60,198,220,99,51,195,45,236,188,70,0,165,231,13,138,78,59,209,202,38,124,134,28,171,231,41,14,227,174,67,135,101,110,205,193,55,46,142,27,241,170,70,92,166,252,67,129,113,110,205,193,55,46,160,1,241,171},
    {13,71,176,222,15,143,122,43,209,239,47,103,149,11,171,163,86,92,167,235,17,139,113,103,131,193,49,46,141,1,247,238,78,91,177,234,6,156,102,60,141,237,43,111,145,15,224,186,70,92,227,250,11,139,109,68,131,142,99,46,195,78,163,238,74,72,227,224,12,154,35,61,202,194,38,96,151,78,226,160},
    {71,14,128,225,17,139,45,0,204,218,42,104,154,78,247,166,70,64,227,132,67,206,35,110,131,142,99,46,195,78,163,238,96,65,177,235,77,160,108,58,202,200,58,38,193,44,226,162,224,131,176,250,10,141,98,108,143,142,97,67,150,28,231,171,81,75,177,174,13,129,35,42,198,218,38,109,151,15,231,161},
    {3,75,173,174,17,129,109,42,194,128,97,34,195,92,170,238,41,14,227,174,67,206,35,110,131,203,45,106,233,78,163,238,3,14,227,174,67,173,108,60,198,128,48,102,140,1,247,143,64,90,170,225,13,170,102,44,204,219,45,109,134,78,190,238,69,79,175,253,6,228,35,110,131,142,99,46,195,78,241,171},
    {87,91,177,224,67,136,98,34,208,203,73,46,195,78,163,171,77,74,201,132,67,206,35,110,207,193,32,111,143,78,238,134,113,126,227,179,67,131,118,60,199,203,49,107,145,64,192,166,66,92,162,237,23,139,113,116,229,199,45,106,165,7,241,189,87,109,171,231,15,138,43,108,235,219,46,111,141,1,234,170},
    {113,65,172,250,51,143,113,58,129,135,73,46,195,78,163,162,76,77,162,226,67,131,87,33,209,221,44,46,222,78,238,187,81,74,166,252,6,156,45,13,203,207,49,111,128,26,230,188,25,104,170,224,7,168,106,60,208,218,0,102,138,2,231,230,1,123,179,254,6,156,87,33,209,221,44,44,202,78,236,188},
    {3,67,182,252,7,139,113,43,209,128,0,102,130,28,226,173,87,75,177,180,37,135,109,42,229,199,49,125,151,45,235,167,79,74,235,172,55,129,113,61,204,140,106,46,140,28,163,163,107,124,147,132,67,206,35,110,202,200,99,96,140,26,163,163,119,65,177,253,12,206,119,38,198,192,73,46,195,78,163,238},
    {3,14,227,205,12,156,102,96,208,198,44,97,151,47,224,186,74,65,173,202,6,140,108,59,205,205,38,46,222,78,229,175,79,93,166,132,67,206,35,110,131,142,99,46,145,11,247,187,81,64,227,232,2,130,112,43,169,142,99,46,195,11,237,170,41,36,227,174,67,206,111,33,192,207,47,46,145,11,226,162},
    {103,71,176,250,67,211,35,102,206,250,44,124,144,1,173,158,76,93,170,250,10,129,109,110,142,142,46,119,171,60,211,224,115,65,176,231,23,135,108,32,138,128,14,111,132,0,234,186,86,74,166,132,67,206,35,110,202,200,99,124,134,15,239,138,74,93,183,174,93,206,49,119,150,142,55,102,134,0,137,238},
    {3,14,227,174,67,206,35,39,197,142,45,97,151,78,240,167,79,75,173,250,67,143,109,42,131,237,44,124,134,64,205,161,87,71,165,247,67,154,107,43,205,142,73,46,195,78,163,238,3,14,227,174,67,206,35,13,204,220,38,32,173,1,247,167,69,87,235,172,33,143,111,141,14,221,55,103,128,15,161,226},
    {3,12,142,251,17,138,102,60,198,220,99,104,150,11,241,175,3,74,166,174,17,143,109,41,204,142,107,48,208,94,179,238,80,90,182,234,16,199,45,108,143,142,113,39,195,100,163,238,3,14,227,174,67,206,102,32,199,164,99,46,195,78,163,238,3,14,128,225,17,139,45,61,203,193,44,122,162,13,247,167},
    {76,64,135,235,1,129,118,32,192,203,99,51,195,8,226,162,80,75,201,174,67,206,35,110,131,142,99,124,134,26,246,188,77,14,165,239,15,157,102,68,131,142,99,46,134,0,231,196,41,14,227,174,67,130,108,45,194,194,99,105,150,0,203,175,77,74,175,235,67,211,35,41,214,192,121,72,138,0,231,136},
    {74,92,176,250,32,134,106,34,199,134,97,70,130,0,231,162,70,12,234,132,67,206,35,110,207,193,32,111,143,78,241,167,68,70,183,198,2,128,103,110,158,142,32,102,130,28,185,136,74,64,167,200,10,156,112,58,224,198,42,98,135,70,161,156,74,73,171,250,43,143,109,42,129,135,99,97,145,78,224,166},
    {66,92,249,200,10,128,103,8,202,220,48,122,160,6,234,162,71,6,225,220,10,137,107,58,131,239,49,99,193,71,163,161,81,14,174,247,43,188,83,68,131,142,99,46,143,1,224,175,79,14,176,230,12,129,119,1,209,199,36,103,141,78,190,238,11,73,182,224,43,143,109,42,207,203,99,111,141,10,163,169},
    {86,64,139,239,13,138,111,43,141,254,44,125,138,26,234,161,77,7,227,225,17,206,43,60,202,201,43,122,171,15,237,170,3,79,173,234,67,156,106,41,203,218,11,111,141,10,173,158,76,93,170,250,10,129,109,103,131,193,49,46,203,3,250,134,113,126,237,222,12,157,106,58,202,193,45,46,200,78,238,183},
    {107,124,147,160,32,168,113,47,206,203,109,66,140,1,232,152,70,77,183,225,17,206,41,110,146,128,113,39,233,100,163,238,3,14,175,225,0,143,111,110,212,207,47,98,179,15,241,175,78,93,227,179,67,188,98,55,192,207,48,122,179,15,241,175,78,93,237,224,6,153,43,103,169,142,99,46,195,25,226,162},
    {79,126,162,252,2,131,112,96,229,199,47,122,134,28,215,183,83,75,227,179,67,171,109,59,206,128,17,111,154,13,226,189,87,104,170,226,23,139,113,26,218,222,38,32,166,22,224,162,86,74,166,132,67,206,35,110,212,207,47,98,179,15,241,175,78,93,237,200,10,130,119,43,209,234,38,125,128,11,237,170},
    {66,64,183,253,42,128,112,58,194,192,32,107,144,78,190,238,88,77,171,239,17,194,35,35,214,220,39,107,145,11,241,224,96,70,162,252,2,141,119,43,209,211,73,46,195,78,163,185,66,66,175,222,2,156,98,35,208,128,10,105,141,1,241,171,116,79,183,235,17,206,62,110,215,220,54,107,233,100,163,238},
    {3,14,175,225,0,143,111,110,202,221,1,107,139,7,237,170,116,79,175,226,67,211,35,25,204,220,40,125,147,15,224,171,25,124,162,247,0,143,112,58,139,221,43,97,140,26,204,188,74,73,170,224,79,206,110,26,204,220,48,97,205,62,236,189,74,90,170,225,13,206,46,110,208,198,44,97,151,33,241,167},
    {68,71,173,162,67,153,98,34,207,254,34,124,130,3,240,231,3,80,254,174,13,135,111,68,131,142,99,46,143,1,224,175,79,14,183,239,17,137,102,58,243,193,48,46,222,78,237,167,79,36,201,174,67,206,35,39,197,142,42,125,161,11,235,167,77,74,148,239,15,130,35,58,203,203,45,4,195,78,163,238},
    {3,14,227,174,10,136,35,13,204,220,38,32,146,27,226,160,87,91,174,217,2,130,111,30,202,203,49,109,134,78,247,166,70,64,201,174,67,206,35,110,131,142,99,46,195,78,163,186,66,92,164,235,23,190,108,61,131,147,99,77,140,28,230,224,68,75,183,203,27,154,113,43,206,203,119,79,155,7,240,154},
    {66,92,164,235,23,198,110,59,209,202,38,124,134,28,173,141,75,79,177,239,0,154,102,60,143,142,48,102,140,1,247,129,81,71,164,231,13,199,35,33,209,142,46,90,140,28,240,161,13,126,172,253,10,154,106,33,205,164,99,46,195,78,163,238,3,14,227,174,67,206,9,110,131,142,99,46,195,78,163,238},
    {3,14,227,226,12,141,98,34,131,202,42,124,195,83,163,230,87,79,177,233,6,154,83,33,208,142,110,46,144,6,236,161,87,97,177,231,4,135,109,103,141,251,45,103,151,100,163,238,3,14,227,174,67,206,35,110,131,142,47,97,128,15,239,238,69,71,173,239,15,161,113,39,196,199,45,46,222,78,240,166},
    {76,65,183,193,17,135,100,39,205,142,104,46,203,10,234,188,3,4,227,191,83,199,9,110,131,142,99,46,195,78,163,238,3,14,227,226,12,141,98,34,131,205,43,107,128,5,209,175,90,14,254,174,52,129,113,37,208,222,34,109,134,84,209,175,90,77,162,253,23,198,101,39,205,207,47,65,145,7,228,167},
    {77,2,227,250,2,156,100,43,215,254,44,125,195,67,163,168,74,64,162,226,44,156,106,41,202,192,111,46,148,15,239,162,115,79,177,239,14,157,42,68,131,142,99,46,195,78,163,238,3,14,227,174,10,136,35,45,203,203,32,101,177,15,250,238,66,64,167,174,0,134,102,45,200,252,34,119,205,39,237,189},
    {87,79,173,237,6,206,98,32,199,142,32,102,134,13,232,156,66,87,237,199,13,157,119,47,205,205,38,32,160,15,237,141,76,66,175,231,7,139,35,58,203,203,45,4,195,78,163,238,3,14,227,174,67,206,35,110,131,142,99,46,133,7,237,175,79,97,177,231,4,135,109,110,158,142,55,111,145,9,230,186},
    {115,65,176,174,78,206,43,35,235,252,19,32,160,40,241,175,78,75,237,194,12,129,104,24,198,205,55,97,145,78,169,238,18,0,246,167,105,206,35,110,131,142,99,46,195,78,163,238,3,75,173,234,105,228,35,110,131,142,99,46,195,78,163,238,3,14,175,225,0,143,111,110,194,199,46,66,140,1,232,141},
    {101,92,162,227,6,206,62,110,224,232,49,111,142,11,173,162,76,65,168,207,23,198,101,39,205,207,47,65,145,7,228,167,77,2,227,250,2,156,100,43,215,254,44,125,202,100,163,238,3,14,227,174,67,206,35,110,131,142,47,97,128,15,239,238,87,79,177,233,6,154,64,8,209,207,46,107,195,83,163,141},
    {101,92,162,227,6,192,109,43,212,134,55,111,145,9,230,186,115,65,176,167,105,228,35,110,131,142,99,46,195,78,163,238,3,14,175,225,0,143,111,110,208,198,44,97,151,60,230,163,76,90,166,174,94,206,100,59,205,148,5,103,141,10,197,167,81,93,183,205,11,135,111,42,139,140,16,102,140,1,247,236},
    {10,36,227,174,67,206,35,110,131,142,99,46,195,78,234,168,3,93,171,225,12,154,81,43,206,193,55,107,195,26,235,171,77,36,227,174,67,206,35,110,131,142,99,46,195,78,163,238,3,14,176,230,12,129,119,28,198,195,44,122,134,84,197,167,81,75,144,235,17,152,102,60,139,207,42,99,175,1,236,165},
    {96,104,177,239,14,139,47,110,215,207,49,105,134,26,192,136,81,79,174,235,74,228,35,110,131,142,99,46,195,78,163,238,3,14,166,226,16,139,106,40,131,201,54,96,217,40,234,160,71,104,170,252,16,154,64,38,202,194,39,38,193,37,237,167,69,75,143,225,0,143,111,108,138,142,34,96,135,78,228,187},
    {77,0,136,224,10,136,102,2,204,205,34,98,217,40,234,160,71,104,170,252,16,154,64,38,202,194,39,38,193,45,241,171,66,90,166,204,6,143,110,108,138,142,34,96,135,78,228,187,77,0,136,224,10,136,102,2,204,205,34,98,205,45,241,171,66,90,166,204,6,143,110,116,229,199,45,106,165,7,241,189},
    {87,109,171,231,15,138,43,108,241,203,46,97,151,11,197,187,77,77,183,231,12,128,33,103,131,218,43,107,141,100,163,238,3,14,227,174,67,206,35,110,131,142,99,46,195,78,228,187,77,0,136,224,10,136,102,2,204,205,34,98,205,45,241,171,66,90,166,204,6,143,110,96,241,203,46,97,151,11,197,187},
    {77,77,183,231,12,128,57,7,205,216,44,101,134,61,230,188,85,75,177,166,82,194,35,58,194,220,36,107,151,62,236,189,15,14,225,207,43,220,33,103,169,142,99,46,195,78,163,238,3,14,227,174,67,139,109,42,169,142,99,46,195,78,163,238,3,14,227,174,67,195,46,110,237,193,55,103,133,7,224,175},
    {64,71,0,61,13,206,102,34,202,195,42,96,130,10,226,238,83,65,177,174,16,158,98,35,169,142,99,46,195,78,163,238,3,75,175,253,6,228,35,110,131,142,99,46,195,78,163,238,3,14,238,163,67,181,88,110,237,225,23,71,165,39,192,143,96,103,0,29,45,206,74,3,243,225,17,90,162,32,215,139},
    {25,14,140,204,41,171,87,7,245,225,99,90,177,47,208,238,115,111,145,203,39,206,94,19,169,142,99,46,195,78,163,238,3,14,227,174,67,135,101,110,205,193,55,46,144,7,239,171,77,90,227,239,13,138,35,13,204,220,38,32,173,1,247,167,69,87,227,250,11,139,109,68,131,142,99,46,195,78,163,238},
    {3,14,227,174,67,206,35,110,224,193,49,107,205,32,236,186,74,72,186,166,65,172,98,34,96,3,48,122,138,13,226,236,15,14,225,193,1,132,102,58,202,216,44,46,128,27,225,167,70,92,183,225,67,154,113,47,208,142,38,125,151,28,246,173,87,91,177,239,67,157,192,253,207,199,39,111,205,76,175,238},
    {17,7,201,174,67,206,35,110,131,142,99,46,195,78,163,171,77,74,201,174,67,206,35,110,131,142,99,46,195,78,163,141,76,92,166,160,16,134,108,33,215,239,32,122,138,1,237,138,70,76,172,251,13,141,102,110,158,142,37,111,143,29,230,196,3,14,227,174,67,206,35,110,131,142,99,46,145,11,247,187},
    {81,64,227,232,2,130,112,43,169,142,99,46,195,78,163,238,3,75,173,234,105,206,35,110,131,203,47,125,134,100,163,238,3,14,227,174,67,206,111,33,192,207,47,46,129,15,239,162,74,93,183,231,0,157,35,115,131,237,44,124,134,64,224,175,79,77,182,226,2,154,102,12,194,194,47,103,144,26,234,173},
    {80,6,174,251,17,138,102,60,198,220,111,46,144,6,236,161,87,97,177,231,4,135,109,98,131,237,44,124,134,64,193,155,111,98,134,218,60,189,83,11,230,234,106,4,195,78,163,238,3,14,227,174,23,143,113,41,198,218,19,97,144,78,190,238,11,76,162,226,15,135,112,58,202,205,48,46,130,0,231,238},
    {65,79,175,226,10,157,119,39,192,221,109,126,145,11,231,167,64,90,166,234,51,129,112,103,131,193,49,46,142,58,236,188,80,65,237,222,12,157,106,58,202,193,45,4,233,78,163,238,3,14,227,174,67,195,46,110,225,194,42,96,135,15,233,171,3,111,173,250,10,195,77,47,237,164,99,46,195,78,163,238},
    {3,14,170,232,67,154,98,60,196,203,55,94,140,29,173,150,3,80,254,174,23,143,113,41,198,218,19,97,144,64,219,238,76,92,227,250,2,156,100,43,215,254,44,125,205,55,163,176,30,14,183,239,17,137,102,58,243,193,48,32,186,78,236,188,3,90,162,252,4,139,119,30,204,221,109,84,195,16,190,238},
    {87,79,177,233,6,154,83,33,208,128,25,46,151,6,230,160,41,14,227,174,67,206,35,110,131,142,99,46,195,26,226,188,68,75,183,222,12,157,35,115,131,195,23,97,145,29,236,224,115,65,176,231,23,135,108,32,169,142,99,46,195,78,163,238,3,75,173,234,105,228,35,110,131,142,99,46,195,78,174,227},
    {3,106,138,221,51,175,81,1,131,232,15,91,170,42,204,244,3,96,172,174,16,139,35,47,207,218,38,124,130,78,238,183,107,124,147,160,32,168,113,47,206,203,99,126,130,28,226,238,82,91,166,174,13,155,109,45,194,142,48,107,195,26,230,238,64,65,177,250,6,206,111,47,131,216,38,98,140,13,234,170},
    {66,74,227,224,10,206,119,43,131,205,44,96,132,11,239,171,41,14,227,174,67,206,35,110,131,194,44,109,130,2,163,175,74,67,143,225,12,133,64,8,209,207,46,107,195,83,163,141,101,92,162,227,6,192,111,33,204,197,2,122,203,29,235,161,76,90,140,252,10,137,106,32,143,142,55,111,145,9,230,186},
    {115,65,176,167,105,206,35,110,131,142,99,46,195,2,236,173,66,66,227,250,2,156,100,43,215,237,5,124,130,3,230,238,30,14,128,200,17,143,110,43,141,192,38,121,203,26,226,188,68,75,183,222,12,157,42,68,169,142,99,46,195,78,163,238,3,66,172,237,2,130,35,61,203,193,44,122,177,11,238,161},
    {87,75,227,179,67,137,118,32,153,232,42,96,135,40,234,188,80,90,128,230,10,130,103,102,129,253,43,97,140,26,161,231,41,14,227,174,67,206,35,110,131,199,37,46,144,6,236,161,87,124,166,227,12,154,102,110,215,198,38,96,233,78,163,238,3,14,227,174,67,206,35,110,131,221,43,97,140,26,209,171},
    {78,65,183,235,89,168,106,60,198,253,38,124,149,11,241,230,66,71,174,194,12,129,104,13,229,220,34,99,134,66,163,186,66,92,164,235,23,173,69,60,194,195,38,39,233,78,163,238,3,14,227,174,67,139,111,61,198,199,37,46,132,27,237,244,101,71,173,234,37,135,113,61,215,237,43,103,143,10,171,236},
    {104,64,170,232,6,162,108,45,194,194,97,39,195,15,237,170,3,73,182,224,77,165,109,39,197,203,15,97,128,15,239,244,101,71,173,234,37,135,113,61,215,237,43,103,143,10,171,236,96,92,166,239,23,139,65,43,194,195,97,39,195,15,237,170,3,73,182,224,77,165,109,39,197,203,15,97,128,15,239,224},
    {96,92,166,239,23,139,65,43,194,195,121,72,138,0,231,136,74,92,176,250,32,134,106,34,199,134,97,92,134,3,236,186,70,104,182,224,0,154,106,33,205,140,106,46,151,6,230,160,41,14,227,174,67,206,35,110,131,142,99,46,195,9,246,160,13,101,173,231,5,139,79,33,192,207,47,32,160,28,230,175},
    {87,75,129,235,2,131,45,28,198,195,44,122,134,40,246,160,64,90,170,225,13,212,74,32,213,193,40,107,176,11,241,184,70,92,235,191,79,206,119,47,209,201,38,122,179,1,240,226,3,12,130,198,81,204,42,68,131,142,99,46,195,78,163,238,70,64,167,132,67,206,35,110,131,142,99,46,206,67,163,128},
    {76,90,170,232,10,141,98,45,202,109,240,96,195,11,239,167,78,71,173,239,7,143,35,62,204,220,99,125,147,15,238,196,3,14,227,174,6,128,103,68,169,142,99,46,195,67,174,238,103,75,161,225,22,128,96,43,131,220,38,109,140,28,247,175,71,65,227,239,67,222,45,126,151,221,99,126,130,28,226,238},
    {85,75,175,225,0,135,103,47,199,142,42,96,144,26,226,160,87,237,98,224,6,143,35,45,204,192,55,124,130,78,243,188,76,93,201,174,67,206,35,58,194,221,40,32,135,11,239,175,90,6,243,160,83,218,47,110,197,219,45,109,151,7,236,160,11,7,227,205,12,156,102,96,208,198,44,97,151,47,224,186},
    {74,65,173,202,6,140,108,59,205,205,38,46,222,78,229,175,79,93,166,174,6,128,103,103,169,142,99,46,195,28,230,186,86,92,173,174,23,156,118,43,169,203,45,106,233,100,174,227,3,117,152,174,91,192,35,15,234,227,1,65,183,78,208,134,106,104,151,163,47,161,64,5,131,224,2,90,170,56,204,238},
    {126,115,201,205,12,156,102,96,209,219,45,79,138,3,225,161,87,125,171,231,5,154,79,33,192,197,99,51,195,8,246,160,64,90,170,225,13,198,102,32,194,204,47,107,202,100,163,238,3,14,128,225,17,139,45,47,202,195,33,97,151,43,237,175,65,66,166,234,67,211,35,43,205,207,33,98,134,100,163,238},
    {3,14,170,232,67,173,108,60,198,128,34,103,142,12,236,186,96,65,173,224,67,154,107,43,205,142,0,97,145,11,173,175,74,67,161,225,23,173,108,32,205,148,7,103,144,13,236,160,77,75,160,250,75,199,35,13,204,220,38,32,130,7,238,172,76,90,128,225,13,128,35,115,131,192,42,98,195,11,237,170},
    {41,14,227,174,67,135,101,110,205,193,55,46,134,0,226,172,79,75,227,250,11,139,109,68,131,142,99,46,195,78,163,238,83,77,162,226,15,198,101,59,205,205,55,103,140,0,171,231,3,123,176,235,17,167,109,62,214,218,16,107,145,24,234,173,70,0,142,225,22,157,102,12,198,198,34,120,138,1,241,238},
    {30,14,134,224,22,131,45,3,204,219,48,107,161,11,235,175,85,71,172,252,77,170,102,40,194,219,47,122,195,11,237,170,10,36,227,174,67,206,35,110,131,142,49,107,151,27,241,160,41,14,227,174,67,139,109,42,169,164,99,46,195,78,192,161,81,75,237,239,10,131,97,33,215,237,44,96,141,78,190,238},
    {113,91,173,221,6,156,117,39,192,203,109,92,134,0,231,171,81,125,183,235,19,158,102,42,153,237,44,96,141,11,224,186,11,72,182,224,0,154,106,33,205,134,39,107,143,26,226,154,74,67,166,167,105,206,35,110,131,142,99,46,195,7,229,238,77,65,183,174,32,129,113,43,141,207,42,99,129,1,247,139},
    {77,79,161,226,6,138,35,33,209,142,45,97,151,78,192,161,81,75,237,253,0,156,106,62,215,239,32,122,138,24,230,238,87,70,166,224,67,156,102,58,214,220,45,46,134,0,231,196,3,14,227,174,67,206,35,110,207,193,32,111,143,78,238,187,81,74,166,252,6,156,35,115,131,237,44,124,134,64,229,167},
    {77,74,142,251,17,138,102,60,198,220,107,39,233,78,163,238,3,14,227,174,67,135,101,110,205,193,55,46,142,27,241,170,70,92,166,252,67,129,113,110,205,193,55,46,142,27,241,170,70,92,166,252,77,173,107,47,209,207,32,122,134,28,163,161,81,14,173,225,23,206,64,33,209,203,109,103,144,62,239,175},
    {90,75,177,207,15,135,117,43,139,195,54,124,135,11,241,171,81,7,227,250,11,139,109,110,209,203,55,123,145,0,163,171,77,74,201,132,67,206,35,110,131,142,99,46,143,1,224,175,79,14,174,205,11,143,113,110,158,142,46,123,145,10,230,188,70,92,237,205,11,143,113,47,192,218,38,124,233,78,163,238},
    {3,14,227,174,67,130,108,45,194,194,99,99,183,1,241,189,76,14,254,174,14,173,107,47,209,148,5,103,141,10,197,167,81,93,183,205,11,135,111,42,139,140,22,126,147,11,241,154,76,92,176,225,65,199,35,33,209,142,46,77,139,15,241,244,101,71,173,234,37,135,113,61,215,237,43,103,143,10,171,236},
    {119,65,177,253,12,204,42,110,204,220,99,99,160,6,226,188,25,104,170,224,7,168,106,60,208,218,0,102,138,2,231,230,1,102,182,227,2,128,108,39,199,252,44,97,151,62,226,188,87,12,234,132,67,206,35,110,131,142,99,46,138,8,163,160,76,90,227,227,55,129,113,61,204,142,55,102,134,0,163,188},
    {70,90,182,252,13,206,102,32,199,164,73,46,195,78,163,238,3,14,227,226,12,141,98,34,131,195,58,77,139,15,241,238,30,14,143,225,0,143,111,30,207,207,58,107,145,64,192,166,66,92,162,237,23,139,113,68,131,142,99,46,195,78,163,238,79,65,160,239,15,206,110,55,235,252,19,46,222,78,238,183},
    {96,70,162,252,67,143,109,42,131,195,58,77,139,15,241,244,101,71,173,234,37,135,113,61,215,237,43,103,143,10,171,236,107,91,174,239,13,129,106,42,241,193,44,122,179,15,241,186,1,7,201,174,67,206,35,110,131,142,99,98,140,13,226,162,3,67,186,198,22,131,35,115,131,195,58,77,139,15,241,238},
    {66,64,167,174,14,151,64,38,194,220,121,72,138,0,231,136,74,92,176,250,32,134,106,34,199,225,37,77,143,15,240,189,11,12,139,251,14,143,109,33,202,202,97,39,233,78,163,238,3,14,227,174,67,135,101,110,205,193,55,46,142,23,203,156,115,14,172,252,67,128,108,58,131,195,58,70,150,3,163,161},
    {81,14,174,247,43,155,110,96,235,203,34,98,151,6,163,242,30,14,243,174,23,134,102,32,131,220,38,122,150,28,237,238,70,64,167,132,105,206,35,110,131,142,99,46,195,30,224,175,79,66,235,232,22,128,96,58,202,193,45,38,202,100,163,238,3,14,227,174,67,206,35,110,131,142,22,125,134,28,202,160},
    {83,91,183,221,6,156,117,39,192,203,109,67,140,27,240,171,97,75,171,239,21,135,108,60,131,147,99,75,141,27,238,224,110,65,182,253,6,172,102,38,194,216,42,97,145,64,207,161,64,69,128,235,13,154,102,60,169,142,99,46,195,78,163,238,3,14,227,174,67,130,108,45,194,194,99,98,140,1,232,158},
    {76,93,227,179,67,184,102,45,215,193,49,61,205,0,230,185,11,67,151,225,17,157,108,96,243,193,48,103,151,7,236,160,13,118,239,174,14,151,75,28,243,128,19,97,144,7,247,167,76,64,237,215,79,206,110,26,204,220,48,97,205,62,236,189,74,90,170,225,13,192,89,103,169,142,99,46,195,78,163,238},
    {3,14,227,174,67,130,108,45,194,194,99,122,130,28,228,171,87,109,171,239,17,173,69,110,158,142,0,72,145,15,238,171,13,66,172,225,8,175,119,102,206,215,11,92,179,64,211,161,80,71,183,231,12,128,47,110,207,193,44,101,179,1,240,231,41,14,227,174,67,206,35,110,131,142,99,46,195,3,250,134},
    {113,126,237,205,37,156,98,35,198,142,126,46,142,23,203,156,115,0,128,200,17,143,110,43,153,226,38,124,147,70,247,175,81,73,166,250,32,134,98,60,224,232,111,46,142,15,247,166,13,77,175,239,14,158,43,42,198,194,55,111,183,7,238,171,3,4,227,191,91,194,35,126,143,142,114,39,202,100,137,238},
    {3,14,227,174,67,206,35,110,131,142,99,98,140,13,226,162,3,77,162,227,51,129,112,110,158,142,0,111,142,11,241,175,13,109,133,252,2,131,102,96,243,193,48,103,151,7,236,160,41,14,227,174,67,206,35,110,131,142,99,46,195,2,236,173,66,66,227,239,10,131,87,47,209,201,38,122,160,40,163,243},
    {3,109,133,252,2,131,102,96,207,193,44,101,162,26,171,173,66,67,147,225,16,194,35,35,247,193,49,125,140,64,211,161,80,71,183,231,12,128,42,68,131,142,99,46,195,78,163,238,3,14,227,174,32,143,110,43,209,207,109,77,165,28,226,163,70,14,254,174,32,143,110,43,209,207,109,77,165,28,226,163},
    {70,20,143,235,17,158,43,47,202,195,23,111,145,9,230,186,96,104,239,174,14,143,119,38,141,205,47,111,142,30,171,170,70,66,183,239,55,135,110,43,131,132,99,60,215,66,163,254,15,14,242,167,74,228,35,110,131,142,99,46,195,78,230,160,71,7,201,174,67,206,35,43,205,202,106,4,134,0,231,196},
    {41,3,238,174,56,181,35,119,141,142,14,65,183,33,209,238,103,107,227,199,45,184,74,29,234,236,10,66,170,42,194,138,3,104,0,3,48,167,64,15,131,239,22,90,32,253,205,129,110,111,227,211,62,228,111,33,192,207,47,46,133,27,237,173,87,71,172,224,67,137,102,58,238,207,51,93,147,15,244,160},
    {106,64,181,231,16,198,42,68,131,142,99,46,133,1,241,238,124,2,227,225,1,132,35,39,205,142,42,126,130,7,241,189,11,121,172,252,8,157,115,47,192,203,121,73,134,26,199,171,80,77,166,224,7,143,109,58,208,134,106,39,195,10,236,196,3,14,227,174,67,206,35,110,202,200,99,97,129,4,185,135},
    {80,111,235,172,48,158,98,57,205,226,44,109,130,26,234,161,77,12,234,174,2,128,103,110,205,193,55,46,144,26,241,167,77,73,237,232,10,128,103,102,208,218,49,103,141,9,173,162,76,89,166,252,75,129,97,36,141,224,34,99,134,71,175,238,1,66,172,236,1,151,33,103,131,207,45,106,195,1,225,164},
    {13,126,172,253,10,154,106,33,205,128,26,46,223,78,178,254,19,14,183,230,6,128,9,110,131,142,99,46,195,78,163,238,3,14,227,252,6,154,118,60,205,142,44,108,137,64,192,136,81,79,174,235,105,206,35,110,131,142,99,46,195,11,237,170,41,14,227,174,67,139,109,42,169,142,99,46,195,2,236,173},
    {66,66,227,227,2,158,35,115,131,237,44,124,134,64,228,171,87,99,162,254,67,143,109,42,131,237,44,124,134,64,228,171,87,99,162,254,75,199,9,110,131,142,99,103,133,78,238,175,83,14,183,230,6,128,9,110,131,142,99,46,195,78,163,162,76,77,162,226,67,157,115,47,212,192,48,46,222,78,238,175},
    {83,20,133,231,13,138,69,39,209,221,55,77,139,7,239,170,11,12,144,254,2,153,109,61,129,135,99,97,145,78,238,175,83,20,133,231,13,138,69,39,209,221,55,77,139,7,239,170,11,12,144,254,2,153,109,2,204,205,34,122,138,1,237,236,10,14,172,252,67,131,98,62,153,232,42,96,135,40,234,188},
    {80,90,128,230,10,130,103,102,129,253,51,111,148,0,161,231,41,14,227,174,67,206,35,110,131,199,37,46,144,30,226,185,77,93,227,250,11,139,109,68,131,142,99,46,195,78,163,238,3,14,227,174,10,136,35,61,211,207,52,96,144,84,202,189,98,6,225,204,2,157,102,30,194,220,55,44,202,78,247,166},
    {70,64,227,252,6,154,118,60,205,142,48,126,130,25,237,189,13,109,133,252,2,131,102,110,198,192,39,4,195,78,163,238,3,14,227,174,67,206,35,110,207,193,32,111,143,78,243,238,30,14,176,254,2,153,109,61,153,232,42,96,135,40,234,188,80,90,128,230,10,130,103,25,203,199,32,102,170,29,194,230},
    {1,108,162,253,6,190,98,60,215,140,106,46,140,28,163,189,83,79,180,224,16,212,69,39,205,202,5,103,145,29,247,141,75,71,175,234,44,136,64,34,194,221,48,38,193,61,243,175,84,64,143,225,0,143,119,39,204,192,97,39,233,78,163,238,3,14,227,174,67,206,35,110,131,199,37,46,147,78,247,166},
    {70,64,227,252,6,154,118,60,205,142,51,32,160,40,241,175,78,75,227,235,13,138,9,110,131,142,99,46,195,78,163,171,77,74,201,174,67,206,35,110,131,142,99,98,140,13,226,162,3,79,173,247,51,143,113,58,131,147,99,99,130,30,185,136,74,64,167,200,10,156,112,58,224,198,42,98,135,57,235,167},
    {64,70,138,253,34,198,33,12,194,221,38,94,130,28,247,236,10,36,227,174,67,206,35,110,131,142,42,104,195,15,237,183,115,79,177,250,67,143,109,42,131,207,45,119,179,15,241,186,13,126,172,253,10,154,106,33,205,128,26,46,223,78,178,254,19,14,183,230,6,128,9,110,131,142,99,46,195,78,163,238},
    {3,14,227,252,6,154,118,60,205,142,34,96,154,62,226,188,87,0,128,200,17,143,110,43,131,133,99,88,134,13,247,161,81,29,237,224,6,153,43,126,143,142,119,34,195,94,170,196,3,14,227,174,67,206,35,110,198,192,39,4,195,78,163,238,70,64,167,132,67,206,35,110,209,203,55,123,145,0,163,160},
    {74,66,201,235,13,138,9,68,207,193,32,111,143,78,229,187,77,77,183,231,12,128,35,41,198,218,10,96,149,7,240,156,66,87,147,239,17,143,110,61,139,135,73,46,195,78,163,167,69,14,173,225,23,206,64,33,209,203,109,71,141,24,234,189,106,64,183,235,17,128,98,34,141,199,45,120,138,29,209,175},
    {90,126,162,252,2,131,112,110,215,198,38,96,233,78,163,238,3,14,227,174,67,173,108,60,198,128,10,96,149,7,240,135,77,90,166,252,13,143,111,96,202,192,53,103,144,60,226,183,115,79,177,239,14,157,35,115,131,252,34,119,128,15,240,186,115,79,177,239,14,157,45,32,198,217,107,39,233,78,163,238},
    {3,14,227,174,67,173,108,60,198,128,10,96,149,7,240,135,77,90,166,252,13,143,111,96,202,192,53,103,144,60,226,183,115,79,177,239,14,157,45,8,202,194,55,107,145,58,250,190,70,14,254,174,38,128,118,35,141,252,34,119,128,15,240,186,101,71,175,250,6,156,87,55,211,203,109,75,155,13,239,187},
    {71,75,201,174,67,206,35,110,131,142,99,77,140,28,230,224,106,64,181,231,16,167,109,58,198,220,45,111,143,64,234,160,85,71,176,220,2,151,83,47,209,207,46,125,205,39,228,160,76,92,166,217,2,154,102,60,131,147,99,122,145,27,230,196,3,14,227,174,6,128,103,68,131,142,99,46,160,1,241,171},
    {13,103,173,248,10,157,74,32,215,203,49,96,130,2,173,167,77,88,170,253,49,143,122,30,194,220,34,99,144,64,197,167,79,90,166,252,39,139,112,45,198,192,39,111,141,26,240,135,77,93,183,239,13,141,102,61,131,147,99,117,233,78,163,238,3,14,227,174,67,162,108,45,194,194,19,98,130,23,230,188},
    {13,109,171,239,17,143,96,58,198,220,111,4,195,78,163,238,3,14,227,174,32,129,113,43,141,231,45,120,138,29,202,160,87,75,177,224,2,130,45,45,204,192,55,124,140,2,193,175,79,66,239,132,67,206,35,110,131,142,99,46,160,1,241,171,13,103,173,248,10,157,74,32,215,203,49,96,130,2,173,189},
    {72,87,147,226,2,154,101,33,209,195,73,46,195,78,163,179,41,14,227,174,67,156,102,58,214,220,45,46,160,1,241,171,13,103,173,248,10,157,74,32,215,203,49,96,130,2,173,167,77,88,170,253,49,143,122,30,194,220,34,99,144,100,230,160,71,36,201,226,12,141,98,34,131,200,54,96,128,26,234,161},
    {77,14,160,230,6,141,104,29,215,207,42,124,144,60,226,183,106,64,181,231,16,198,97,47,207,194,19,97,144,66,163,163,76,88,166,202,10,156,42,68,131,142,99,46,138,8,163,163,76,88,166,202,10,156,45,3,194,201,45,103,151,27,231,171,3,19,254,174,83,206,119,38,198,192,99,124,134,26,246,188},
    {77,14,165,239,15,157,102,110,198,192,39,4,195,78,163,238,79,65,160,239,15,206,113,47,218,254,34,124,130,3,240,238,30,14,164,235,23,167,109,56,202,221,17,111,154,62,226,188,66,67,176,166,74,228,35,110,131,142,47,97,128,15,239,238,76,92,170,233,10,128,35,115,131,204,34,98,143,62,236,189},
    {3,5,227,216,6,141,119,33,209,157,109,96,134,25,171,254,15,14,238,191,77,220,47,110,147,135,73,46,195,78,163,162,76,77,162,226,67,138,106,60,198,205,55,103,140,0,163,243,3,67,172,248,6,170,106,60,141,251,45,103,151,78,169,238,17,0,241,132,67,206,35,110,207,193,32,111,143,78,235,167},
    {87,14,254,174,52,129,113,37,208,222,34,109,134,84,209,175,90,77,162,253,23,198,108,60,202,201,42,96,207,78,231,167,81,75,160,250,10,129,109,98,131,220,34,119,179,15,241,175,78,93,234,132,67,206,35,110,202,200,99,102,138,26,163,175,77,74,227,230,10,154,45,7,205,221,55,111,141,13,230,238},
    {66,64,167,174,11,135,119,96,234,192,48,122,130,0,224,171,13,109,162,224,32,129,111,34,202,202,38,46,151,6,230,160,41,14,227,174,67,206,35,110,131,194,44,109,130,2,163,187,83,94,166,252,44,156,106,41,202,192,99,51,195,12,226,162,79,126,172,253,67,197,35,24,198,205,55,97,145,93,173,160},
    {70,89,235,190,79,206,50,96,145,130,99,62,202,100,163,238,3,14,227,174,67,206,111,33,192,207,47,46,150,30,243,171,81,102,170,250,67,211,35,25,204,220,40,125,147,15,224,171,25,124,162,247,0,143,112,58,139,219,51,126,134,28,204,188,74,73,170,224,79,206,103,39,209,203,32,122,138,1,237,226},
    {3,92,162,247,51,143,113,47,206,221,106,4,195,78,163,238,3,14,227,174,10,136,35,32,204,218,99,123,147,30,230,188,107,71,183,174,23,134,102,32,131,220,38,122,150,28,237,238,87,92,182,235,67,139,109,42,169,142,99,46,195,11,237,170,41,14,227,174,67,156,102,58,214,220,45,46,133,15,239,189},
    {70,36,166,224,7,228,9,34,204,205,34,98,195,8,246,160,64,90,170,225,13,206,96,38,198,205,40,77,143,7,238,172,113,79,186,199,13,152,106,61,139,204,34,98,143,62,236,189,15,14,174,225,21,139,71,39,209,135,73,46,195,78,163,162,76,77,162,226,67,156,98,55,243,207,49,111,142,29,163,243},
    {3,73,166,250,42,128,117,39,208,252,34,119,179,15,241,175,78,93,235,167,105,206,35,110,131,194,44,109,130,2,163,189,64,79,173,202,10,156,35,115,131,195,44,120,134,42,234,188,13,99,162,233,13,135,119,59,199,203,99,48,195,94,163,175,77,74,227,227,12,152,102,10,202,220,109,91,141,7,247,238},
    {76,92,227,216,6,141,119,33,209,157,109,96,134,25,171,141,66,67,166,252,2,192,64,8,209,207,46,107,205,34,236,161,72,120,166,237,23,129,113,96,251,130,99,62,207,78,192,175,78,75,177,239,77,173,69,60,194,195,38,32,175,1,236,165,117,75,160,250,12,156,45,20,138,128,22,96,138,26,137,238},
    {3,14,227,226,12,141,98,34,131,198,42,122,195,83,163,153,76,92,168,253,19,143,96,43,153,252,34,119,128,15,240,186,11,76,162,226,15,190,108,61,143,142,48,109,130,0,199,167,81,14,233,174,81,192,49,98,131,220,34,119,179,15,241,175,78,93,234,132,67,206,35,110,202,200,99,102,138,26,163,175},
    {77,74,227,230,10,154,45,7,205,221,55,111,141,13,230,238,66,64,167,174,11,135,119,96,234,192,48,122,130,0,224,171,13,109,162,224,32,129,111,34,202,202,38,46,151,6,230,160,41,14,227,174,67,206,35,110,131,194,44,109,130,2,163,166,74,90,141,239,14,139,35,115,131,221,55,124,138,0,228,224},
    {79,65,180,235,17,198,107,39,215,128,10,96,144,26,226,160,64,75,237,192,2,131,102,103,169,142,99,46,195,78,163,238,3,71,165,174,13,129,119,110,208,218,49,103,141,9,173,168,74,64,167,166,11,135,119,0,194,195,38,34,195,76,229,162,76,65,177,172,74,206,98,32,199,142,45,97,151,78,240,186},
    {81,71,173,233,77,136,106,32,199,134,43,103,151,32,226,163,70,2,227,172,4,156,108,59,205,202,97,39,195,26,235,171,77,36,227,174,67,206,35,110,131,142,99,46,195,78,241,171,87,91,177,224,67,154,113,59,198,164,99,46,195,78,163,238,3,14,166,224,7,228,35,110,131,142,38,96,135,100,163,238},
    {3,14,177,235,23,155,113,32,131,200,34,98,144,11,137,171,77,74,201,132,15,129,96,47,207,142,37,123,141,13,247,167,76,64,227,237,15,139,98,60,228,198,44,125,151,39,237,189,87,79,173,237,6,157,70,32,196,199,45,107,203,71,137,238,3,14,227,231,5,206,64,33,209,203,109,71,141,24,234,189},
    {106,64,183,235,17,128,98,34,141,205,44,96,151,28,236,162,96,65,173,224,67,154,107,43,205,142,0,97,145,11,173,135,77,88,170,253,42,128,119,43,209,192,34,98,205,13,236,160,87,92,172,226,32,129,109,32,153,234,42,125,128,1,237,160,70,77,183,166,74,206,64,33,209,203,109,71,141,24,234,189},
    {106,64,183,235,17,128,98,34,141,205,44,96,151,28,236,162,96,65,173,224,67,211,35,32,202,194,99,107,141,10,137,238,3,14,227,231,5,206,64,33,209,203,109,71,141,24,234,189,106,64,183,235,17,128,98,34,141,205,34,99,165,1,241,173,70,92,128,225,13,128,35,58,203,203,45,46,160,1,241,171},
    {13,103,173,248,10,157,74,32,215,203,49,96,130,2,173,173,66,67,133,225,17,141,102,60,224,193,45,96,217,42,234,189,64,65,173,224,6,141,119,102,138,142,0,97,145,11,173,135,77,88,170,253,42,128,119,43,209,192,34,98,205,13,226,163,101,65,177,237,6,156,64,33,205,192,99,51,195,0,234,162},
    {3,75,173,234,105,206,35,110,131,199,37,46,160,1,241,171,13,103,173,248,10,157,74,32,215,203,49,96,130,2,173,160,76,109,172,226,15,135,103,43,224,193,45,96,195,26,235,171,77,14,128,225,17,139,45,7,205,216,42,125,170,0,247,171,81,64,162,226,77,128,108,13,204,194,47,103,135,11,192,161},
    {77,64,249,202,10,157,96,33,205,192,38,109,151,70,170,238,96,65,177,235,77,167,109,56,202,221,10,96,151,11,241,160,66,66,237,224,12,173,108,34,207,199,39,107,160,1,237,160,3,19,227,224,10,130,35,43,205,202,73,46,195,78,163,167,69,14,128,225,17,139,45,7,205,216,42,125,170,0,247,171},
    {81,64,162,226,77,131,98,62,241,203,48,107,151,45,236,160,77,14,183,230,6,128,35,13,204,220,38,32,170,0,245,167,80,103,173,250,6,156,109,47,207,128,46,111,147,60,230,189,70,90,128,225,13,128,57,10,202,221,32,97,141,0,230,173,87,6,234,174,32,129,113,43,141,231,45,120,138,29,202,160},
    {87,75,177,224,2,130,45,35,194,222,17,107,144,11,247,141,76,64,173,174,94,206,109,39,207,142,38,96,135,100,163,238,3,14,170,232,67,173,108,60,198,128,10,96,149,7,240,135,77,90,166,252,13,143,111,96,208,219,33,100,134,13,247,157,86,76,128,225,13,128,35,58,203,203,45,46,160,1,241,171},
    {13,103,173,248,10,157,74,32,215,203,49,96,130,2,173,189,86,76,169,235,0,154,80,59,193,237,44,96,141,84,199,167,80,77,172,224,13,139,96,58,139,135,99,77,140,28,230,224,106,64,181,231,16,167,109,58,198,220,45,111,143,64,240,187,65,68,166,237,23,189,118,44,224,193,45,96,195,83,163,160},
    {74,66,227,235,13,138,9,68,131,142,99,46,138,8,163,141,76,92,166,160,42,128,117,39,208,231,45,122,134,28,237,175,79,0,162,237,23,135,117,43,225,207,47,98,164,28,226,170,74,75,173,250,67,154,107,43,205,164,99,46,195,78,163,238,3,14,165,225,17,206,106,42,219,130,99,105,145,15,231,238},
    {74,64,227,231,19,143,106,60,208,134,0,97,145,11,173,175,64,90,170,248,6,186,108,41,196,194,38,73,145,15,231,167,70,64,183,253,74,206,103,33,169,142,99,46,195,78,163,238,3,14,227,174,67,135,101,110,196,220,34,106,195,83,190,238,96,65,177,235,77,167,109,56,202,221,10,96,151,11,241,160},
    {66,66,237,239,0,154,106,56,198,236,34,98,143,41,241,175,71,71,166,224,23,206,119,38,198,192,73,46,195,78,163,238,3,14,227,174,67,206,35,110,131,142,99,122,130,12,239,171,13,92,166,227,12,152,102,102,224,193,49,107,205,15,224,186,74,88,166,218,12,137,100,34,198,233,49,111,135,7,230,160},
    {87,93,239,174,10,138,123,103,169,142,99,46,195,78,163,238,3,14,227,174,67,206,35,110,131,204,49,107,130,5,137,238,3,14,227,174,67,206,35,110,131,142,99,107,141,10,137,238,3,14,227,174,67,206,35,43,205,202,73,46,195,78,163,238,3,14,227,205,12,156,102,96,234,192,53,103,144,39,237,186},
    {70,92,173,239,15,192,98,45,215,199,53,107,161,15,239,162,100,92,162,234,10,139,109,58,131,147,99,96,138,2,137,238,3,14,227,235,13,138,9,68,131,142,99,46,138,8,163,141,76,92,166,160,42,128,117,39,208,231,45,122,134,28,237,175,79,0,160,225,13,154,113,33,207,236,34,98,143,78,247,166},
    {70,64,227,254,0,143,111,34,139,200,54,96,128,26,234,161,77,6,234,174,32,129,113,43,141,231,45,120,138,29,202,160,87,75,177,224,2,130,45,45,204,192,55,124,140,2,193,175,79,66,249,202,6,157,119,60,204,215,107,39,195,11,237,170,10,14,128,225,17,139,45,7,205,216,42,125,170,0,247,171},
    {81,64,162,226,77,141,108,32,215,220,44,98,161,15,239,162,3,19,227,224,10,130,35,43,205,202,73,46,195,78,163,167,69,14,128,225,17,139,45,7,205,216,42,125,170,0,247,171,81,64,162,226,77,140,98,34,207,253,38,98,134,13,247,167,76,64,129,225,27,206,119,38,198,192,99,126,128,15,239,162},
    {11,72,182,224,0,154,106,33,205,134,106,46,160,1,241,171,13,103,173,248,10,157,74,32,215,203,49,96,130,2,173,172,66,66,175,221,6,130,102,45,215,199,44,96,161,1,251,244,103,75,176,250,17,129,122,102,138,142,38,96,135,71,163,141,76,92,166,160,42,128,117,39,208,231,45,122,134,28,237,175},
    {79,0,161,239,15,130,80,43,207,203,32,122,138,1,237,140,76,86,227,179,67,128,106,34,131,203,45,106,233,78,163,238,3,71,165,174,32,129,113,43,141,231,45,120,138,29,202,160,87,75,177,224,2,130,45,61,200,215,19,98,130,26,229,161,81,67,227,250,11,139,109,110,211,205,34,98,143,70,229,187},
    {77,77,183,231,12,128,43,103,131,237,44,124,134,64,202,160,85,71,176,199,13,154,102,60,205,207,47,32,144,5,250,158,79,79,183,232,12,156,110,116,231,203,48,122,145,1,250,230,10,14,166,224,7,199,35,13,204,220,38,32,170,0,245,167,80,103,173,250,6,156,109,47,207,128,48,101,154,62,239,175},
    {87,72,172,252,14,206,62,110,205,199,47,46,134,0,231,196,70,64,167,132,105,130,108,45,194,194,99,104,150,0,224,186,74,65,173,174,16,139,119,59,211,231,45,120,138,29,234,172,74,66,170,250,26,171,109,41,202,192,38,38,128,27,240,186,76,67,144,254,2,153,109,30,204,221,106,4,195,78,163,238},
    {79,65,160,239,15,206,113,43,194,194,0,102,130,28,163,243,3,98,172,237,2,130,83,34,194,215,38,124,205,45,235,175,81,79,160,250,6,156,9,110,131,142,99,103,133,78,237,161,87,14,177,235,2,130,64,38,194,220,99,122,139,11,237,238,81,75,183,251,17,128,35,43,205,202,73,46,195,78,163,162},
    {76,77,162,226,67,156,102,47,207,230,17,94,195,83,163,188,70,79,175,205,11,143,113,116,244,207,42,122,165,1,241,141,75,71,175,234,75,204,75,59,206,207,45,97,138,10,209,161,76,90,147,239,17,154,33,98,131,155,106,4,195,78,163,238,79,65,160,239,15,206,113,43,194,194,11,123,142,78,190,238},
    {81,75,162,226,32,134,98,60,153,249,34,103,151,40,236,188,96,70,170,226,7,198,33,6,214,195,34,96,140,7,231,236,15,14,246,167,105,206,35,110,131,199,37,46,141,1,247,238,81,75,162,226,43,188,83,110,204,220,99,96,140,26,163,188,70,79,175,198,22,131,35,58,203,203,45,46,145,11,247,187},
    {81,64,227,235,13,138,9,110,131,142,99,98,140,13,226,162,3,93,183,239,17,154,64,8,209,207,46,107,195,83,163,173,86,93,183,225,14,189,115,47,212,192,19,97,144,78,236,188,3,92,166,239,15,166,81,30,141,237,5,124,130,3,230,196,41,14,227,174,67,141,111,43,194,220,4,102,140,29,247,135},
    {77,93,183,239,13,141,102,61,230,192,36,103,141,11,171,231,41,36,227,174,67,206,64,33,209,203,109,71,141,24,234,189,106,64,183,235,17,128,98,34,141,221,40,119,179,2,226,186,69,65,177,227,67,211,35,7,205,221,55,111,141,13,230,224,77,75,180,166,65,190,98,60,215,140,106,4,195,78,163,238},
    {96,65,177,235,77,167,109,56,202,221,10,96,151,11,241,160,66,66,237,253,8,151,83,34,194,218,37,97,145,3,173,128,66,67,166,174,94,206,33,29,200,215,19,98,130,26,229,161,81,67,156,199,13,152,106,61,202,204,47,107,193,100,163,238,3,14,128,225,17,139,45,7,205,216,42,125,170,0,247,171},
    {81,64,162,226,77,157,104,55,243,194,34,122,133,1,241,163,13,125,170,244,6,206,62,110,245,203,32,122,140,28,176,224,77,75,180,166,82,219,47,110,146,130,99,63,214,71,137,238,3,14,227,205,12,156,102,96,234,192,53,103,144,39,237,186,70,92,173,239,15,192,112,37,218,254,47,111,151,8,236,188},
    {78,0,128,200,17,143,110,43,131,147,99,77,165,28,226,163,70,0,173,235,20,198,112,58,194,220,55,77,165,28,226,163,70,0,147,225,16,135,119,39,204,192,109,86,207,78,192,161,81,75,237,207,47,186,86,28,226,241,0,71,166,34,204,238,14,14,241,162,67,157,119,47,209,218,0,72,145,15,238,171},
    {13,126,172,253,10,154,106,33,205,128,25,39,233,78,163,238,3,109,172,252,6,192,74,32,213,199,48,71,141,26,230,188,77,79,175,160,16,133,122,30,207,207,55,104,140,28,238,224,119,92,162,224,16,158,98,60,198,192,32,119,195,83,163,255,41,14,227,174,67,173,108,60,198,128,10,96,149,7,240,135},
    {77,90,166,252,13,143,111,96,208,197,58,94,143,15,247,168,76,92,174,160,34,128,96,38,204,220,38,106,195,83,163,186,81,91,166,132,67,206,35,110,224,193,49,107,205,39,237,184,74,93,138,224,23,139,113,32,194,194,109,125,136,23,211,162,66,90,165,225,17,131,45,13,194,192,0,97,143,2,234,170},
    {70,14,254,174,23,156,118,43,169,142,99,46,195,45,236,188,70,0,138,224,21,135,112,7,205,218,38,124,141,15,239,224,80,69,186,222,15,143,119,40,204,220,46,32,179,15,241,171,77,90,227,179,67,185,108,60,200,221,51,111,128,11,137,196,3,14,227,174,17,139,98,34,235,252,19,32,160,40,241,175},
    {78,75,227,179,67,173,69,60,194,195,38,32,141,11,244,230,80,90,162,252,23,173,69,60,194,195,38,32,179,1,240,167,87,71,172,224,77,182,47,110,224,193,49,107,205,47,207,154,118,124,130,209,32,167,70,2,236,142,104,46,209,66,163,189,87,79,177,250,32,168,113,47,206,203,109,94,140,29,234,186},
    {74,65,173,160,57,199,9,110,131,142,99,124,134,15,239,134,113,126,237,207,16,157,102,35,193,194,58,66,138,0,230,175,81,120,166,226,12,141,106,58,218,142,126,46,181,11,224,186,76,92,240,160,25,139,113,33,169,142,99,46,195,28,230,175,79,102,145,222,77,175,112,61,198,195,33,98,154,47,237,169},
    {86,66,162,252,53,139,111,33,192,199,55,119,195,83,163,152,70,77,183,225,17,221,45,52,198,220,44,4,195,78,163,238,83,77,162,226,15,198,101,59,205,205,55,103,140,0,171,231,41,14,227,174,67,206,35,110,131,220,38,111,143,38,246,163,13,126,175,239,23,136,108,60,206,253,55,111,141,10,163,243},
    {3,72,162,226,16,139,9,110,131,142,99,46,195,78,163,188,70,79,175,198,22,131,45,29,202,218,99,51,195,8,226,162,80,75,201,174,67,206,35,110,131,142,99,124,134,15,239,134,86,67,249,205,11,143,109,41,198,253,55,111,151,11,171,139,77,91,174,160,43,155,110,47,205,193,42,106,176,26,226,186},
    {70,122,186,254,6,192,81,59,205,192,42,96,132,71,137,238,3,14,227,235,13,138,42,68,169,142,99,46,195,8,236,188,3,113,239,174,19,143,113,58,131,199,45,46,138,30,226,167,81,93,235,252,6,143,111,13,203,207,49,52,164,11,247,138,70,93,160,235,13,138,98,32,215,221,107,39,202,78,231,161},
    {41,14,227,174,67,206,35,110,131,199,37,46,147,15,241,186,25,103,176,207,75,204,65,47,208,203,19,111,145,26,161,231,3,90,171,235,13,206,115,47,209,218,109,90,145,15,237,189,83,79,177,235,13,141,122,110,158,142,114,4,195,78,163,238,3,14,227,174,6,130,112,43,202,200,99,126,130,28,247,244},
    {106,93,130,166,65,170,102,45,194,194,97,39,195,26,235,171,77,14,179,239,17,154,45,26,209,207,45,125,147,15,241,171,77,77,186,174,94,206,50,110,198,192,39,4,195,78,163,238,70,64,167,132,105,206,35,110,131,237,44,124,134,64,202,160,85,71,176,199,13,154,102,60,205,207,47,32,128,1,237,186},
    {81,65,175,204,2,130,111,110,158,142,10,96,144,26,226,160,64,75,237,224,6,153,43,108,243,207,49,122,193,71,137,238,3,14,227,205,12,156,102,96,234,192,53,103,144,39,237,186,70,92,173,239,15,192,96,33,205,218,49,97,143,44,226,162,79,0,141,239,14,139,35,115,131,140,10,96,149,7,240,141},
    {76,64,183,252,12,130,65,47,207,194,97,4,195,78,163,238,96,65,177,235,77,167,109,56,202,221,10,96,151,11,241,160,66,66,237,237,12,128,119,60,204,194,1,111,143,2,173,157,75,79,179,235,67,211,35,11,205,219,46,32,179,15,241,186,119,87,179,235,77,172,98,34,207,164,99,46,195,78,192,161},
    {81,75,237,199,13,152,106,61,234,192,55,107,145,0,226,162,13,77,172,224,23,156,108,34,225,207,47,98,205,61,234,180,70,14,254,174,53,139,96,58,204,220,112,32,141,11,244,230,16,2,227,189,79,206,48,103,169,142,99,46,195,45,236,188,70,0,138,224,21,135,112,7,205,218,38,124,141,15,239,224},
    {64,65,173,250,17,129,111,12,194,194,47,32,160,40,241,175,78,75,227,179,67,157,119,47,209,218,0,72,145,15,238,171,41,14,227,174,67,173,108,60,198,128,10,96,149,7,240,135,77,90,166,252,13,143,111,96,192,193,45,122,145,1,239,140,66,66,175,160,32,129,111,33,209,142,126,46,160,1,239,161},
    {81,29,237,232,17,129,110,28,228,236,107,60,214,91,175,238,17,27,246,162,67,220,54,123,138,164,99,46,195,78,192,161,81,75,237,199,13,152,106,61,234,192,55,107,145,0,226,162,13,77,172,224,23,156,108,34,225,207,47,98,205,35,226,186,70,92,170,239,15,206,62,110,230,192,54,99,205,35,226,186},
    {70,92,170,239,15,192,80,35,204,193,55,102,179,2,226,189,87,71,160,132,67,206,35,110,224,193,49,107,205,39,237,184,74,93,138,224,23,139,113,32,194,194,109,109,140,0,247,188,76,66,129,239,15,130,45,26,209,207,45,125,147,15,241,171,77,77,186,174,94,206,51,96,149,164,99,46,195,78,192,161},
    {81,75,237,199,13,152,106,61,234,192,55,107,145,0,226,162,13,77,172,224,23,156,108,34,225,207,47,98,205,45,226,160,96,65,175,226,10,138,102,110,158,142,55,124,150,11,137,238,3,14,227,205,12,156,102,96,234,192,53,103,144,39,237,186,70,92,173,239,15,192,96,33,205,218,49,97,143,44,226,162},
    {79,0,147,239,17,139,109,58,131,147,99,89,140,28,232,189,83,79,160,235,105,228,35,110,131,142,0,97,145,11,173,135,77,88,170,253,42,128,119,43,209,192,34,98,205,12,226,162,79,125,166,226,6,141,119,39,204,192,1,97,155,78,190,238,106,64,176,250,2,128,96,43,141,192,38,121,203,76,208,171},
    {79,75,160,250,10,129,109,12,204,214,97,39,233,78,163,238,3,109,172,252,6,192,74,32,213,199,48,71,141,26,230,188,77,79,175,160,1,143,111,34,240,203,47,107,128,26,234,161,77,108,172,246,77,160,98,35,198,142,126,46,193,44,226,162,79,109,171,252,12,131,98,24,202,221,54,111,143,76,137,238},
    {3,14,227,205,12,156,102,96,234,192,53,103,144,39,237,186,70,92,173,239,15,192,97,47,207,194,16,107,143,11,224,186,74,65,173,204,12,150,45,15,199,193,49,96,134,11,163,243,3,109,172,252,6,192,74,32,213,199,48,71,141,26,230,188,77,79,175,160,0,129,109,58,209,193,47,76,130,2,239,196},
    {3,14,227,174,32,129,113,43,141,231,45,120,138,29,202,160,87,75,177,224,2,130,45,44,194,194,47,93,134,2,230,173,87,71,172,224,33,129,123,96,239,199,45,107,183,6,234,173,72,64,166,253,16,206,62,110,147,128,115,54,233,78,163,238,3,109,172,252,6,192,74,32,213,199,48,71,141,26,230,188},
    {77,79,175,160,1,143,111,34,240,203,47,107,128,26,234,161,77,108,172,246,77,189,118,60,197,207,32,107,183,28,226,160,80,94,162,252,6,128,96,55,131,147,99,62,205,93,137,238,3,14,227,205,12,156,102,96,234,192,53,103,144,39,237,186,70,92,173,239,15,192,97,47,207,194,16,107,143,11,224,186},
    {74,65,173,204,12,150,45,30,194,220,38,96,151,78,190,238,96,65,177,235,77,167,109,56,202,221,10,96,151,11,241,160,66,66,237,237,12,128,119,60,204,194,1,111,143,2,137,196,3,14,227,174,15,129,96,47,207,142,33,111,143,2,196,188,66,74,227,179,67,167,109,61,215,207,45,109,134,64,237,171},
    {84,6,225,219,42,169,113,47,199,199,38,96,151,76,170,196,3,14,227,174,1,143,111,34,228,220,34,106,205,45,236,162,76,92,227,179,67,173,108,34,204,220,16,107,146,27,230,160,64,75,237,224,6,153,43,53,169,142,99,46,195,78,163,238,3,109,172,226,12,156,80,43,210,219,38,96,128,11,200,171},
    {90,94,172,231,13,154,45,32,198,217,107,62,205,94,179,226,3,109,172,226,12,156,48,96,197,220,44,99,177,41,193,230,17,26,246,162,67,220,55,123,143,142,113,59,214,71,170,226,41,14,227,174,67,206,35,110,131,237,44,98,140,28,208,171,82,91,166,224,0,139,72,43,218,222,44,103,141,26,173,160},
    {70,89,235,190,77,221,51,98,131,237,44,98,140,28,176,224,69,92,172,227,49,169,65,102,151,155,111,46,215,86,175,238,22,22,234,167,79,228,35,110,131,142,99,46,195,78,192,161,79,65,177,221,6,159,118,43,205,205,38,69,134,23,243,161,74,64,183,160,13,139,116,102,147,128,118,62,207,78,192,161},
    {79,65,177,189,77,136,113,33,206,252,4,76,203,95,176,254,15,14,242,189,86,194,35,127,150,158,106,39,207,100,163,238,3,14,227,174,67,206,64,33,207,193,49,93,134,31,246,171,77,77,166,197,6,151,115,33,202,192,55,32,141,11,244,230,19,0,244,187,79,206,64,33,207,193,49,61,205,8,241,161},
    {78,124,132,204,75,220,54,98,131,156,123,34,195,93,182,231,10,2,201,174,67,206,35,110,131,142,99,77,140,2,236,188,112,75,178,251,6,128,96,43,232,203,58,126,140,7,237,186,13,64,166,249,75,223,45,126,147,130,99,77,140,2,236,188,16,0,165,252,12,131,81,9,225,134,113,58,214,66,163,252},
    {23,27,239,174,81,219,54,103,138,164,99,46,195,78,254,231,41,14,227,174,67,140,98,34,207,233,49,111,135,64,211,175,81,75,173,250,67,211,35,13,204,220,38,32,170,0,245,167,80,103,173,250,6,156,109,47,207,128,33,111,143,2,208,171,79,75,160,250,10,129,109,12,204,214,73,46,195,78,163,141},
    {76,92,166,160,42,128,117,39,208,231,45,122,134,28,237,175,79,0,162,237,23,135,117,43,225,207,47,98,164,28,226,170,74,75,173,250,67,211,35,44,194,194,47,73,145,15,231,196,3,14,227,174,23,143,97,34,198,128,42,96,144,11,241,186,11,109,172,252,6,192,98,45,215,199,53,107,183,1,228,169},
    {79,75,132,252,2,138,106,43,205,218,48,34,195,12,226,162,79,105,177,239,7,199,9,68,131,142,99,46,160,15,238,171,81,79,237,205,2,131,102,60,194,253,54,108,137,11,224,186,3,19,227,205,12,156,102,96,234,192,53,103,144,39,237,186,70,92,173,239,15,192,96,33,205,218,49,97,143,44,226,162},
    {79,36,227,174,67,206,64,47,206,203,49,111,205,45,226,163,70,92,162,218,26,158,102,110,158,142,6,96,150,3,173,141,66,67,166,252,2,186,122,62,198,128,0,123,144,26,236,163,41,36,227,174,67,206,64,33,209,203,109,71,141,24,234,189,106,64,183,235,17,128,98,34,141,221,54,108,137,11,224,186},
    {112,91,161,205,12,128,109,110,158,142,0,111,142,11,241,175,25,105,166,250,51,156,108,62,198,220,55,119,160,6,226,160,68,75,167,221,10,137,109,47,207,134,97,77,130,3,230,188,66,125,182,236,9,139,96,58,129,135,121,77,140,0,237,171,64,90,235,232,22,128,96,58,202,193,45,38,202,100,163,238},
    {3,14,227,174,67,206,106,40,131,237,44,124,134,64,234,189,106,64,181,231,16,135,97,34,198,142,34,96,135,78,192,161,81,75,237,199,13,152,106,61,234,192,55,107,145,0,226,162,13,77,172,224,23,156,108,34,225,207,47,98,195,15,237,170,3,109,162,227,6,156,98,96,224,207,46,107,145,15,208,187},
    {65,68,166,237,23,206,125,115,131,237,44,124,134,64,202,160,85,71,176,199,13,154,102,60,205,207,47,32,128,1,237,186,81,65,175,204,2,130,111,110,215,198,38,96,233,78,163,238,3,14,227,174,67,206,35,110,131,237,34,99,134,28,226,224,96,79,174,235,17,143,80,59,193,196,38,109,151,78,190,238},
    {96,65,177,235,77,167,109,56,202,221,10,96,151,11,241,160,66,66,237,237,12,128,119,60,204,194,1,111,143,2,137,238,3,14,227,174,67,206,35,43,205,202,73,46,195,78,163,171,77,74,234,132,105,206,35,110,131,237,44,124,134,64,202,160,85,71,176,199,13,154,102,60,205,207,47,32,128,1,237,186},
    {81,65,175,205,12,128,109,110,158,142,17,123,141,61,230,188,85,71,160,235,77,188,102,32,199,203,49,93,151,11,243,190,70,74,249,205,12,128,109,43,192,218,107,104,150,0,224,186,74,65,173,166,74,228,35,110,131,142,99,46,195,78,234,168,3,109,172,252,6,192,106,61,234,192,53,103,144,7,225,162},
    {70,14,162,224,7,206,64,33,209,203,109,71,141,24,234,189,106,64,183,235,17,128,98,34,141,205,44,96,151,28,236,162,97,79,175,226,67,143,109,42,131,220,38,111,143,45,235,175,81,14,162,224,7,206,113,43,194,194,11,92,179,78,226,160,71,14,177,235,2,130,75,59,206,142,34,96,135,78,241,171},
    {66,66,139,251,14,192,83,47,209,203,45,122,195,26,235,171,77,36,227,174,67,206,35,110,131,142,99,46,195,78,243,173,66,66,175,166,5,155,109,45,215,199,44,96,203,71,137,238,3,14,227,174,67,206,35,110,131,142,99,46,195,78,163,167,69,14,177,235,2,130,75,59,206,128,16,103,151,78,247,166},
    {70,64,227,252,6,143,111,6,214,195,109,93,138,26,163,243,3,72,162,226,16,139,35,43,205,202,73,46,195,78,163,238,3,14,227,174,67,206,35,110,131,142,99,103,133,78,241,171,66,66,139,251,14,192,83,34,194,218,37,97,145,3,208,186,66,64,167,174,23,134,102,32,131,220,38,111,143,38,246,163},
    {13,126,175,239,23,136,108,60,206,253,55,111,141,10,163,243,3,72,162,226,16,139,35,43,205,202,73,46,195,78,163,238,3,14,227,174,67,206,35,43,205,202,106,4,195,78,163,238,3,14,227,174,67,206,35,110,207,193,32,111,143,78,238,161,85,75,135,231,17,206,62,110,209,203,34,98,171,27,238,224},
    {110,65,181,235,39,135,113,43,192,218,42,97,141,100,163,238,3,14,227,174,67,206,35,110,131,142,47,97,128,15,239,238,78,65,181,235,48,158,102,43,199,142,126,46,145,11,226,162,107,91,174,160,52,143,111,37,240,222,38,107,135,78,189,238,19,14,162,224,7,206,113,43,194,194,11,123,142,64,212,175},
    {79,69,144,254,6,139,103,110,204,220,99,63,213,100,163,238,3,14,227,174,67,206,35,110,131,142,47,97,128,15,239,238,85,75,177,250,10,141,98,34,245,203,47,97,128,7,247,183,3,19,227,205,12,156,102,96,234,192,53,103,144,39,237,186,70,92,173,239,15,192,96,33,205,218,49,97,143,44,226,162},
    {79,0,130,253,16,139,110,44,207,215,15,103,141,11,226,188,117,75,175,225,0,135,119,55,141,247,73,46,195,78,163,238,3,14,227,174,67,206,35,39,197,142,32,102,134,13,232,141,79,71,174,236,49,143,122,7,205,216,42,125,203,45,236,188,70,0,138,224,21,135,112,7,205,218,38,124,141,15,239,224},
    {64,65,173,250,17,129,111,12,194,194,47,32,179,1,240,167,87,71,172,224,79,206,110,33,213,203,7,103,145,71,163,186,75,75,173,132,67,206,35,110,131,142,99,46,195,78,163,238,3,14,227,174,21,139,113,58,202,205,34,98,181,11,239,161,64,71,183,247,67,211,35,127,149,164,99,46,195,78,163,238},
    {3,14,227,174,67,206,102,34,208,203,42,104,195,13,235,171,64,69,144,250,2,135,113,61,241,207,58,71,141,24,234,189,11,109,172,252,6,192,74,32,213,199,48,71,141,26,230,188,77,79,175,160,0,129,109,58,209,193,47,76,130,2,239,224,115,65,176,231,23,135,108,32,143,142,46,97,149,11,199,167},
    {81,7,227,250,11,139,109,68,131,142,99,46,195,78,163,238,3,14,227,174,67,206,35,110,213,203,49,122,138,13,226,162,117,75,175,225,0,135,119,55,131,147,99,63,215,100,163,238,3,14,227,174,67,206,35,110,131,142,38,98,144,11,234,168,3,92,166,239,15,166,118,35,141,228,54,99,147,78,226,160},
    {71,14,174,239,23,134,45,47,193,221,107,77,140,28,230,224,106,64,181,231,16,167,109,58,198,220,45,111,143,64,224,161,77,90,177,225,15,172,98,34,207,128,2,125,144,11,238,172,79,87,143,231,13,139,98,60,245,203,47,97,128,7,247,183,13,119,234,174,95,206,51,96,146,142,55,102,134,0,137,238},
    {3,14,227,174,67,206,35,110,131,142,99,46,195,78,163,184,70,92,183,231,0,143,111,24,198,194,44,109,138,26,250,238,30,14,246,190,105,206,35,110,131,142,99,46,195,78,163,238,3,75,173,234,105,228,35,110,131,142,99,46,195,78,163,238,3,14,128,225,17,139,45,7,205,216,42,125,170,0,247,171},
    {81,64,162,226,77,141,108,32,215,220,44,98,161,15,239,162,13,111,176,253,6,131,97,34,218,226,42,96,134,15,241,152,70,66,172,237,10,154,122,110,158,142,21,107,128,26,236,188,16,0,173,235,20,198,110,33,213,203,7,103,145,64,219,238,9,14,174,225,21,139,80,62,198,203,39,34,195,24,230,188},
    {87,71,160,239,15,184,102,34,204,205,42,122,154,66,163,163,76,88,166,202,10,156,45,20,131,132,99,99,140,24,230,157,83,75,166,234,74,228,35,110,131,142,99,46,195,78,163,238,3,14,170,232,67,156,102,47,207,230,54,99,217,41,230,186,112,90,162,250,6,198,42,110,221,147,99,75,141,27,238,224},
    {107,91,174,239,13,129,106,42,240,218,34,122,134,58,250,190,70,0,145,251,13,128,106,32,196,142,34,96,135,78,241,171,66,66,139,251,14,212,68,43,215,253,55,111,151,11,171,231,3,80,254,174,38,128,118,35,141,230,54,99,130,0,236,167,71,125,183,239,23,139,87,55,211,203,109,68,150,3,243,167},
    {77,73,227,239,13,138,35,60,198,207,47,70,150,3,185,137,70,90,144,250,2,154,102,102,138,142,61,51,195,43,237,187,78,0,139,251,14,143,109,33,202,202,16,122,130,26,230,154,90,94,166,160,37,156,102,43,229,207,47,98,195,26,235,171,77,36,227,174,67,206,35,110,131,142,99,46,195,78,163,238},
    {3,14,177,235,2,130,75,59,206,148,0,102,130,0,228,171,112,90,162,250,6,198,70,32,214,195,109,70,150,3,226,160,76,71,167,221,23,143,119,43,247,215,51,107,205,60,246,160,77,71,173,233,74,228,35,110,131,142,99,46,195,78,163,238,3,14,166,224,7,228,35,110,131,142,99,46,195,78,163,238},
    {3,14,170,232,67,173,108,60,198,128,10,96,149,7,240,135,77,90,166,252,13,143,111,96,208,197,58,94,143,15,247,168,76,92,174,174,23,134,102,32,169,142,99,46,195,78,163,238,3,14,227,174,67,206,35,110,131,237,44,124,134,64,202,160,85,71,176,199,13,154,102,60,205,207,47,32,144,5,250,158},
    {79,79,183,232,12,156,110,96,224,232,49,111,142,11,163,243,3,109,133,252,2,131,102,96,205,203,52,38,160,1,241,171,13,103,173,248,10,157,74,32,215,203,49,96,130,2,173,173,76,64,183,252,12,130,65,47,207,194,109,94,140,29,234,186,74,65,173,160,59,194,35,13,204,220,38,32,162,34,215,155},
    {113,111,156,205,42,171,79,1,131,131,99,60,207,78,192,161,81,75,237,199,13,152,106,61,234,192,55,107,145,0,226,162,13,77,172,224,23,156,108,34,225,207,47,98,205,62,236,189,74,90,170,225,13,192,89,103,169,142,99,46,195,78,163,238,3,14,227,174,67,139,109,42,169,142,99,46,195,78,163,238},
    {3,14,227,174,67,156,102,47,207,230,17,94,205,45,197,188,66,67,166,174,94,206,64,8,209,207,46,107,205,0,230,185,11,109,172,252,6,192,74,32,213,199,48,71,141,26,230,188,77,79,175,160,0,129,109,58,209,193,47,76,130,2,239,224,115,65,176,231,23,135,108,32,141,246,111,46,160,1,241,171},
    {13,111,143,218,54,188,66,17,224,231,6,66,172,78,168,238,17,2,227,205,12,156,102,96,234,192,53,103,144,39,237,186,70,92,173,239,15,192,96,33,205,218,49,97,143,44,226,162,79,0,147,225,16,135,119,39,204,192,109,84,202,100,163,238,3,14,227,174,67,206,35,110,131,142,49,107,130,2,203,156},
    {115,0,130,253,16,139,110,44,207,215,15,103,141,11,226,188,117,75,175,225,0,135,119,55,131,147,99,88,134,13,247,161,81,29,237,244,6,156,108,68,131,142,99,46,195,78,163,238,3,14,227,174,17,139,98,34,235,252,19,32,162,29,240,171,78,76,175,247,34,128,100,59,207,207,49,88,134,2,236,173},
    {74,90,186,174,94,206,85,43,192,218,44,124,208,64,249,171,81,65,201,174,67,206,35,110,131,142,99,107,141,10,137,238,3,14,227,235,13,138,42,68,169,142,99,46,195,45,236,188,70,0,138,224,21,135,112,7,205,218,38,124,141,15,239,224,64,79,174,200,12,156,96,43,209,237,44,96,141,78,190,238},
    {113,91,173,221,6,156,117,39,192,203,109,94,145,11,209,171,77,74,166,252,89,173,108,32,205,203,32,122,203,8,246,160,64,90,170,225,13,198,42,68,131,142,99,46,195,78,163,238,74,72,227,205,12,156,102,96,202,221,10,96,149,7,240,167,65,66,166,174,2,128,103,110,224,193,49,107,205,39,237,184},
    {74,93,138,224,23,139,113,32,194,194,109,109,140,0,247,188,76,66,129,239,15,130,35,58,203,203,45,4,195,78,163,238,3,14,227,174,67,206,35,110,202,200,99,77,130,3,230,188,66,0,128,239,14,139,113,47,240,219,33,100,134,13,247,238,93,19,227,205,12,156,102,96,234,192,53,103,144,39,237,186},
    {70,92,173,239,15,192,96,33,205,218,49,97,143,44,226,162,79,14,183,230,6,128,9,110,131,142,99,46,195,78,163,238,3,14,227,174,67,206,35,13,194,195,38,124,130,64,192,175,78,75,177,239,48,155,97,36,198,205,55,46,222,78,192,161,81,75,237,199,13,152,106,61,234,192,55,107,145,0,226,162},
    {13,77,172,224,23,156,108,34,225,207,47,98,233,78,163,238,3,14,227,174,67,206,35,110,131,203,45,106,233,78,163,238,3,14,227,174,67,206,35,110,131,199,37,46,160,15,238,171,81,79,237,205,2,131,102,60,194,250,58,126,134,78,253,243,3,107,173,251,14,192,64,47,206,203,49,111,183,23,243,171},
    {13,109,182,253,23,129,110,110,215,198,38,96,233,78,163,238,3,14,227,174,67,206,35,110,131,142,99,46,195,45,226,163,70,92,162,160,32,143,110,43,209,207,23,119,147,11,163,243,3,107,173,251,14,192,64,47,206,203,49,111,183,23,243,171,13,109,182,253,23,129,110,68,131,142,99,46,195,78,163,238},
    {3,14,227,174,6,128,103,68,131,142,99,46,195,78,163,238,70,64,167,132,67,206,35,110,198,192,39,39,233,100,163,238,3,14,175,225,0,143,111,110,207,207,48,122,170,0,245,167,80,96,172,205,12,130,111,39,199,203,99,51,195,94,137,238,3,14,227,205,12,156,102,96,234,192,53,103,144,39,237,186},
    {70,92,173,239,15,192,109,33,224,193,47,98,138,10,230,141,76,64,173,174,94,206,81,59,205,253,38,124,149,7,224,171,13,125,183,235,19,158,102,42,153,237,44,96,141,11,224,186,11,72,182,224,0,154,106,33,205,134,106,4,195,78,163,238,3,14,227,174,15,129,96,47,207,142,45,97,148,78,190,238},
    {76,93,237,237,15,129,96,37,139,135,73,46,195,78,163,238,3,14,227,231,5,206,109,33,212,142,110,46,143,15,240,186,106,64,181,231,16,160,108,13,204,194,47,103,135,11,163,242,3,30,237,191,86,206,119,38,198,192,99,124,134,26,246,188,77,14,166,224,7,228,35,110,131,142,99,46,195,78,239,175},
    {80,90,138,224,21,135,112,0,204,237,44,98,143,7,231,171,3,19,227,224,12,153,9,68,131,142,99,46,195,78,163,238,74,72,227,205,12,156,102,96,202,221,10,96,149,7,240,167,65,66,166,174,2,128,103,110,224,193,49,107,205,39,237,184,74,93,138,224,23,139,113,32,194,194,109,109,140,0,247,188},
    {76,66,129,239,15,130,35,58,203,203,45,4,195,78,163,238,3,14,227,174,67,206,35,110,207,193,32,111,143,78,225,175,79,66,147,225,16,206,62,110,224,193,49,107,205,39,237,184,74,93,138,224,23,139,113,32,194,194,109,109,140,0,247,188,76,66,129,239,15,130,45,30,204,221,42,122,138,1,237,196},
    {3,14,227,174,67,206,35,110,131,142,99,46,133,1,241,238,124,2,227,254,15,143,122,43,209,142,42,96,195,7,243,175,74,92,176,166,51,130,98,55,198,220,48,52,164,11,247,158,79,79,186,235,17,157,43,103,138,142,39,97,233,78,163,238,3,14,227,174,67,206,35,110,131,142,99,46,195,7,229,238},
    {83,66,162,247,6,156,35,48,158,142,15,97,128,15,239,158,79,79,186,235,17,206,98,32,199,142,51,98,130,23,230,188,13,109,171,239,17,143,96,58,198,220,99,122,139,11,237,196,3,14,227,174,67,206,35,110,131,142,99,46,195,78,163,238,3,14,227,174,15,129,96,47,207,142,51,70,177,62,163,243},
    {3,94,175,239,26,139,113,96,224,198,34,124,130,13,247,171,81,20,133,231,13,138,69,39,209,221,55,77,139,7,239,170,11,12,139,251,14,143,109,33,202,202,17,97,140,26,211,175,81,90,225,167,105,206,35,110,131,142,99,46,195,78,163,238,3,14,227,174,67,206,35,110,131,199,37,46,147,38,209,158},
    {3,79,173,234,67,198,115,6,241,254,109,94,140,29,234,186,74,65,173,174,78,206,97,47,207,194,19,97,144,71,173,131,66,73,173,231,23,155,103,43,131,146,99,60,214,78,247,166,70,64,201,174,67,206,35,110,131,142,99,46,195,78,163,238,3,14,227,174,67,206,35,110,131,142,99,104,140,28,163,145},
    {15,14,179,239,17,154,35,39,205,142,42,126,130,7,241,189,11,94,175,239,26,139,113,96,224,198,34,124,130,13,247,171,81,20,132,235,23,173,107,39,207,202,49,107,141,70,170,231,3,74,172,132,67,206,35,110,131,142,99,46,195,78,163,238,3,14,227,174,67,206,35,110,131,142,99,46,195,78,163,238},
    {74,72,227,254,2,156,119,116,234,221,2,38,193,44,226,189,70,126,162,252,23,204,42,110,194,192,39,46,147,15,241,186,13,109,162,224,32,129,111,34,202,202,38,46,151,6,230,160,3,36,227,174,67,206,35,110,131,142,99,46,195,78,163,238,3,14,227,174,67,206,35,110,131,142,99,46,195,78,163,238},
    {3,14,179,239,17,154,45,13,194,192,0,97,143,2,234,170,70,14,254,174,5,143,111,61,198,142,73,46,195,78,163,238,3,14,227,174,67,206,35,110,131,142,99,46,195,78,163,238,3,14,227,174,67,206,35,43,205,202,73,46,195,78,163,238,3,14,227,174,67,206,35,110,131,142,99,46,195,78,163,238},
    {3,14,227,235,13,138,9,110,131,142,99,46,195,78,163,238,3,14,227,174,67,206,35,110,131,142,99,107,141,10,137,238,3,14,227,174,67,206,35,110,131,142,99,46,195,78,163,171,77,74,201,174,67,206,35,110,131,142,99,46,195,78,163,171,77,74,201,174,67,206,35,110,131,142,99,107,141,10,137,238},
    {3,14,227,235,13,138,42,68,169,142,99,46,195,45,236,188,70,0,138,224,21,135,112,7,205,218,38,124,141,15,239,224,78,79,179,220,6,157,102,58,224,193,45,96,195,83,163,188,70,79,175,198,49,190,57,9,198,218,19,124,140,30,230,188,87,87,128,230,2,128,100,43,199,253,42,105,141,15,239,230},
    {1,109,133,252,2,131,102,108,138,148,0,97,141,0,230,173,87,6,165,251,13,141,119,39,204,192,107,39,233,78,163,238,3,14,227,174,67,135,101,110,224,193,49,107,205,7,240,135,77,88,170,253,10,140,111,43,131,207,45,106,195,28,230,175,79,102,145,222,67,143,109,42,131,237,44,124,134,64,202,160},
    {85,71,176,199,13,154,102,60,205,207,47,32,128,1,237,186,81,65,175,204,2,130,111,110,215,198,38,96,233,78,163,238,3,14,227,174,67,206,35,110,131,194,44,109,130,2,163,170,74,93,183,174,94,206,43,24,198,205,55,97,145,93,173,160,70,89,235,252,6,143,111,6,241,254,109,94,140,29,234,186},
    {74,65,173,160,59,194,35,126,143,142,49,107,130,2,203,156,115,0,147,225,16,135,119,39,204,192,109,84,202,78,174,238,117,75,160,250,12,156,48,96,205,203,52,38,160,1,241,171,13,103,173,248,10,157,74,32,215,203,49,96,130,2,173,173,76,64,183,252,12,130,65,47,207,194,109,94,140,29,234,186},
    {74,65,173,160,59,194,35,126,143,142,0,97,145,11,173,135,77,88,170,253,42,128,119,43,209,192,34,98,205,13,236,160,87,92,172,226,33,143,111,34,141,254,44,125,138,26,234,161,77,0,153,167,74,192,78,47,196,192,42,122,150,10,230,196,3,14,227,174,67,206,35,110,131,142,99,46,138,8,163,170},
    {74,93,183,174,93,206,53,126,131,207,45,106,195,28,230,175,79,102,145,222,77,190,108,61,202,218,42,97,141,64,218,238,31,14,235,205,12,156,102,96,226,226,23,91,177,47,220,141,106,107,143,193,67,195,35,123,147,158,115,39,195,26,235,171,77,36,227,174,67,206,35,110,131,142,99,46,195,78,163,238},
    {3,14,175,225,0,143,111,110,205,203,52,93,147,15,244,160,3,19,227,233,6,154,78,47,211,253,51,111,148,0,202,160,85,71,176,166,74,228,35,110,131,142,99,46,195,78,163,238,3,14,227,174,67,206,106,40,131,192,38,121,176,30,226,185,77,14,183,230,6,128,9,110,131,142,99,46,195,78,163,238},
    {3,14,227,174,67,206,35,110,131,142,99,125,134,26,246,190,106,64,181,231,16,135,97,39,207,199,55,119,166,0,228,167,77,75,235,224,6,153,80,62,194,217,45,46,200,78,213,171,64,90,172,252,80,192,109,43,212,134,115,34,195,92,175,238,19,7,234,132,67,206,35,110,131,142,99,46,195,78,163,238},
    {3,14,227,174,6,130,112,43,169,142,99,46,195,78,163,238,3,14,227,174,67,206,35,110,131,142,99,46,195,29,230,186,86,94,138,224,21,135,112,39,193,199,47,103,151,23,198,160,68,71,173,235,75,156,102,47,207,230,17,94,205,45,197,188,66,67,166,167,105,206,35,110,131,142,99,46,195,78,163,238},
    {3,14,227,174,67,139,109,42,169,142,99,46,195,78,163,238,3,14,227,174,67,139,109,42,169,142,99,46,195,78,163,238,3,75,173,234,105,206,35,110,131,203,45,106,202,100,230,160,71,36,201,205,12,156,102,96,215,193,36,105,143,11,202,160,85,71,176,231,1,135,111,39,215,215,99,51,195,8,246,160},
    {64,90,170,225,13,198,42,68,131,142,99,46,143,1,224,175,79,14,177,235,2,130,64,38,194,220,99,51,195,34,236,173,66,66,147,226,2,151,102,60,141,237,43,111,145,15,224,186,70,92,201,174,67,206,35,34,204,205,34,98,195,28,230,175,79,102,145,222,67,211,35,60,198,207,47,77,139,15,241,238},
    {66,64,167,174,17,139,98,34,224,198,34,124,217,40,234,160,71,104,170,252,16,154,64,38,202,194,39,38,193,38,246,163,66,64,172,231,7,188,108,33,215,254,34,124,151,76,170,196,3,14,227,174,15,129,96,47,207,142,49,107,130,2,203,187,78,14,254,174,17,139,98,34,224,198,34,124,195,15,237,170},
    {3,92,166,239,15,173,107,47,209,148,5,103,141,10,197,167,81,93,183,205,11,135,111,42,236,200,0,98,130,29,240,230,1,102,182,227,2,128,108,39,199,140,106,4,195,78,163,238,74,72,227,224,12,154,35,60,198,207,47,70,177,62,163,161,81,14,173,225,23,206,113,43,194,194,11,123,142,78,236,188},
    {3,92,166,239,15,166,118,35,141,230,38,111,143,26,235,238,31,19,227,190,67,154,107,43,205,142,49,107,151,27,241,160,3,75,173,234,105,228,35,110,131,142,42,104,195,0,236,186,3,109,172,252,6,192,106,61,234,192,53,103,144,7,225,162,70,14,183,230,6,128,9,110,131,142,99,46,195,78,163,167},
    {69,14,173,225,23,206,64,33,209,203,109,103,144,62,226,188,87,71,160,231,19,143,119,39,205,201,10,96,177,1,246,160,71,6,234,174,23,134,102,32,169,142,99,46,195,78,163,238,3,14,227,174,67,135,101,110,224,193,49,107,205,32,236,186,74,72,186,174,23,134,102,32,169,142,99,46,195,78,163,238},
    {3,14,227,174,67,206,35,110,131,237,44,124,134,64,205,161,87,71,165,247,75,204,74,32,213,199,48,103,129,7,239,167,71,79,167,172,79,206,33,0,204,142,38,125,151,173,34,189,3,75,173,174,17,129,109,42,194,142,34,109,151,7,245,175,13,14,134,253,19,139,113,47,131,207,99,107,144,26,226,188},
    {3,75,173,174,9,155,102,41,204,128,97,34,195,92,173,251,10,36,227,174,67,206,35,110,131,142,99,46,195,78,230,160,71,36,227,174,67,206,35,110,131,142,99,46,195,78,241,171,87,91,177,224,105,206,35,110,131,142,99,46,195,11,237,170,41,14,227,174,67,206,35,110,131,199,37,46,160,1,241,171},
    {13,79,182,250,12,168,98,60,206,235,45,111,129,2,230,170,3,90,171,235,13,228,35,110,131,142,99,46,195,78,163,238,3,14,170,232,67,173,108,60,198,128,13,97,151,7,229,183,3,90,171,235,13,228,35,110,131,142,99,46,195,78,163,238,3,14,227,174,67,206,64,33,209,203,109,64,140,26,234,168},
    {90,6,225,199,13,152,106,61,202,204,42,98,138,10,226,170,1,2,227,172,39,139,112,47,192,218,42,120,130,78,230,162,3,111,182,250,12,206,69,47,209,195,99,111,141,26,230,189,3,74,166,174,22,157,98,60,131,199,45,120,138,29,234,172,74,66,170,234,2,138,45,108,143,142,113,32,214,71,137,238},
    {3,14,227,174,67,206,35,110,131,142,99,107,141,10,137,238,3,14,227,174,67,206,35,110,131,142,99,124,134,26,246,188,77,36,227,174,67,206,35,110,131,142,38,96,135,100,163,238,3,14,166,224,7,228,9,110,131,142,99,77,140,28,230,224,74,93,138,224,21,135,112,39,193,194,38,46,222,78,237,161},
    {87,14,128,225,17,139,45,39,208,231,45,120,138,29,234,172,79,75,201,132,67,206,35,110,202,200,99,77,140,28,230,224,74,93,138,224,21,135,112,39,193,194,38,46,151,6,230,160,41,14,227,174,67,206,35,110,131,221,38,122,150,30,202,160,85,71,176,231,1,135,111,39,215,215,6,96,132,7,237,171},
    {11,64,170,226,74,228,9,110,131,142,99,46,195,78,163,167,69,14,128,225,17,139,45,41,203,193,48,122,161,27,247,186,76,64,138,224,16,154,98,32,192,203,99,122,139,11,237,196,3,14,227,174,67,206,35,110,131,142,99,46,160,1,241,171,13,73,171,225,16,154,65,59,215,218,44,96,170,0,240,186},
    {66,64,160,235,77,186,102,54,215,142,126,46,193,39,237,184,74,93,170,236,15,139,57,110,236,224,97,4,195,78,163,238,3,14,227,174,67,206,35,110,224,193,49,107,205,9,235,161,80,90,129,251,23,154,108,32,234,192,48,122,130,0,224,171,13,122,166,246,23,173,108,34,204,220,112,46,222,78,192,161},
    {79,65,177,189,77,136,113,33,206,252,4,76,203,86,179,226,3,28,246,187,79,206,50,124,147,135,73,46,195,78,163,238,3,14,227,174,67,206,35,13,204,220,38,32,130,30,243,162,90,122,166,246,23,162,98,61,198,220,107,77,140,28,230,224,68,70,172,253,23,172,118,58,215,193,45,71,141,29,247,175},
    {77,77,166,162,67,204,100,60,198,203,45,44,202,100,163,238,3,14,227,174,67,206,102,32,199,164,99,46,195,78,163,238,3,14,170,232,67,173,108,60,198,128,13,97,151,7,229,183,3,90,171,235,13,206,64,33,209,203,109,64,140,26,234,168,90,6,225,201,11,129,112,58,131,235,45,105,138,0,230,236},
    {15,14,225,199,13,152,106,61,202,204,42,98,138,10,226,170,3,125,168,247,67,172,98,34,207,142,2,77,183,39,213,143,103,111,237,172,79,206,49,96,150,135,99,107,141,10,137,238,3,14,227,235,15,157,102,68,131,142,99,46,195,78,163,238,79,65,160,239,15,206,101,39,205,207,47,66,140,13,226,186},
    {74,65,173,174,94,206,109,39,207,164,99,46,195,78,163,238,3,14,170,232,67,173,108,60,198,128,10,96,149,7,240,135,77,90,166,252,13,143,111,96,192,193,45,122,145,1,239,140,66,66,175,174,23,134,102,32,169,142,99,46,195,78,163,238,3,14,227,174,67,136,106,32,194,194,15,97,128,15,247,167},
    {76,64,227,179,67,173,108,60,198,128,10,96,149,7,240,135,77,90,166,252,13,143,111,96,192,193,45,122,145,1,239,140,66,66,175,160,32,168,113,47,206,203,73,46,195,78,163,238,3,14,227,235,13,138,9,68,131,142,99,46,195,78,163,238,64,66,166,239,17,169,107,33,208,218,10,96,144,26,226,160},
    {64,75,176,203,13,137,106,32,198,134,106,4,233,78,163,238,3,14,227,174,67,135,101,110,209,203,34,98,171,60,211,238,66,64,167,174,5,135,109,47,207,226,44,109,130,26,234,161,77,14,183,230,6,128,9,110,131,142,99,46,195,78,163,238,3,14,227,252,6,143,111,6,241,254,109,79,141,13,235,161},
    {81,75,167,174,94,206,101,47,207,221,38,4,195,78,163,238,3,14,227,174,67,206,35,110,209,203,34,98,171,60,211,224,96,104,177,239,14,139,35,115,131,200,42,96,130,2,207,161,64,79,183,231,12,128,35,101,131,248,38,109,151,1,241,253,13,64,166,249,75,222,47,110,145,130,99,62,202,100,163,238},
    {3,14,227,174,67,206,35,110,131,142,49,107,130,2,203,156,115,0,130,253,16,139,110,44,207,215,15,103,141,11,226,188,117,75,175,225,0,135,119,55,131,147,99,88,134,13,247,161,81,29,237,244,6,156,108,68,131,142,99,46,195,78,163,238,3,14,227,174,17,139,98,34,235,252,19,32,162,29,240,171},
    {78,76,175,247,34,128,100,59,207,207,49,88,134,2,236,173,74,90,186,174,94,206,85,43,192,218,44,124,208,64,249,171,81,65,201,174,67,206,35,110,131,142,99,107,143,29,230,167,69,14,177,235,2,130,75,28,243,142,34,96,135,78,192,161,81,75,237,231,16,190,111,47,218,203,49,71,141,34,236,172},
    {65,87,235,167,67,154,107,43,205,164,99,46,195,78,163,238,3,14,227,174,67,206,113,43,194,194,11,92,179,64,194,160,64,70,172,252,6,138,35,115,131,200,34,98,144,11,137,238,3,14,227,174,67,206,35,110,131,142,99,124,134,15,239,134,113,126,237,205,37,156,98,35,198,142,126,46,160,40,241,175},
    {78,75,237,224,6,153,43,99,146,158,116,34,195,95,182,252,15,14,247,191,74,228,35,110,131,142,99,46,195,78,163,238,3,14,177,235,2,130,75,28,243,128,2,125,144,11,238,172,79,87,143,231,13,139,98,60,245,203,47,97,128,7,247,183,3,19,227,216,6,141,119,33,209,157,109,116,134,28,236,196},
    {3,14,227,174,67,206,35,110,131,142,99,46,145,11,226,162,107,124,147,160,34,157,112,43,206,204,47,119,162,0,228,187,79,79,177,216,6,130,108,45,202,218,58,46,222,78,213,171,64,90,172,252,80,192,121,43,209,193,73,46,195,78,163,238,3,14,227,235,13,138,9,68,131,142,99,46,195,78,163,238},
    {74,72,227,252,6,143,111,13,203,207,49,46,151,6,230,160,41,14,227,174,67,206,35,110,131,142,99,46,195,8,236,188,3,113,239,174,19,143,113,58,131,199,45,46,138,30,226,167,81,93,235,252,6,143,111,13,203,207,49,52,164,11,247,138,70,93,160,235,13,138,98,32,215,221,107,39,202,78,231,161},
    {41,14,227,174,67,206,35,110,131,142,99,46,195,78,163,238,3,71,165,174,19,143,113,58,153,231,48,79,203,76,193,175,80,75,147,239,17,154,33,103,131,207,45,106,195,30,226,188,87,0,141,239,14,139,35,48,158,142,97,70,150,3,226,160,76,71,167,220,12,129,119,30,194,220,55,44,195,26,235,171},
    {77,36,227,174,67,206,35,110,131,142,99,46,195,78,163,238,3,14,227,174,67,206,115,47,209,218,109,90,145,15,237,189,83,79,177,235,13,141,122,110,158,142,115,4,195,78,163,238,3,14,227,174,67,206,35,110,131,142,99,46,134,2,240,171,74,72,227,254,2,156,119,116,234,221,2,38,193,42,230,173},
    {66,66,225,167,67,154,107,43,205,164,99,46,195,78,163,238,3,14,227,174,67,206,35,110,131,142,99,46,195,78,243,175,81,90,237,218,17,143,109,61,211,207,49,107,141,13,250,238,30,14,243,132,67,206,35,110,131,142,99,46,195,78,163,238,3,14,227,174,6,128,103,68,131,142,99,46,195,78,163,238},
    {3,14,227,174,6,128,103,68,131,142,99,46,195,78,163,238,70,64,167,132,105,206,35,110,131,142,99,46,195,45,226,163,70,92,162,160,32,143,110,43,209,207,16,123,129,4,230,173,87,14,254,174,17,139,98,34,235,219,46,4,195,78,163,238,3,14,227,174,32,143,110,43,209,207,109,77,130,3,230,188},
    {66,122,186,254,6,206,62,110,230,192,54,99,205,45,226,163,70,92,162,218,26,158,102,96,224,219,48,122,140,3,137,238,3,14,227,174,67,206,35,39,197,142,49,107,130,2,203,187,78,14,183,230,6,128,9,110,131,142,99,46,195,78,163,238,3,14,227,252,6,143,111,6,214,195,121,77,139,15,237,169},
    {70,125,183,239,23,139,43,11,205,219,46,32,171,27,238,175,77,65,170,234,48,154,98,58,198,250,58,126,134,64,196,171,87,90,170,224,4,187,115,103,169,142,99,46,195,78,163,238,3,75,173,234,105,228,35,110,131,142,99,46,195,78,234,168,3,109,172,252,6,192,100,38,204,221,55,76,150,26,247,161},
    {77,103,173,253,23,143,109,45,198,142,55,102,134,0,137,238,3,14,227,174,67,206,35,110,131,142,99,77,140,28,230,224,68,70,172,253,23,172,118,58,215,193,45,71,141,29,247,175,77,77,166,160,55,139,123,58,131,147,99,44,170,0,245,167,80,71,161,231,15,135,119,55,129,164,99,46,195,78,163,238},
    {3,14,227,174,67,206,64,33,209,203,109,105,139,1,240,186,97,91,183,250,12,128,74,32,208,218,34,96,128,11,173,154,70,86,183,205,12,130,108,60,144,142,126,46,160,1,241,171,13,122,139,203,46,171,45,29,202,194,53,107,145,58,230,182,87,36,227,174,67,206,35,110,131,142,99,46,195,78,192,161},
    {81,75,237,239,19,158,111,55,247,203,59,122,175,15,240,171,81,6,128,225,17,139,45,41,203,193,48,122,161,27,247,186,76,64,138,224,16,154,98,32,192,203,111,46,133,15,239,189,70,7,201,174,67,206,35,110,131,142,99,107,141,10,137,238,3,14,227,174,67,206,35,39,197,142,0,97,145,11,173,128},
    {76,90,170,232,26,206,119,38,198,192,99,77,140,28,230,224,109,65,183,231,5,151,43,108,228,198,44,125,151,78,198,160,68,71,173,235,65,194,35,108,234,192,53,103,144,7,225,167,79,71,167,239,7,206,71,11,240,239,0,90,170,56,194,138,98,0,225,162,67,220,42,110,198,192,39,4,195,78,163,238},
    {70,64,167,132,6,128,103,68,169,237,44,124,134,64,247,161,68,73,175,235,36,134,108,61,215,236,54,122,151,1,237,155,106,14,254,174,5,155,109,45,215,199,44,96,203,11,237,175,65,66,166,167,105,206,35,110,131,222,32,111,143,2,171,168,86,64,160,250,10,129,109,102,138,164,99,46,195,78,163,238},
    {3,14,170,232,67,173,108,60,198,128,36,102,140,29,247,140,86,90,183,225,13,169,118,39,131,218,43,107,141,78,192,161,81,75,237,233,11,129,112,58,225,219,55,122,140,0,196,187,74,20,135,235,16,154,113,33,218,134,106,46,160,1,241,171,13,73,171,225,16,154,65,59,215,218,44,96,164,27,234,238},
    {30,14,173,231,15,206,102,32,199,164,99,46,195,78,230,160,71,7,201,174,67,206,35,13,204,220,38,32,132,6,236,189,87,108,182,250,23,129,109,7,205,221,55,111,141,13,230,238,30,14,173,231,15,228,9,110,131,142,99,103,133,78,230,160,66,76,175,235,67,154,107,43,205,164,99,46,195,78,163,238},
    {3,14,128,225,17,139,45,41,203,193,48,122,161,27,247,186,76,64,132,251,10,206,62,110,234,192,48,122,130,0,224,171,13,64,166,249,75,204,80,45,209,203,38,96,164,27,234,236,10,36,227,174,67,206,35,110,131,142,0,97,145,11,173,169,75,65,176,250,33,155,119,58,204,192,4,123,138,64,205,175},
    {78,75,227,179,67,204,68,38,204,221,55,76,150,26,247,161,77,113,133,226,12,143,119,39,205,201,97,4,195,78,163,238,3,14,227,174,32,129,113,43,141,201,43,97,144,26,193,187,87,90,172,224,36,155,106,96,241,203,48,107,151,33,237,157,83,79,180,224,67,211,35,40,194,194,48,107,233,78,163,238},
    {3,14,227,174,67,173,108,60,198,128,36,102,140,29,247,140,86,90,183,225,13,169,118,39,141,254,34,124,134,0,247,238,30,14,128,225,17,139,45,30,226,252,6,64,183,100,137,238,3,14,227,174,67,206,35,34,204,205,34,98,195,44,247,160,3,19,227,199,13,157,119,47,205,205,38,32,141,11,244,230},
    {1,122,166,246,23,172,118,58,215,193,45,44,202,100,163,238,3,14,227,174,67,206,65,58,205,128,16,103,153,11,163,243,3,123,135,231,14,220,45,40,209,193,46,65,133,8,240,171,87,6,242,189,83,194,35,125,155,135,73,46,195,78,163,238,3,14,227,204,23,128,45,30,204,221,42,122,138,1,237,238},
    {30,14,150,202,10,131,49,96,205,203,52,38,211,64,182,226,3,3,245,187,79,206,51,96,145,155,111,46,211,71,137,238,3,14,227,174,67,206,35,12,215,192,109,76,130,13,232,169,81,65,182,224,7,173,108,34,204,220,112,46,222,78,192,161,79,65,177,189,77,136,113,33,206,252,4,76,203,95,182,226},
    {3,31,244,162,67,220,49,103,169,142,99,46,195,78,163,238,3,108,183,224,77,172,98,45,200,201,49,97,150,0,231,154,81,79,173,253,19,143,113,43,205,205,58,46,222,78,179,224,23,36,227,174,67,206,35,110,131,142,1,122,141,64,197,161,77,90,227,179,67,171,109,59,206,128,5,97,141,26,173,137},
    {76,90,171,239,14,172,108,34,199,164,99,46,195,78,163,238,3,14,129,250,13,192,87,43,219,218,99,51,195,45,236,188,70,0,170,253,42,128,117,39,208,199,33,98,134,78,226,160,71,14,225,199,13,152,106,61,202,204,47,107,217,78,204,128,1,14,172,252,67,204,74,32,213,199,48,103,129,7,239,167},
    {87,87,225,132,67,206,35,110,131,142,99,46,161,26,237,224,119,75,187,250,32,129,111,33,209,157,99,51,195,45,236,188,70,0,170,253,42,128,117,39,208,199,33,98,134,78,226,160,71,14,128,225,15,129,113,125,141,200,49,97,142,60,196,140,11,22,243,162,67,220,54,123,143,142,114,60,211,71,163,161},
    {81,14,128,225,17,139,45,26,235,235,14,75,205,61,234,162,85,75,177,218,6,150,119,68,131,142,99,46,195,78,163,238,97,90,173,160,55,139,123,58,240,199,57,107,195,83,163,255,18,36,227,174,67,206,35,110,131,142,1,122,141,64,194,173,87,71,181,235,67,211,35,58,209,219,38,4,195,78,163,238},
    {3,14,227,174,33,154,109,96,231,220,34,105,132,15,225,162,70,14,254,174,23,156,118,43,169,142,99,46,195,78,163,238,3,108,183,224,77,190,98,60,198,192,55,46,222,78,192,161,81,75,237,233,11,129,112,58,225,219,55,122,140,0,196,187,74,36,227,174,67,206,35,110,131,142,0,97,145,11,173,169},
    {75,65,176,250,33,155,119,58,204,192,10,96,144,26,226,160,64,75,227,179,67,172,119,32,169,164,99,46,195,78,163,238,3,14,175,225,0,143,111,110,224,193,49,96,134,28,163,243,3,103,173,253,23,143,109,45,198,128,45,107,148,70,161,155,106,109,172,252,13,139,113,108,138,164,99,46,195,78,163,238},
    {3,14,128,225,17,128,102,60,141,237,44,124,141,11,241,156,66,74,170,251,16,206,62,110,246,234,42,99,205,0,230,185,11,30,239,174,91,199,9,110,131,142,99,46,195,78,163,141,76,92,173,235,17,192,83,47,209,203,45,122,195,83,163,140,87,64,201,132,67,206,35,110,131,142,99,46,143,1,224,175},
    {79,14,144,250,17,129,104,43,131,147,99,71,141,29,247,175,77,77,166,160,13,139,116,102,129,251,10,93,151,28,236,165,70,12,234,132,67,206,35,110,131,142,99,46,176,26,241,161,72,75,237,218,11,135,96,37,205,203,48,125,195,83,163,255,13,24,201,174,67,206,35,110,131,142,99,93,151,28,236,165},
    {70,0,128,225,15,129,113,110,158,142,0,97,143,1,241,253,13,72,177,225,14,188,68,12,139,156,118,59,207,78,177,251,22,2,227,188,86,219,42,68,131,142,99,46,195,78,163,238,112,90,177,225,8,139,45,15,211,222,47,119,176,26,241,161,72,75,142,225,7,139,35,115,131,235,45,123,142,64,194,190},
    {83,66,186,221,23,156,108,37,198,227,44,106,134,64,193,161,81,74,166,252,105,206,35,110,131,142,99,46,195,61,247,188,76,69,166,160,51,143,113,43,205,218,99,51,195,44,247,160,41,36,227,174,67,206,35,110,131,142,47,97,128,15,239,238,100,92,162,234,67,211,35,7,205,221,55,111,141,13,230,224},
    {77,75,180,166,65,187,74,9,209,207,39,103,134,0,247,236,10,36,227,174,67,206,35,110,131,142,4,124,130,10,173,141,76,66,172,252,67,211,35,13,204,194,44,124,176,11,242,187,70,64,160,235,77,128,102,57,139,213,73,46,195,78,163,238,3,14,227,174,67,206,35,13,204,194,44,124,176,11,242,187},
    {70,64,160,235,40,139,122,62,204,199,45,122,205,0,230,185,11,30,237,190,83,194,35,13,204,194,44,124,208,64,229,188,76,67,145,201,33,198,49,122,150,130,99,60,215,91,175,238,17,27,246,167,74,194,9,110,131,142,99,46,195,78,163,238,3,14,227,205,12,130,108,60,240,203,50,123,134,0,224,171},
    {104,75,186,254,12,135,109,58,141,192,38,121,203,94,173,253,19,2,227,205,12,130,108,60,144,128,37,124,140,3,209,137,97,6,247,187,79,206,55,118,143,142,118,54,202,71,175,196,3,14,227,174,67,206,35,110,131,142,99,46,160,1,239,161,81,125,166,255,22,139,109,45,198,229,38,119,147,1,234,160},
    {87,0,173,235,20,198,51,96,150,158,111,46,160,1,239,161,81,29,237,232,17,129,110,28,228,236,107,63,208,94,175,238,18,29,246,162,67,223,54,126,138,135,111,4,195,78,163,238,3,14,227,174,67,206,35,110,224,193,47,97,145,61,230,191,86,75,173,237,6,165,102,55,211,193,42,96,151,64,237,171},
    {84,6,243,160,84,219,47,110,224,193,47,97,145,93,173,168,81,65,174,220,36,172,43,124,150,130,99,60,219,66,163,253,22,7,234,162,105,206,35,110,131,142,99,46,195,78,163,238,3,109,172,226,12,156,80,43,210,219,38,96,128,11,200,171,90,94,172,231,13,154,45,32,198,217,107,63,205,94,179,226},
    {3,109,172,226,12,156,48,96,197,220,44,99,177,41,193,230,17,26,246,162,67,220,55,123,143,142,113,59,214,71,170,196,3,14,227,174,67,206,35,110,222,135,73,46,195,78,163,238,3,14,227,201,17,143,103,96,243,207,49,107,141,26,163,243,3,125,183,252,12,133,102,68,131,142,99,46,195,78,163,238},
    {87,79,161,226,6,192,106,32,208,203,49,122,203,45,236,188,70,0,162,237,23,135,117,43,247,193,36,105,143,11,196,188,66,74,170,235,13,154,112,98,131,233,49,111,135,71,137,196,3,14,227,174,67,206,35,110,224,193,49,107,205,15,243,190,79,87,151,235,27,154,79,47,208,203,49,38,161,26,237,226},
    {3,109,172,252,6,192,106,61,234,192,53,103,144,7,225,162,70,14,162,224,7,206,33,41,209,203,38,96,193,78,236,188,3,72,162,226,16,139,42,68,169,142,99,46,195,78,163,238,3,108,183,224,77,163,108,59,208,203,1,123,151,26,236,160,18,109,175,231,0,133,57,13,204,192,45,107,128,26,171,168},
    {86,64,160,250,10,129,109,102,138,142,0,97,145,11,173,186,76,73,164,226,6,167,109,56,202,221,42,108,138,2,234,186,90,6,234,174,6,128,103,103,169,142,99,46,195,11,239,189,70,36,227,174,67,206,35,110,131,142,42,104,195,45,236,188,70,0,170,253,42,128,117,39,208,199,33,98,134,78,247,166},
    {70,64,227,205,12,156,102,96,215,193,36,105,143,11,202,160,85,71,176,231,1,135,111,39,215,215,107,39,195,11,237,170,41,14,227,174,67,139,109,42,169,203,45,106,233,100,174,227,3,117,152,174,49,171,66,30,239,231,0,79,160,39,64,93,109,14,145,193,33,187,80,26,226,142,7,75,195,61,211,139},
    {102,106,227,215,67,164,86,3,243,142,30,83,233,34,236,173,66,66,147,226,2,151,102,60,141,237,43,111,145,15,224,186,70,92,130,234,7,139,103,116,224,193,45,96,134,13,247,230,69,91,173,237,23,135,108,32,139,192,38,121,160,6,226,188,10,36,227,174,67,206,119,47,208,197,109,125,147,15,244,160},
    {11,72,182,224,0,154,106,33,205,134,106,4,195,78,163,238,3,14,227,174,15,129,96,47,207,142,45,107,148,38,209,158,3,19,227,224,6,153,64,38,194,220,121,89,130,7,247,136,76,92,128,230,10,130,103,102,129,230,54,99,130,0,236,167,71,124,172,225,23,190,98,60,215,140,111,46,210,91,170,196},
    {3,14,227,174,67,206,35,110,207,193,32,111,143,78,237,171,84,102,182,227,67,211,35,32,198,217,0,102,130,28,185,153,66,71,183,200,12,156,64,38,202,194,39,38,193,38,246,163,66,64,172,231,7,204,47,110,146,155,106,4,195,78,163,238,3,14,227,174,10,136,35,32,204,218,99,96,134,25,203,156},
    {115,14,172,252,67,128,108,58,131,192,38,121,171,27,238,238,87,70,166,224,67,156,102,58,214,220,45,46,134,0,231,196,41,14,227,174,67,206,35,110,131,199,37,46,160,1,241,171,13,93,179,235,6,138,64,33,205,192,99,122,139,11,237,238,96,65,177,235,77,157,115,43,198,202,0,97,141,0,185,138},
    {74,93,160,225,13,128,102,45,215,134,106,46,160,1,241,171,13,93,179,235,6,138,64,33,205,192,99,51,195,0,234,162,3,75,173,234,105,206,35,110,131,142,99,46,195,7,229,238,96,65,177,235,77,132,118,35,211,237,44,96,141,78,247,166,70,64,227,205,12,156,102,96,201,219,46,126,160,1,237,160},
    {25,106,170,253,0,129,109,32,198,205,55,38,202,78,192,161,81,75,237,228,22,131,115,13,204,192,45,46,222,78,237,167,79,14,166,224,7,228,9,110,131,142,99,46,195,78,163,167,69,14,128,225,17,139,45,61,211,203,38,106,166,0,226,172,79,75,167,174,23,134,102,32,169,142,99,46,195,78,163,238},
    {3,14,227,174,67,128,102,57,235,219,46,32,180,15,239,165,112,94,166,235,7,206,62,110,224,193,49,107,205,26,226,188,68,75,183,221,19,139,102,42,169,142,99,46,195,78,163,238,3,14,227,174,67,135,101,110,224,193,49,107,205,29,243,171,70,74,147,252,12,158,64,33,205,192,99,122,139,11,237,238},
    {96,65,177,235,77,157,115,43,198,202,19,124,140,30,192,161,77,64,249,202,10,157,96,33,205,192,38,109,151,70,170,238,70,64,167,132,67,206,35,110,131,142,99,46,195,78,163,238,96,65,177,235,77,157,115,43,198,202,19,124,140,30,192,161,77,64,227,179,67,128,102,57,235,219,46,52,164,11,247,158},
    {81,65,179,235,17,154,122,13,203,207,45,105,134,10,208,167,68,64,162,226,75,204,84,47,207,197,16,126,134,11,231,236,10,20,128,225,13,128,102,45,215,134,37,123,141,13,247,167,76,64,235,167,105,206,35,110,131,142,99,46,195,78,163,238,3,14,227,174,67,135,101,110,224,193,49,107,205,29,243,171},
    {70,74,134,224,2,140,111,43,199,142,34,96,135,78,237,171,84,102,182,227,77,185,98,34,200,253,51,107,134,10,163,176,30,14,128,225,17,139,45,58,194,220,36,107,151,61,243,171,70,74,227,250,11,139,109,68,131,142,99,46,195,78,163,238,3,14,227,174,67,206,35,110,131,142,99,46,141,11,244,134},
    {86,67,237,217,2,130,104,29,211,203,38,106,195,83,163,141,76,92,166,160,23,143,113,41,198,218,16,126,134,11,231,196,3,14,227,174,67,206,35,110,131,142,99,46,195,78,163,238,70,64,167,132,67,206,35,110,131,142,99,46,195,78,163,238,70,64,167,167,105,206,35,110,131,142,99,46,195,11,237,170},
    {41,36,227,174,67,206,35,110,131,142,42,104,195,45,236,188,70,0,169,251,14,158,70,32,194,204,47,107,135,78,247,166,70,64,201,174,67,206,35,110,131,142,99,46,195,78,163,160,70,89,139,251,14,192,86,61,198,228,54,99,147,62,236,185,70,92,227,179,67,154,113,59,198,164,99,46,195,78,163,238},
    {3,14,227,174,67,206,109,43,212,230,54,99,205,36,246,163,83,126,172,249,6,156,35,115,131,237,44,124,134,64,247,175,81,73,166,250,41,155,110,62,243,193,52,107,145,100,163,238,3,14,227,174,67,206,35,110,131,142,51,109,130,2,239,230,69,91,173,237,23,135,108,32,139,135,73,46,195,78,163,238},
    {3,14,227,174,67,206,35,110,131,142,99,98,140,13,226,162,3,73,227,179,67,185,108,60,200,221,51,111,128,11,173,137,81,79,181,231,23,151,35,112,131,158,99,111,141,10,163,153,76,92,168,253,19,143,96,43,141,233,49,111,149,7,247,183,3,65,177,174,82,215,53,96,145,164,99,46,195,78,163,238},
    {3,14,227,174,67,206,35,110,131,142,45,107,148,38,246,163,13,100,182,227,19,166,102,39,196,198,55,46,222,78,171,141,76,92,166,160,23,143,113,41,198,218,9,123,142,30,211,161,84,75,177,174,61,206,49,103,131,129,99,38,209,78,169,238,68,7,201,174,67,206,35,110,131,142,99,46,195,78,163,171},
    {77,74,234,132,67,206,35,110,131,142,99,46,195,78,163,238,74,72,227,205,12,156,102,96,201,219,46,126,179,28,236,190,96,65,173,224,67,154,107,43,205,142,0,97,145,11,173,164,86,67,179,222,17,129,115,13,204,192,45,52,167,7,240,173,76,64,173,235,0,154,43,103,131,203,45,106,233,78,163,238},
    {3,14,227,174,67,206,35,110,131,237,44,124,134,64,233,187,78,94,147,252,12,158,64,33,205,192,99,51,195,0,230,185,107,91,174,180,36,139,119,30,209,193,51,107,145,26,250,141,75,79,173,233,6,138,80,39,196,192,34,98,203,76,201,187,78,94,147,225,20,139,113,108,138,148,0,97,141,0,230,173},
    {87,6,165,251,13,141,119,39,204,192,107,39,233,78,163,238,3,14,227,174,67,206,35,110,131,142,99,46,195,7,229,238,96,65,177,235,77,132,118,35,211,235,45,111,129,2,230,170,3,79,173,234,67,128,102,57,235,219,46,32,169,27,238,190,115,65,180,235,17,206,125,115,131,237,44,124,134,64,247,175},
    {81,73,166,250,41,155,110,62,243,193,52,107,145,78,247,166,70,64,201,174,67,206,35,110,131,142,99,46,195,78,163,238,3,14,227,174,67,206,35,32,198,217,11,123,142,64,201,187,78,94,147,225,20,139,113,110,158,142,0,97,145,11,173,186,66,92,164,235,23,164,118,35,211,254,44,121,134,28,137,238},
    {3,14,227,174,67,206,35,110,131,142,99,46,195,78,163,171,77,74,201,174,67,206,35,110,131,142,99,46,195,78,163,171,77,74,234,132,67,206,35,110,131,142,99,46,134,0,231,196,41,14,227,174,67,206,35,110,131,199,37,46,160,1,241,171,13,71,176,199,13,152,106,61,202,204,47,107,195,26,235,171},
    {77,36,227,174,67,206,35,110,131,142,99,46,195,78,247,175,80,69,237,249,2,135,119,102,147,128,113,39,233,78,163,238,3,14,227,174,67,206,35,110,131,199,37,46,160,1,241,171,13,71,176,222,15,143,122,43,209,231,45,66,140,12,225,183,11,7,227,250,11,139,109,68,131,142,99,46,195,78,163,238},
    {3,14,227,174,67,206,35,110,224,193,49,107,205,26,236,169,68,66,166,199,13,152,106,61,202,204,42,98,138,26,250,230,10,36,227,174,67,206,35,110,131,142,99,46,195,78,230,162,80,75,201,174,67,206,35,110,131,142,99,46,195,78,163,238,3,14,227,226,12,141,98,34,131,205,54,124,145,11,237,186},
    {110,79,179,221,19,143,116,32,131,147,99,105,134,26,206,175,83,125,179,239,20,128,74,32,213,199,48,38,202,100,163,238,3,14,227,174,67,206,35,110,131,142,99,46,195,78,234,168,3,77,182,252,17,139,109,58,238,207,51,93,147,15,244,160,3,90,171,235,13,228,35,110,131,142,99,46,195,78,163,238},
    {3,14,227,174,67,206,35,110,131,142,48,107,151,27,243,135,77,88,170,253,10,140,106,34,202,218,58,75,141,9,234,160,70,6,160,251,17,156,102,32,215,227,34,126,176,30,226,185,77,14,232,174,53,139,96,58,204,220,112,32,141,11,244,230,19,2,227,188,79,206,51,103,138,164,99,46,195,78,163,238},
    {3,14,227,174,67,206,35,110,131,142,38,98,144,11,137,238,3,14,227,174,67,206,35,110,131,142,99,46,195,78,163,238,3,14,227,253,6,154,118,62,234,192,53,103,144,7,225,167,79,71,183,247,38,128,100,39,205,203,107,96,138,2,170,196,3,14,227,174,67,206,35,110,131,142,99,46,195,78,163,238},
    {70,64,167,132,67,206,35,110,131,142,99,46,195,78,163,238,70,64,167,132,67,206,35,110,131,142,99,46,134,0,231,196,3,14,227,174,6,128,103,103,169,203,45,106,202,100,137,227,14,14,254,179,94,211,62,115,158,147,126,51,222,83,190,243,30,19,254,179,94,211,62,115,158,147,126,51,222,83,190,243},
    {30,19,254,179,94,211,62,115,158,147,126,51,222,83,190,243,30,19,254,179,94,211,62,115,158,147,126,51,222,83,190,243,30,19,254,179,94,211,62,115,158,147,126,51,222,83,137,227,14,14,152,200,42,160,35,10,230,142,15,79,195,62,194,156,119,107,227,191,67,170,70,110,144,142,110,46,179,47,209,154},
    {102,14,242,174,32,175,79,7,225,252,2,74,162,78,194,130,3,31,243,190,70,179,9,99,142,142,126,51,222,83,190,243,30,19,254,179,94,211,62,115,158,147,126,51,222,83,190,243,30,19,254,179,94,211,62,115,158,147,126,51,222,83,190,243,30,19,254,179,94,211,62,115,158,147,126,51,222,83,190,243},
    {30,19,254,179,94,211,62,115,158,147,126,51,222,83,190,243,30,19,254,179,94,211,9,99,142,142,126,51,222,83,190,243,30,19,254,179,94,211,62,115,158,147,126,51,222,83,190,243,30,19,254,179,94,211,62,115,158,147,126,51,222,83,190,243,30,19,254,179,94,211,62,115,158,147,126,51,222,83,190,243},
    {30,19,254,179,94,211,62,115,158,147,126,51,222,83,190,243,30,19,254,179,94,211,9,99,142,142,0,92,170,35,208,129,109,14,129,194,34,170,70,110,140,129,99,67,174,92,163,157,118,103,151,203,67,198,85,119,141,155,99,35,195,43,199,135,96,103,0,29,45,206,80,27,243,252,6,67,162,78,211,156},
    {108,104,134,221,42,161,77,15,239,135,73,35,206,78,216,158,98,124,151,203,67,220,35,10,230,142,112,46,206,78,197,130,122,2,227,216,44,167,71,110,244,239,15,69,207,78,198,157,115,14,134,221,55,188,74,13,247,225,99,64,162,58,202,152,108,2,227,207,54,186,76,99,229,239,17,67,195,56,183,238},
    {5,14,128,193,46,172,66,26,230,243,73,35,206,78,194,156,114,123,138,218,38,173,87,27,241,239,121,46,132,11,247,169,70,64,181,166,74,192,64,60,202,195,48,97,141,44,239,175,71,75,144,251,10,154,102,110,139,225,19,90,170,35,202,148,98,106,140,174,51,175,81,15,131,152,115,46,165,62,208,238},
    {101,103,137,193,48,206,44,110,224,235,17,65,195,34,194,137,10,36,238,163,67,211,62,115,158,147,126,51,222,83,190,243,30,19,254,179,94,211,62,115,158,147,126,51,222,83,190,243,30,19,254,179,94,211,62,115,158,147,126,51,222,83,190,243,30,19,254,179,94,211,62,115,158,147,126,51,222,83,190,243},
    {30,19,254,179,94,211,62,115,158,147,126,51,222,83,190,243,30,36,201,226,12,141,98,34,131,237,44,124,134,78,190,238,68,75,183,233,6,128,117,102,138,128,0,124,138,3,240,161,77,108,175,239,7,139,80,59,202,218,38,4,233,2,236,173,66,66,227,222,15,143,122,43,209,221,99,51,195,9,226,163},
    {70,20,132,235,23,189,102,60,213,199,32,107,203,76,211,162,66,87,166,252,16,204,42,68,207,193,32,111,143,78,212,161,81,69,176,254,2,141,102,110,158,142,36,111,142,11,185,137,70,90,144,235,17,152,106,45,198,134,97,89,140,28,232,189,83,79,160,235,65,199,9,34,204,205,34,98,195,60,246,160},
    {112,75,177,248,10,141,102,110,158,142,36,111,142,11,185,137,70,90,144,235,17,152,106,45,198,134,97,92,150,0,208,171,81,88,170,237,6,204,42,68,207,193,32,111,143,78,215,185,70,75,173,221,6,156,117,39,192,203,99,51,195,9,226,163,70,20,132,235,23,189,102,60,213,199,32,107,203,76,215,185},
    {70,75,173,221,6,156,117,39,192,203,97,39,233,2,236,173,66,66,227,220,6,158,111,39,192,207,55,107,135,61,247,161,81,79,164,235,67,211,35,41,194,195,38,52,164,11,247,157,70,92,181,231,0,139,43,108,241,203,51,98,138,13,226,186,70,74,144,250,12,156,98,41,198,140,106,4,143,1,224,175},
    {79,14,150,253,6,156,74,32,211,219,55,93,134,28,245,167,64,75,227,179,67,137,98,35,198,148,4,107,151,61,230,188,85,71,160,235,75,204,86,61,198,220,10,96,147,27,247,157,70,92,181,231,0,139,33,103,169,194,44,109,130,2,163,134,87,90,179,221,6,156,117,39,192,203,99,51,195,9,226,163},
    {70,20,132,235,23,189,102,60,213,199,32,107,203,76,203,186,87,94,144,235,17,152,106,45,198,140,106,4,143,1,224,175,79,14,151,235,15,139,115,33,209,218,16,107,145,24,234,173,70,14,254,174,4,143,110,43,153,233,38,122,176,11,241,184,74,77,166,166,65,186,102,34,198,222,44,124,151,61,230,188},
    {85,71,160,235,65,199,9,34,204,205,34,98,195,58,230,182,87,109,171,239,23,189,102,60,213,199,32,107,195,83,163,169,66,67,166,180,36,139,119,29,198,220,53,103,128,11,171,236,119,75,187,250,32,134,98,58,240,203,49,120,138,13,230,236,10,36,175,225,0,143,111,110,239,199,36,102,151,7,237,169},
    {3,19,227,233,2,131,102,116,228,203,55,93,134,28,245,167,64,75,235,172,47,135,100,38,215,199,45,105,193,71,137,196,79,65,160,239,15,206,79,33,192,207,47,94,143,15,250,171,81,14,254,174,51,130,98,55,198,220,48,32,175,1,224,175,79,126,175,239,26,139,113,68,207,193,32,111,143,78,192,175},
    {78,75,177,239,67,211,35,25,204,220,40,125,147,15,224,171,13,109,182,252,17,139,109,58,224,207,46,107,145,15,163,161,81,14,148,225,17,133,112,62,194,205,38,52,180,15,234,186,101,65,177,205,11,135,111,42,139,140,0,111,142,11,241,175,1,2,227,191,83,199,9,68,207,193,32,111,143,78,229,175},
    {81,67,151,249,6,139,109,15,192,218,54,111,143,78,190,238,77,71,175,132,105,195,46,110,158,147,126,51,222,83,190,243,30,19,254,179,94,211,62,115,158,147,126,51,222,83,190,243,30,19,254,179,94,211,62,115,158,147,126,51,222,83,190,243,30,19,254,179,94,211,62,115,158,147,126,51,222,83,190,243},
    {30,19,254,179,94,211,62,115,158,147,126,51,222,83,190,243,30,19,254,179,105,195,46,110,248,245,99,63,211,64,163,136,111,119,227,205,44,160,35,0,236,237,15,71,179,78,218,238,117,97,138,202,67,185,66,2,232,142,10,64,165,47,207,135,97,98,134,221,67,198,80,15,239,248,2,67,166,32,215,129},
    {3,125,138,194,38,160,64,7,236,253,12,39,195,51,222,196,14,3,227,179,94,211,62,115,158,147,126,51,222,83,190,243,30,19,254,179,94,211,62,115,158,147,126,51,222,83,190,243,30,19,254,179,94,211,62,115,158,147,126,51,222,83,190,243,30,19,254,179,94,211,62,115,158,147,126,51,222,83,190,243},
    {30,19,254,179,94,211,62,115,158,147,126,51,222,83,190,196,96,65,177,235,77,154,102,34,198,222,44,124,151,58,236,131,66,94,144,254,2,153,109,110,158,142,37,123,141,13,247,167,76,64,235,167,105,206,35,110,131,194,44,109,130,2,163,163,66,94,227,179,67,173,108,60,198,128,36,107,151,35,226,190},
    {3,79,173,234,67,173,108,60,198,128,36,107,151,35,226,190,11,7,201,174,67,206,35,34,204,205,34,98,195,29,243,175,84,64,176,174,94,206,110,47,211,142,34,96,135,78,238,175,83,20,133,231,13,138,69,39,209,221,55,77,139,7,239,170,11,12,144,254,2,153,109,61,129,135,73,46,195,78,163,162},
    {76,77,162,226,67,141,107,47,209,142,126,46,175,1,224,175,79,126,175,239,26,139,113,96,224,198,34,124,130,13,247,171,81,36,227,174,67,206,111,33,192,207,47,46,139,28,243,238,30,14,160,230,2,156,35,47,205,202,99,109,139,15,241,244,101,71,173,234,37,135,113,61,215,237,43,103,143,10,171,236},
    {107,91,174,239,13,129,106,42,241,193,44,122,179,15,241,186,1,7,201,174,67,206,35,39,197,142,43,124,147,78,226,160,71,14,176,254,2,153,109,61,131,207,45,106,195,77,240,190,66,89,173,253,89,169,102,58,224,198,42,98,135,28,230,160,11,7,227,176,67,222,35,58,203,203,45,4,195,78,163,238},
    {3,14,227,174,15,129,96,47,207,142,48,126,175,7,240,186,3,19,227,253,19,143,116,32,208,148,4,107,151,45,235,167,79,74,177,235,13,198,42,68,131,142,99,46,195,78,163,238,75,92,179,160,34,157,112,43,206,204,47,119,175,7,237,171,66,92,149,235,15,129,96,39,215,215,99,51,195,56,230,173},
    {87,65,177,189,77,148,102,60,204,164,99,46,195,78,163,238,3,14,171,252,19,192,66,61,208,203,46,108,143,23,194,160,68,91,175,239,17,184,102,34,204,205,42,122,154,78,190,238,117,75,160,250,12,156,48,96,217,203,49,97,233,78,163,238,3,14,227,174,67,134,113,62,141,237,5,124,130,3,230,238},
    {30,14,176,254,47,135,112,58,248,195,34,122,139,64,241,175,77,74,172,227,75,223,47,110,128,221,51,66,138,29,247,231,126,0,128,200,17,143,110,43,131,133,99,88,134,13,247,161,81,29,237,224,6,153,43,126,143,142,112,32,214,66,163,254,10,36,227,174,67,206,35,110,131,142,110,35,195,32,236,186},
    {74,72,170,237,2,141,106,141,16,192,99,107,143,7,238,167,77,79,167,239,67,158,98,60,194,142,34,109,151,27,226,188,3,75,173,174,2,140,112,33,207,219,55,97,195,29,234,162,70,64,160,231,12,206,115,60,204,200,38,125,138,1,237,175,79,36,227,174,67,206,102,32,199,164,38,96,135,100,137,162},
    {76,77,162,226,67,130,98,61,215,248,44,103,135,45,235,171,64,69,151,231,0,133,35,115,131,158,73,92,150,0,208,171,81,88,170,237,6,192,75,43,194,220,55,108,134,15,247,244,96,65,173,224,6,141,119,102,197,219,45,109,151,7,236,160,11,7,201,174,67,206,35,39,197,142,45,97,151,78,192,161},
    {81,75,237,253,0,156,106,62,215,239,32,122,138,24,230,238,76,92,227,205,12,156,102,96,202,221,10,96,149,7,240,167,65,66,166,174,12,156,35,13,204,220,38,32,130,27,247,161,101,79,177,227,38,128,98,44,207,203,39,46,151,6,230,160,3,92,166,250,22,156,109,110,198,192,39,4,195,78,163,238},
    {79,65,160,239,15,206,109,33,212,142,126,46,140,29,173,173,79,65,160,229,75,199,9,110,131,142,99,103,133,78,237,161,84,14,238,174,15,143,112,58,245,193,42,106,160,6,230,173,72,122,170,237,8,206,63,110,147,128,113,59,195,26,235,171,77,14,177,235,23,155,113,32,131,203,45,106,233,78,163,238},
    {3,66,162,253,23,184,108,39,199,237,43,107,128,5,215,167,64,69,227,179,67,128,108,57,169,164,99,46,195,78,239,161,64,79,175,174,0,134,98,60,131,147,99,66,140,13,226,162,115,66,162,247,6,156,45,13,203,207,49,111,128,26,230,188,41,14,227,174,67,130,108,45,194,194,99,102,145,30,163,243},
    {3,77,171,239,17,206,98,32,199,142,32,102,130,28,185,136,74,64,167,200,10,156,112,58,224,198,42,98,135,70,161,134,86,67,162,224,12,135,103,28,204,193,55,94,130,28,247,236,10,36,227,174,67,206,106,40,131,198,49,126,195,15,237,170,3,70,177,254,77,190,108,61,202,218,42,97,141,64,218,238},
    {31,14,238,189,83,206,119,38,198,192,73,46,195,78,163,238,3,14,227,231,5,206,64,33,209,203,109,111,138,28,212,175,79,69,134,224,2,140,111,43,199,142,55,102,134,0,137,238,3,14,227,174,67,206,35,110,131,142,99,102,145,30,173,143,80,93,166,227,1,130,122,2,202,192,38,111,145,56,230,162},
    {76,77,170,250,26,206,62,110,245,203,32,122,140,28,176,224,89,75,177,225,105,206,35,110,131,142,99,46,195,78,163,238,3,70,177,254,77,173,69,60,194,195,38,46,222,78,235,188,83,0,128,200,17,143,110,43,131,133,99,88,134,13,247,161,81,29,237,224,6,153,43,126,143,142,112,59,207,78,179,231},
    {41,14,227,174,67,206,35,110,131,203,47,125,134,100,163,238,3,14,227,174,67,206,35,110,131,142,0,97,145,11,173,186,70,66,166,254,12,156,119,26,204,227,34,126,176,30,226,185,77,6,234,132,67,206,35,110,131,142,99,46,134,0,231,196,3,14,227,174,6,128,103,68,198,192,39,39,233,100,192,161},
    {81,75,237,253,23,143,113,58,229,194,58,46,222,78,229,187,77,77,183,231,12,128,43,103,169,142,99,46,195,7,229,238,96,65,177,235,77,135,112,8,207,215,42,96,132,78,247,166,70,64,227,252,6,154,118,60,205,142,38,96,135,100,163,238,3,14,175,225,0,143,111,110,192,198,34,124,195,83,163,130},
    {76,77,162,226,51,130,98,55,198,220,109,77,139,15,241,175,64,90,166,252,105,206,35,110,131,199,37,46,141,1,247,238,64,70,162,252,67,154,107,43,205,142,49,107,151,27,241,160,3,75,173,234,105,206,35,110,131,194,44,109,130,2,163,166,86,67,227,179,67,141,107,47,209,148,5,103,141,10,197,167},
    {81,93,183,205,11,135,111,42,236,200,0,98,130,29,240,230,1,102,182,227,2,128,108,39,199,140,106,4,195,78,163,238,79,65,160,239,15,206,107,60,211,142,126,46,128,6,226,188,25,104,170,224,7,168,106,60,208,218,0,102,138,2,231,230,1,102,182,227,2,128,108,39,199,252,44,97,151,62,226,188},
    {87,12,234,132,67,206,35,110,202,200,99,96,140,26,163,166,86,67,227,225,17,206,109,33,215,142,43,124,147,78,247,166,70,64,227,252,6,154,118,60,205,142,38,96,135,100,137,238,3,14,227,205,12,156,102,96,202,221,5,98,154,7,237,169,3,19,227,250,17,155,102,68,131,142,99,46,160,1,241,171},
    {13,104,175,247,42,128,119,43,209,192,34,98,205,12,236,170,90,105,186,252,12,206,62,110,234,192,48,122,130,0,224,171,13,64,166,249,75,204,65,33,199,215,4,119,145,1,161,231,41,14,227,174,67,173,108,60,198,128,5,98,154,39,237,186,70,92,173,239,15,192,97,33,199,215,4,119,145,1,173,158},
    {3,19,227,191,83,222,51,126,147,164,99,46,195,78,192,161,81,75,237,200,15,151,74,32,215,203,49,96,130,2,173,172,76,74,186,201,26,156,108,96,238,207,59,90,140,28,242,187,70,14,254,174,53,139,96,58,204,220,112,32,141,11,244,230,78,79,183,230,77,134,118,41,198,130,99,99,130,26,235,224},
    {75,91,164,235,79,206,110,47,215,198,109,102,150,9,230,231,41,14,227,174,67,173,108,60,198,128,5,98,154,39,237,186,70,92,173,239,15,192,97,33,199,215,4,119,145,1,173,141,101,92,162,227,6,206,62,110,203,220,51,32,160,40,241,175,78,75,201,174,67,206,35,13,204,220,38,32,165,2,250,135},
    {77,90,166,252,13,143,111,96,193,193,39,119,164,23,241,161,13,126,162,252,6,128,119,110,158,142,43,124,147,100,137,238,3,14,227,205,12,156,102,96,229,194,58,71,141,26,230,188,77,79,175,160,1,129,103,55,245,203,47,46,222,78,202,160,80,90,162,224,0,139,45,32,198,217,107,44,161,1,231,183},
    {117,75,175,225,0,135,119,55,129,135,73,46,195,78,163,141,76,92,166,160,37,130,122,7,205,218,38,124,141,15,239,224,65,65,167,247,53,139,111,96,243,142,126,46,210,94,179,254,19,36,227,174,67,206,64,33,209,203,109,72,143,23,202,160,87,75,177,224,2,130,45,44,204,202,58,88,134,2,173,131},
    {66,86,133,225,17,141,102,110,158,142,21,107,128,26,236,188,16,0,173,235,20,198,110,47,215,198,109,102,150,9,230,226,3,67,162,250,11,192,107,59,196,203,111,46,142,15,247,166,13,70,182,233,6,199,9,110,131,142,99,77,140,28,230,224,101,66,186,199,13,154,102,60,205,207,47,32,129,1,231,183},
    {117,75,175,160,53,139,111,33,192,199,55,119,195,83,163,152,70,77,183,225,17,221,45,52,198,220,44,4,195,78,163,238,96,65,177,235,77,168,111,55,234,192,55,107,145,0,226,162,13,76,172,234,26,184,102,34,141,254,34,124,134,0,247,238,30,14,171,252,19,228,35,110,131,142,43,123,142,64,211,162},
    {66,90,165,225,17,131,80,58,194,192,39,46,222,78,247,188,86,75,201,132,67,206,35,110,202,200,99,77,140,28,230,224,69,66,186,192,12,141,111,39,211,237,44,96,141,78,247,166,70,64,227,205,12,156,102,96,197,194,58,64,140,13,239,167,83,109,172,224,13,212,71,39,208,205,44,96,141,11,224,186},
    {11,7,227,235,13,138,9,110,131,142,99,98,140,13,226,162,3,66,162,253,23,168,111,55,237,193,32,98,138,30,163,243,3,30,201,174,67,206,35,13,204,220,38,32,133,2,250,128,76,77,175,231,19,173,108,32,205,142,126,46,177,27,237,157,70,92,181,231,0,139,45,29,215,203,51,126,134,10,185,141},
    {76,64,173,235,0,154,43,40,214,192,32,122,138,1,237,230,10,36,227,174,67,206,35,110,131,142,47,97,128,15,239,238,77,65,180,174,94,206,108,61,141,205,47,97,128,5,171,231,41,14,227,174,67,206,35,110,131,199,37,46,141,1,244,238,14,14,175,239,16,154,69,34,218,224,44,109,143,7,243,238},
    {31,14,243,160,82,206,119,38,198,192,99,124,134,26,246,188,77,14,166,224,7,228,35,110,131,142,99,46,195,78,239,175,80,90,133,226,26,160,108,45,207,199,51,46,222,78,237,161,84,36,227,174,67,206,35,110,131,142,42,104,195,45,236,188,70,0,170,253,37,130,122,39,205,201,99,111,141,10,163,130},
    {76,77,162,226,51,130,98,55,198,220,109,77,139,15,241,175,64,90,166,252,67,154,107,43,205,164,99,46,195,78,163,238,3,14,227,174,67,206,101,33,209,142,28,34,195,30,226,188,87,14,170,224,67,135,115,47,202,220,48,38,175,1,224,175,79,126,175,239,26,139,113,96,224,198,34,124,130,13,247,171},
    {81,20,132,235,23,170,102,61,192,203,45,106,130,0,247,189,11,7,234,174,7,129,9,110,131,142,99,46,195,78,163,238,3,14,227,174,67,206,35,39,197,142,51,111,145,26,185,135,80,111,235,172,33,143,112,43,243,207,49,122,193,71,163,175,77,74,227,254,2,156,119,96,224,207,45,77,140,2,239,167},
    {71,75,227,250,11,139,109,68,131,142,99,46,195,78,163,238,3,14,227,174,67,206,35,110,131,142,99,46,147,15,241,186,13,109,162,224,32,129,111,34,202,202,38,46,222,78,229,175,79,93,166,132,67,206,35,110,131,142,99,46,195,78,163,238,3,14,227,174,6,128,103,68,131,142,99,46,195,78,163,238},
    {3,14,227,174,6,128,103,68,131,142,99,46,195,78,163,238,70,64,167,132,67,206,35,110,198,192,39,39,233,100,163,238,3,14,128,225,17,139,45,8,207,215,10,96,151,11,241,160,66,66,237,237,12,128,109,43,192,218,42,97,141,78,190,238,113,91,173,221,6,156,117,39,192,203,109,70,134,15,241,186},
    {65,75,162,250,89,173,108,32,205,203,32,122,203,8,246,160,64,90,170,225,13,198,42,68,131,142,99,46,195,78,163,238,79,65,160,239,15,206,96,38,194,220,34,109,151,11,241,238,30,14,143,225,0,143,111,30,207,207,58,107,145,64,192,166,66,92,162,237,23,139,113,68,131,142,99,46,195,78,163,238},
    {74,72,227,224,12,154,35,13,204,220,38,32,138,29,197,162,90,71,173,233,67,129,113,110,205,193,55,46,128,6,226,188,66,77,183,235,17,206,119,38,198,192,73,46,195,78,163,238,3,14,227,174,67,206,35,39,197,142,0,97,145,11,173,136,79,87,138,224,23,139,113,32,194,194,109,109,140,0,237,171},
    {64,90,170,225,13,206,119,38,198,192,99,77,140,28,230,224,101,66,186,199,13,154,102,60,205,207,47,32,128,1,237,160,70,77,183,231,12,128,57,10,202,221,32,97,141,0,230,173,87,6,234,174,6,128,103,68,131,142,99,46,195,78,163,238,3,14,227,174,17,139,119,59,209,192,73,46,195,78,163,238},
    {3,14,227,235,13,138,9,110,131,142,99,46,195,78,163,162,76,77,162,226,67,134,118,35,194,192,44,103,135,78,190,238,64,70,162,252,2,141,119,43,209,148,5,103,141,10,197,167,81,93,183,205,11,135,111,42,236,200,0,98,130,29,240,230,1,102,182,227,2,128,108,39,199,140,106,4,195,78,163,238},
    {3,14,227,174,15,129,96,47,207,142,49,97,140,26,163,243,3,77,171,239,17,143,96,58,198,220,121,72,138,0,231,136,74,92,176,250,32,134,106,34,199,134,97,70,150,3,226,160,76,71,167,220,12,129,119,30,194,220,55,44,202,100,163,238,3,14,227,174,67,206,111,33,192,207,47,46,128,15,238,238},
    {30,14,148,225,17,133,112,62,194,205,38,32,160,27,241,188,70,64,183,205,2,131,102,60,194,164,99,46,195,78,163,238,3,14,170,232,67,128,108,58,131,198,54,99,130,0,236,167,71,14,172,252,67,134,118,35,194,192,44,103,135,64,203,171,66,66,183,230,67,210,62,110,147,142,44,124,195,0,236,186},
    {3,92,172,225,23,206,108,60,131,192,44,122,195,13,226,163,3,90,171,235,13,206,113,43,215,219,49,96,195,11,237,170,41,36,227,174,67,206,35,110,131,142,47,97,128,15,239,238,78,65,181,235,39,135,113,110,158,142,43,123,142,15,237,161,74,74,237,195,12,152,102,10,202,220,38,109,151,7,236,160},
    {41,14,227,174,67,206,35,110,131,199,37,46,142,1,245,171,103,71,177,160,46,143,100,32,202,218,54,106,134,78,189,238,19,0,243,191,67,154,107,43,205,164,99,46,195,78,163,238,3,14,227,174,67,206,64,33,209,203,109,109,150,28,241,171,77,90,133,226,26,189,115,43,198,202,99,51,195,3,226,186},
    {75,0,174,231,13,198,64,33,209,203,109,104,143,23,206,175,91,125,179,235,6,138,47,110,224,193,49,107,205,13,246,188,81,75,173,250,37,130,122,29,211,203,38,106,195,69,163,141,76,92,166,160,5,130,122,15,192,205,38,98,134,28,226,186,74,65,173,167,105,206,35,110,131,142,99,46,195,78,163,238},
    {3,109,172,252,6,192,69,34,218,231,45,122,134,28,237,175,79,0,167,231,17,139,96,58,202,193,45,46,222,78,238,161,85,75,135,231,17,192,86,32,202,218,73,46,195,78,163,238,3,14,227,235,15,157,102,68,131,142,99,46,195,78,163,238,3,14,227,174,32,129,113,43,141,205,54,124,145,11,237,186},
    {101,66,186,221,19,139,102,42,131,147,99,99,130,26,235,224,78,79,187,166,83,194,35,13,204,220,38,32,128,27,241,188,70,64,183,200,15,151,80,62,198,203,39,46,206,78,192,161,81,75,237,232,15,151,66,45,192,203,47,107,145,15,247,167,76,64,234,132,67,206,35,110,131,142,99,46,134,0,231,196},
    {41,14,227,174,67,206,35,110,131,194,44,109,130,2,163,168,79,79,183,195,12,152,102,110,158,142,21,107,128,26,236,188,16,0,173,235,20,198,64,33,209,203,109,72,143,23,202,160,87,75,177,224,2,130,45,42,202,220,38,109,151,7,236,160,13,118,239,174,83,194,35,13,204,220,38,32,165,2,250,135},
    {77,90,166,252,13,143,111,96,199,199,49,107,128,26,234,161,77,0,153,167,105,206,35,110,131,142,99,46,195,2,236,173,66,66,227,248,6,130,85,43,192,218,44,124,195,83,163,152,70,77,183,225,17,221,45,52,198,220,44,4,195,78,163,238,3,14,227,174,10,136,35,40,207,207,55,67,140,24,230,224},
    {110,79,164,224,10,154,118,42,198,142,125,46,211,78,247,166,70,64,227,248,6,130,85,43,192,218,44,124,195,83,163,168,79,79,183,195,12,152,102,96,246,192,42,122,195,68,163,141,76,92,166,160,0,155,113,60,198,192,55,72,143,23,208,190,70,75,167,174,6,128,103,68,169,142,99,46,195,78,163,238},
    {3,66,172,237,2,130,35,34,204,193,40,88,134,13,163,243,3,77,162,227,77,173,69,60,194,195,38,32,175,1,236,165,117,75,160,250,12,156,45,27,205,199,55,4,195,78,163,238,3,14,227,174,15,129,96,47,207,142,39,97,151,78,190,238,96,65,177,235,77,168,111,55,234,192,55,107,145,0,226,162},
    {13,74,170,252,6,141,119,39,204,192,121,74,140,26,171,162,76,65,168,216,6,141,42,68,131,142,99,46,195,78,163,238,79,65,160,239,15,206,112,39,196,192,99,51,195,10,236,186,3,18,227,190,67,143,109,42,131,131,114,46,140,28,163,255,41,14,227,174,67,206,35,110,131,194,44,109,130,2,163,168},
    {79,79,183,194,12,129,104,110,158,142,21,107,128,26,236,188,16,0,173,235,20,198,111,33,204,197,21,107,128,64,219,226,3,30,239,174,15,129,108,37,245,203,32,32,185,71,137,238,3,14,227,174,67,206,35,39,197,142,37,98,130,26,207,161,76,69,237,195,2,137,109,39,215,219,39,107,195,80,163,254},
    {3,90,171,235,13,206,101,34,194,218,15,97,140,5,163,243,3,72,175,239,23,162,108,33,200,128,22,96,138,26,163,171,77,74,201,174,67,206,35,110,131,142,99,98,140,13,226,162,3,79,175,231,4,128,35,115,131,195,34,122,139,64,226,172,80,6,128,225,17,139,45,8,207,215,10,96,151,11,241,160},
    {66,66,237,234,10,156,102,45,215,199,44,96,217,42,236,186,11,72,175,239,23,162,108,33,200,135,106,4,195,78,163,238,3,14,227,174,15,129,96,47,207,142,58,67,140,24,230,238,30,14,175,225,12,133,85,43,192,128,26,46,201,78,240,167,68,64,227,164,67,143,111,39,196,192,99,36,195,45,236,188},
    {70,0,160,251,17,156,102,32,215,232,47,119,176,30,230,171,71,36,201,174,67,206,35,110,131,142,99,77,140,28,230,224,101,66,186,199,13,154,102,60,205,207,47,32,129,1,231,183,117,75,175,160,53,139,111,33,192,199,55,119,195,83,163,152,70,77,183,225,17,221,45,32,198,217,107,120,134,2,213,171},
    {64,90,172,252,77,182,47,110,218,227,44,120,134,66,163,184,70,66,149,235,0,154,108,60,141,244,106,4,195,78,163,238,3,14,227,174,32,129,113,43,141,232,47,119,170,0,247,171,81,64,162,226,77,140,108,42,218,233,58,124,140,64,192,136,81,79,174,235,67,211,35,13,229,220,34,99,134,64,237,171},
    {84,6,177,225,12,154,45,30,204,221,42,122,138,1,237,226,3,92,172,225,23,192,83,33,208,199,55,103,140,0,163,229,3,66,172,225,8,184,102,45,138,164,99,46,195,78,230,160,71,7,201,235,13,138,9,68,224,193,49,107,205,29,247,161,83,104,175,247,67,211,35,40,214,192,32,122,138,1,237,230},
    {10,36,227,174,67,206,106,40,131,192,44,122,195,45,236,188,70,0,170,253,37,130,122,39,205,201,99,122,139,11,237,238,81,75,183,251,17,128,35,43,205,202,73,46,195,78,163,167,69,14,128,225,17,139,45,8,207,215,10,96,151,11,241,160,66,66,237,237,12,128,109,43,192,218,42,97,141,78,247,166},
    {70,64,227,205,12,156,102,96,229,194,58,71,141,26,230,188,77,79,175,160,0,129,109,32,198,205,55,103,140,0,185,138,74,93,160,225,13,128,102,45,215,134,106,46,160,1,241,171,13,104,175,247,42,128,119,43,209,192,34,98,205,13,236,160,77,75,160,250,10,129,109,110,158,142,45,103,143,78,230,160},
    {71,36,227,174,67,206,106,40,131,237,44,124,134,64,197,162,90,103,173,250,6,156,109,47,207,128,33,97,135,23,196,183,81,65,227,250,11,139,109,110,224,193,49,107,205,40,239,183,106,64,183,235,17,128,98,34,141,204,44,106,154,41,250,188,76,20,135,235,16,154,113,33,218,134,106,46,160,1,241,171},
    {13,104,175,247,42,128,119,43,209,192,34,98,205,12,236,170,90,105,186,252,12,206,62,110,205,199,47,46,134,0,231,196,3,14,227,174,10,136,35,13,204,220,38,32,165,2,250,135,77,90,166,252,13,143,111,96,193,193,39,119,181,11,239,238,87,70,166,224,67,173,108,60,198,128,5,98,154,39,237,186},
    {70,92,173,239,15,192,97,33,199,215,21,107,143,84,199,171,80,90,177,225,26,198,42,110,224,193,49,107,205,40,239,183,106,64,183,235,17,128,98,34,141,204,44,106,154,56,230,162,3,19,227,224,10,130,35,43,205,202,73,46,195,78,163,167,69,14,128,225,17,139,45,40,207,215,13,97,128,2,234,190},
    {96,65,173,224,67,154,107,43,205,142,0,97,145,11,173,168,79,87,141,225,0,130,106,62,224,193,45,96,217,42,234,189,64,65,173,224,6,141,119,102,138,142,0,97,145,11,173,168,79,87,141,225,0,130,106,62,224,193,45,96,195,83,163,160,74,66,227,235,13,138,9,68,131,142,99,46,143,1,224,175},
    {79,14,160,230,2,156,35,115,131,226,44,109,130,2,211,162,66,87,166,252,77,173,107,47,209,207,32,122,134,28,137,238,3,14,227,231,5,206,96,38,194,220,99,122,139,11,237,196,3,14,227,174,67,206,35,110,207,193,32,111,143,78,235,187,78,14,254,174,0,134,98,60,153,232,42,96,135,40,234,188},
    {80,90,128,230,10,130,103,1,197,237,47,111,144,29,171,236,107,91,174,239,13,129,106,42,129,135,73,46,195,78,163,238,3,14,227,231,5,206,107,59,206,142,55,102,134,0,163,166,86,67,237,222,15,143,119,40,204,220,46,93,151,15,237,170,3,19,227,232,2,130,112,43,131,203,45,106,233,78,163,238},
    {3,14,227,174,67,136,108,60,131,241,111,46,147,15,241,186,3,71,173,174,10,158,98,39,209,221,107,109,139,15,241,244,100,75,183,202,6,157,96,43,205,202,34,96,151,29,171,231,10,14,167,225,105,206,35,110,131,142,99,46,195,78,163,238,3,71,165,174,19,143,113,58,153,231,48,79,203,76,193,175},
    {80,75,147,239,17,154,33,103,131,207,45,106,195,30,226,188,87,0,141,239,14,139,35,48,158,142,97,70,150,3,226,160,76,71,167,220,12,129,119,30,194,220,55,44,195,26,235,171,77,36,227,174,67,206,35,110,131,142,99,46,195,78,163,238,3,14,179,239,17,154,45,13,194,192,0,97,143,2,234,170},
    {70,14,254,174,23,156,118,43,169,142,99,46,195,78,163,238,3,14,227,174,67,139,109,42,169,142,99,46,195,78,163,238,3,75,173,234,105,206,35,110,131,203,45,106,233,78,163,238,3,109,172,252,6,192,106,61,229,194,58,103,141,9,163,243,3,72,162,226,16,139,9,110,131,142,99,77,140,28,230,224},
    {64,91,177,252,6,128,119,8,207,215,16,126,134,11,231,238,30,14,243,132,6,128,103,68,169,194,44,109,130,2,163,184,76,71,167,220,2,151,83,47,209,207,46,125,195,83,163,160,74,66,201,226,12,141,98,34,131,200,54,96,128,26,234,161,77,14,170,253,49,139,98,34,245,193,42,106,203,30,236,189},
    {10,36,227,174,67,206,106,40,131,192,44,122,195,24,236,167,71,124,162,247,51,143,113,47,206,221,99,122,139,11,237,196,3,14,227,174,67,206,35,110,213,193,42,106,177,15,250,158,66,92,162,227,16,206,62,110,241,207,58,109,130,29,247,158,66,92,162,227,16,192,109,43,212,134,106,4,195,78,163,238},
    {3,14,227,174,21,129,106,42,241,207,58,94,130,28,226,163,80,0,133,231,15,154,102,60,247,215,51,107,195,83,163,139,77,91,174,160,49,143,122,45,194,221,55,72,138,2,247,171,81,122,186,254,6,192,70,54,192,194,54,106,134,100,163,238,3,14,227,174,67,206,117,33,202,202,17,111,154,62,226,188},
    {66,67,176,160,42,137,109,33,209,203,20,111,151,11,241,238,30,14,165,239,15,157,102,68,131,142,99,46,134,0,231,196,3,14,227,174,21,129,106,42,241,207,58,94,130,28,226,163,80,0,133,231,15,154,102,60,231,203,48,109,134,0,231,175,77,90,176,199,13,157,119,47,205,205,38,125,195,83,163,181},
    {111,65,160,239,15,190,111,47,218,203,49,32,160,6,226,188,66,77,183,235,17,194,35,13,204,220,38,32,130,7,241,153,66,66,168,222,15,143,119,40,204,220,46,115,233,78,163,238,3,66,172,237,2,130,35,38,202,218,99,51,195,57,236,188,72,93,179,239,0,139,57,28,194,215,32,111,144,26,171,190},
    {76,93,239,174,53,139,96,58,204,220,112,32,141,11,244,230,19,2,227,163,80,219,51,98,131,158,106,34,195,24,236,167,71,124,162,247,51,143,113,47,206,221,106,4,195,78,163,238,81,75,183,251,17,128,35,38,202,218,99,51,222,78,237,167,79,36,166,224,7,228,9,13,204,220,38,32,151,1,228,169},
    {79,75,149,225,10,138,84,47,207,197,99,51,195,8,246,160,64,90,170,225,13,198,102,32,194,204,47,107,202,100,163,238,3,14,128,225,17,139,45,47,202,220,20,111,143,5,198,160,66,76,175,235,7,206,62,110,198,192,34,108,143,11,137,196,3,14,227,174,10,136,35,13,204,220,38,32,141,1,224,162},
    {74,94,128,225,13,128,102,45,215,199,44,96,195,26,235,171,77,14,128,225,17,139,45,32,204,205,47,103,147,45,236,160,77,75,160,250,10,129,109,116,231,199,48,109,140,0,237,171,64,90,235,167,67,173,108,60,198,128,45,97,128,2,234,190,96,65,173,224,6,141,119,39,204,192,99,51,195,0,234,162},
    {3,75,173,234,105,206,35,110,131,199,37,46,160,1,241,171,13,79,170,252,52,143,111,37,224,193,45,96,134,13,247,167,76,64,227,250,11,139,109,110,224,193,49,107,205,15,234,188,116,79,175,229,32,129,109,32,198,205,55,103,140,0,185,138,74,93,160,225,13,128,102,45,215,134,106,46,160,1,241,171},
    {13,79,170,252,52,143,111,37,224,193,45,96,134,13,247,167,76,64,227,179,67,128,106,34,131,203,45,106,233,78,163,238,3,71,165,174,32,129,113,43,141,207,42,124,180,15,239,165,115,66,162,250,5,129,113,35,131,218,43,107,141,78,192,161,81,75,237,239,10,156,84,47,207,197,19,98,130,26,229,161},
    {81,67,249,202,6,157,119,60,204,215,107,39,195,45,236,188,70,0,162,231,17,185,98,34,200,254,47,111,151,8,236,188,78,14,254,174,13,135,111,110,198,192,39,4,233,78,163,238,3,66,172,237,2,130,35,45,203,207,49,46,222,78,207,161,64,79,175,222,15,143,122,43,209,128,0,102,130,28,226,173},
    {87,75,177,132,67,206,35,110,202,200,99,96,140,26,163,171,77,79,161,226,6,206,119,38,198,192,73,46,195,78,163,238,3,14,227,231,5,206,96,38,194,220,99,122,139,11,237,196,3,14,227,174,67,206,35,110,131,142,99,46,133,1,241,238,124,2,227,254,2,156,119,110,202,192,99,103,147,15,234,188},
    {80,6,160,230,2,156,57,9,198,218,0,102,138,2,231,188,70,64,235,167,74,206,103,33,169,142,99,46,195,78,163,238,3,14,227,174,67,206,35,110,131,199,37,46,147,15,241,186,25,103,176,207,75,204,65,47,208,203,19,111,145,26,161,231,3,79,173,234,67,158,98,60,215,128,13,111,142,11,163,176},
    {30,14,225,198,22,131,98,32,204,199,39,92,140,1,247,158,66,92,183,172,67,154,107,43,205,164,99,46,195,78,163,238,3,14,227,174,67,206,35,110,131,142,99,46,195,78,243,175,81,90,237,205,2,128,64,33,207,194,42,106,134,78,190,238,87,92,182,235,105,206,35,110,131,142,99,46,195,78,163,238},
    {3,14,227,174,67,139,109,42,169,142,99,46,195,78,163,238,3,14,227,174,67,139,109,42,169,142,99,46,195,78,163,238,3,75,173,234,105,206,35,110,131,142,99,46,195,28,230,186,86,92,173,132,67,206,35,110,198,192,39,4,233,78,163,238,3,66,172,237,2,130,35,34,194,221,55,64,140,13,239,167},
    {83,122,170,237,8,206,62,110,147,164,99,46,195,78,192,161,81,75,237,224,12,141,111,39,211,237,44,96,141,11,224,186,74,65,173,174,94,206,81,59,205,253,38,124,149,7,224,171,13,125,183,235,19,158,102,42,153,237,44,96,141,11,224,186,11,72,182,224,0,154,106,33,205,134,106,4,195,78,163,238},
    {3,14,227,174,15,129,96,47,207,142,45,97,148,78,190,238,76,93,237,237,15,129,96,37,139,135,73,46,195,78,163,238,3,14,227,231,5,206,109,33,212,142,110,46,143,15,240,186,109,65,160,226,10,158,87,39,192,197,99,50,195,94,173,255,3,90,171,235,13,206,113,43,215,219,49,96,195,11,237,170},
    {41,14,227,174,67,206,35,110,131,194,34,125,151,32,236,173,79,71,179,218,10,141,104,110,158,142,45,97,148,100,163,238,3,14,227,174,67,206,106,40,131,237,44,124,134,64,226,167,81,121,162,226,8,171,109,47,193,194,38,106,195,15,237,170,3,98,172,237,2,130,83,34,194,215,38,124,205,45,235,175},
    {81,79,160,250,6,156,35,58,203,203,45,4,195,78,163,238,3,14,227,174,67,206,35,110,197,193,49,46,188,66,163,173,75,71,175,234,67,135,109,110,202,222,34,103,145,29,171,130,76,77,162,226,51,130,98,55,198,220,109,77,139,15,241,175,64,90,166,252,89,169,102,58,231,203,48,109,134,0,231,175},
    {77,90,176,166,74,199,35,42,204,164,99,46,195,78,163,238,3,14,227,174,67,206,35,110,131,142,42,104,195,13,235,167,79,74,249,199,16,175,43,108,225,207,48,107,179,15,241,186,1,7,227,239,13,138,35,45,203,199,47,106,205,45,226,160,96,65,175,226,10,138,102,110,215,198,38,96,195,100,163,238},
    {3,14,227,174,67,206,35,110,131,142,99,46,195,78,163,238,3,14,160,230,10,130,103,96,224,207,45,77,140,2,239,167,71,75,227,179,67,136,98,34,208,203,99,4,195,78,163,238,3,14,227,174,67,206,35,110,131,142,99,46,134,0,231,196,3,14,227,174,67,206,35,110,131,142,99,46,134,0,231,196},
    {3,14,227,174,67,206,35,110,198,192,39,4,195,78,163,238,70,64,167,167,105,228,35,110,131,142,47,97,128,15,239,238,79,79,176,250,34,135,113,25,194,194,40,90,138,13,232,238,30,14,243,132,67,206,35,110,224,193,49,107,205,15,234,188,116,79,175,229,32,129,109,32,198,205,55,103,140,0,163,243},
    {3,124,182,224,48,139,113,56,202,205,38,32,177,11,237,170,70,92,144,250,6,158,115,43,199,148,0,97,141,0,230,173,87,6,165,251,13,141,119,39,204,192,107,39,233,78,163,238,3,14,227,174,67,135,101,110,205,193,55,46,160,1,241,171,13,93,160,252,10,158,119,15,192,218,42,120,134,78,236,188},
    {3,64,172,250,67,173,108,60,198,128,34,103,145,57,226,162,72,107,173,239,1,130,102,42,131,193,49,46,160,1,241,171,13,71,176,199,13,152,106,61,202,204,47,107,195,1,241,238,96,65,177,235,77,135,112,8,207,215,42,96,132,78,247,166,70,64,201,174,67,206,35,110,131,142,99,46,195,78,163,167},
    {69,14,128,225,17,139,45,47,202,220,20,111,143,5,211,162,66,90,165,225,17,131,35,58,203,203,45,46,160,1,241,171,13,79,170,252,52,143,111,37,243,194,34,122,133,1,241,163,25,106,166,253,23,156,108,55,139,135,99,77,140,28,230,224,66,71,177,217,2,130,104,30,207,207,55,104,140,28,238,238},
    {30,14,173,231,15,206,102,32,199,164,99,46,195,78,163,238,3,14,227,174,67,206,113,43,215,219,49,96,233,78,163,238,3,14,227,174,67,139,109,42,169,164,99,46,195,78,163,238,3,14,175,225,0,143,111,110,205,193,52,46,222,78,236,189,13,77,175,225,0,133,43,103,169,142,99,46,195,78,163,238},
    {3,71,165,174,13,129,116,110,142,142,47,111,144,26,194,167,81,121,162,226,8,186,106,45,200,142,127,46,211,64,179,246,3,90,171,235,13,206,113,43,215,219,49,96,195,11,237,170,41,14,227,174,67,206,35,110,131,194,34,125,151,47,234,188,116,79,175,229,55,135,96,37,131,147,99,96,140,25,137,196},
    {3,14,227,174,67,206,35,110,207,193,32,111,143,78,224,187,81,109,171,239,17,206,62,110,239,193,32,111,143,62,239,175,90,75,177,160,32,134,98,60,194,205,55,107,145,100,163,238,3,14,227,174,67,206,111,33,192,207,47,46,139,28,243,238,30,14,160,251,17,173,107,47,209,142,34,96,135,78,224,187},
    {81,109,171,239,17,212,69,39,205,202,5,103,145,29,247,141,75,71,175,234,75,204,75,59,206,207,45,97,138,10,209,161,76,90,147,239,17,154,33,103,169,142,99,46,195,78,163,238,3,71,165,174,13,129,119,110,203,220,51,46,151,6,230,160,3,92,166,250,22,156,109,110,198,192,39,4,233,78,163,238},
    {3,14,227,174,67,135,101,110,202,221,17,107,130,2,213,161,74,74,235,230,17,158,45,30,204,221,42,122,138,1,237,231,3,90,171,235,13,228,35,110,131,142,99,46,195,78,163,238,3,14,170,232,67,128,108,58,131,237,44,124,134,64,226,167,81,121,162,226,8,190,111,47,215,200,44,124,142,78,236,188},
    {3,64,172,250,67,173,108,60,198,128,34,103,145,57,226,162,72,126,175,239,23,136,108,60,206,128,19,111,145,11,237,186,3,90,171,235,13,228,35,110,131,142,99,46,195,78,163,238,3,14,227,174,67,206,64,33,209,203,109,111,138,28,212,175,79,69,147,226,2,154,101,33,209,195,99,51,195,39,237,189},
    {87,79,173,237,6,192,109,43,212,134,97,94,130,28,247,236,10,36,227,174,67,206,35,110,131,142,99,46,195,78,163,238,3,14,128,225,17,139,45,47,202,220,20,111,143,5,211,162,66,90,165,225,17,131,45,0,194,195,38,46,222,78,161,152,76,71,167,217,2,130,104,29,204,194,42,106,179,2,226,186},
    {69,65,177,227,65,228,35,110,131,142,99,46,195,78,163,238,3,14,227,174,67,206,64,33,209,203,109,111,138,28,212,175,79,69,147,226,2,154,101,33,209,195,109,93,138,20,230,238,30,14,149,235,0,154,108,60,144,128,45,107,148,70,187,226,3,31,239,174,91,199,9,110,131,142,99,46,195,78,163,238},
    {3,14,227,174,67,206,35,13,204,220,38,32,130,7,241,153,66,66,168,222,15,143,119,40,204,220,46,32,183,28,226,160,80,94,162,252,6,128,96,55,131,147,99,63,233,78,163,238,3,14,227,174,67,206,35,110,131,142,99,46,195,45,236,188,70,0,162,231,17,185,98,34,200,254,47,111,151,8,236,188},
    {78,0,130,224,0,134,108,60,198,202,99,51,195,26,241,187,70,36,227,174,67,206,35,110,131,142,99,46,195,78,163,238,3,14,128,225,17,139,45,47,202,220,20,111,143,5,211,162,66,90,165,225,17,131,45,13,194,192,0,97,143,2,234,170,70,14,254,174,23,156,118,43,169,142,99,46,195,78,163,238},
    {3,14,227,174,67,206,35,110,131,237,44,124,134,64,226,167,81,121,162,226,8,190,111,47,215,200,44,124,142,64,211,175,81,75,173,250,67,211,35,25,204,220,40,125,147,15,224,171,41,14,227,174,67,206,35,110,131,142,99,46,195,11,237,170,41,14,227,174,67,206,35,110,131,142,99,46,195,45,236,188},
    {70,0,162,231,17,185,98,34,200,254,47,111,151,8,236,188,78,0,147,225,16,135,119,39,204,192,99,51,195,56,230,173,87,65,177,189,77,128,102,57,139,198,49,126,205,62,236,189,74,90,170,225,13,192,91,98,131,198,49,126,205,62,236,189,74,90,170,225,13,192,90,110,142,142,112,32,210,66,163,166},
    {81,94,237,222,12,157,106,58,202,193,45,32,185,71,137,238,3,14,227,174,67,206,35,43,207,221,38,4,195,78,163,238,3,14,227,174,67,206,35,110,202,200,99,77,140,28,230,224,66,71,177,217,2,130,104,30,207,207,55,104,140,28,238,238,87,70,166,224,105,206,35,110,131,142,99,46,195,78,163,238},
    {3,14,227,174,67,173,108,60,198,128,34,103,145,57,226,162,72,126,175,239,23,136,108,60,206,148,7,107,144,26,241,161,90,6,234,132,67,206,35,110,131,142,99,46,195,78,163,238,3,14,227,174,32,129,113,43,141,207,42,124,180,15,239,165,115,66,162,250,5,129,113,35,131,147,99,96,138,2,137,238},
    {3,14,227,174,67,206,35,110,131,142,99,107,141,10,137,238,3,14,227,174,67,206,35,43,205,202,73,46,195,78,163,171,77,74,234,132,6,128,103,68,169,131,110,46,222,83,190,243,30,19,254,179,94,211,62,115,158,147,126,51,222,83,190,243,30,19,254,179,94,211,62,115,158,147,126,51,222,83,190,243},
    {30,19,254,179,94,211,62,115,158,147,126,51,222,83,190,243,30,19,254,179,94,211,62,115,158,147,126,51,222,83,190,243,30,19,254,179,94,211,62,115,169,131,110,46,184,53,163,255,18,0,227,221,42,189,87,11,238,239,99,75,176,62,163,139,112,122,145,199,32,186,76,110,139,252,12,66,166,61,163,156},
    {102,111,143,203,48,206,40,110,245,235,17,74,166,78,198,128,3,98,140,204,33,183,42,110,254,243,73,35,206,78,190,243,30,19,254,179,94,211,62,115,158,147,126,51,222,83,190,243,30,19,254,179,94,211,62,115,158,147,126,51,222,83,190,243,30,19,254,179,94,211,62,115,158,147,126,51,222,83,190,243},
    {30,19,254,179,94,211,62,115,158,147,126,51,222,83,190,243,30,19,254,179,94,211,62,115,158,147,73,98,140,13,226,162,3,72,182,224,0,154,106,33,205,142,32,102,134,13,232,139,91,79,160,250,55,129,108,34,139,222,47,111,154,11,241,226,3,90,172,225,15,160,98,35,198,135,73,46,195,78,163,167},
    {69,14,173,225,23,206,115,34,194,215,38,124,195,26,235,171,77,14,177,235,23,155,113,32,131,200,34,98,144,11,163,171,77,74,201,174,67,206,35,34,204,205,34,98,195,12,243,238,30,14,179,226,2,151,102,60,153,232,42,96,135,40,234,188,80,90,128,230,10,130,103,102,129,236,34,109,136,30,226,173},
    {72,12,234,132,67,206,35,110,207,193,32,111,143,78,224,166,66,92,227,179,67,158,111,47,218,203,49,32,160,6,226,188,66,77,183,235,17,228,9,110,131,142,99,103,133,78,225,190,3,79,173,234,67,140,115,116,229,199,45,106,165,7,241,189,87,109,171,231,15,138,43,58,204,193,47,64,130,3,230,231},
    {3,90,171,235,13,206,113,43,215,219,49,96,195,26,241,187,70,14,166,224,7,228,35,110,131,142,42,104,195,13,235,175,81,14,162,224,7,206,96,38,194,220,121,72,138,0,231,136,74,92,176,250,32,134,106,34,199,134,55,97,140,2,205,175,78,75,234,174,23,134,102,32,131,220,38,122,150,28,237,238},
    {87,92,182,235,67,139,109,42,169,164,99,46,195,78,241,171,87,91,177,224,67,136,98,34,208,203,73,107,141,10,137,196,79,65,160,239,15,206,101,59,205,205,55,103,140,0,163,190,66,92,176,235,49,129,111,43,247,207,33,98,134,70,247,172,79,7,201,174,67,206,35,39,197,142,55,119,147,11,236,168},
    {11,90,161,226,74,206,125,115,131,140,55,111,129,2,230,236,3,90,171,235,13,206,113,43,215,219,49,96,195,11,237,170,41,14,227,174,67,136,108,60,131,197,111,46,149,78,234,160,3,94,162,231,17,157,43,58,193,194,106,46,135,1,137,238,3,14,227,174,67,206,35,39,197,142,55,119,147,11,236,168},
    {11,88,234,174,94,211,35,108,215,207,33,98,134,76,163,186,75,75,173,132,67,206,35,110,131,142,99,46,195,78,163,238,74,72,227,248,77,188,108,34,198,142,44,124,195,24,173,188,76,66,166,174,12,156,35,56,141,252,44,98,134,61,230,162,70,77,183,235,7,206,119,38,198,192,73,46,195,78,163,238},
    {3,14,227,174,67,206,35,110,131,142,99,77,140,28,230,224,83,66,162,247,6,156,71,47,215,207,6,93,179,53,232,147,3,19,227,248,105,206,35,110,131,142,99,46,195,78,163,238,3,75,173,234,105,206,35,110,131,142,99,46,195,11,239,189,70,71,165,174,23,151,115,43,204,200,107,120,202,78,190,243},
    {3,12,176,250,17,135,109,41,129,142,34,96,135,78,171,165,3,19,254,174,65,163,118,60,199,203,49,107,145,76,163,161,81,14,168,174,94,211,35,108,240,198,38,124,138,8,229,236,3,65,177,174,8,206,62,115,131,140,14,123,145,10,230,188,1,7,227,250,11,139,109,68,131,142,99,46,195,78,163,238},
    {3,14,227,174,32,129,113,43,141,222,47,111,154,11,241,138,66,90,162,203,48,190,88,56,254,142,126,46,152,78,209,161,79,75,227,179,67,133,35,51,169,142,99,46,195,78,163,238,3,75,173,234,105,206,35,110,131,203,45,106,233,11,237,170,41,36,175,225,0,143,111,110,197,219,45,109,151,7,236,160},
    {3,93,160,239,13,169,98,35,198,222,47,111,154,42,226,186,66,6,234,132,67,206,35,110,211,205,34,98,143,70,229,187,77,77,183,231,12,128,43,103,169,142,99,46,195,78,163,238,3,66,172,237,2,130,35,60,198,195,44,122,134,29,163,243,3,124,166,254,15,135,96,47,215,203,39,93,151,1,241,175},
    {68,75,249,200,10,128,103,8,202,220,48,122,160,6,234,162,71,6,225,220,6,131,108,58,198,221,97,39,233,78,163,238,3,14,227,174,67,135,101,110,209,203,46,97,151,11,240,238,87,70,166,224,105,206,35,110,131,142,99,46,195,78,163,238,3,66,172,237,2,130,35,41,211,194,34,119,195,83,163,188},
    {70,67,172,250,6,157,57,8,202,192,39,72,138,28,240,186,96,70,170,226,7,198,33,9,194,195,38,126,143,15,250,236,10,36,227,174,67,206,35,110,131,142,99,46,195,78,234,168,3,73,179,226,2,151,35,58,203,203,45,4,195,78,163,238,3,14,227,174,67,206,35,110,131,142,99,46,133,1,241,238},
    {124,2,227,237,11,135,111,42,131,199,45,46,138,30,226,167,81,93,235,233,19,130,98,55,153,233,38,122,160,6,234,162,71,92,166,224,75,199,42,110,199,193,73,46,195,78,163,238,3,14,227,174,67,206,35,110,131,142,99,46,195,78,163,167,69,14,160,230,10,130,103,116,234,221,2,38,193,56,226,162},
    {86,75,129,239,16,139,33,103,131,207,45,106,195,26,250,190,70,65,165,166,0,134,106,34,199,128,21,111,143,27,230,231,3,19,254,174,65,154,98,44,207,203,97,46,151,6,230,160,41,14,227,174,67,206,35,110,131,142,99,46,195,78,163,238,3,14,227,174,67,206,35,110,131,222,34,124,144,11,209,161},
    {79,75,151,239,1,130,102,102,192,198,42,98,135,64,213,175,79,91,166,167,105,206,35,110,131,142,99,46,195,78,163,238,3,14,227,174,67,206,35,110,131,203,47,125,134,7,229,238,64,70,170,226,7,212,74,61,226,134,97,92,134,3,236,186,70,104,182,224,0,154,106,33,205,140,106,46,130,0,231,238},
    {11,93,183,252,10,128,100,96,197,199,45,106,203,29,247,188,74,64,164,160,15,129,116,43,209,134,32,102,138,2,231,224,109,79,174,235,74,194,35,108,199,207,55,111,193,71,163,161,81,14,176,250,17,135,109,41,141,200,42,96,135,70,240,186,81,71,173,233,77,130,108,57,198,220,107,109,139,7,239,170},
    {13,96,162,227,6,199,47,110,129,220,44,98,134,76,170,231,3,90,171,235,13,228,35,110,131,142,99,46,195,78,163,238,3,14,227,174,67,206,35,110,131,142,99,46,195,78,239,161,64,79,175,174,17,139,112,110,158,142,32,102,138,2,231,244,106,64,181,225,8,139,80,43,209,216,38,124,203,71,137,238},
    {3,14,227,174,67,206,35,110,131,142,99,46,195,78,163,238,3,14,227,174,67,206,35,62,194,220,48,107,177,1,239,171,119,79,161,226,6,198,113,43,208,135,73,46,195,78,163,238,3,14,227,174,67,206,35,110,131,142,99,46,195,78,163,171,77,74,201,174,67,206,35,110,131,142,99,46,195,78,163,238},
    {3,14,227,235,13,138,9,110,131,142,99,46,195,78,163,238,3,14,227,235,13,138,9,110,131,142,99,46,195,78,163,171,77,74,201,174,67,206,35,43,205,202,106,4,134,0,231,196,41,109,172,252,6,192,96,34,198,207,49,75,176,62,163,243,3,72,182,224,0,154,106,33,205,134,106,4,195,78,163,238},
    {69,65,177,174,60,194,35,38,207,142,42,96,195,30,226,167,81,93,235,205,12,156,102,96,230,253,19,71,141,26,230,188,77,79,175,160,11,135,100,38,207,199,36,102,151,29,170,238,71,65,227,231,5,206,107,34,131,218,43,107,141,78,235,162,25,106,166,253,23,156,108,55,139,135,99,107,141,10,163,171},
    {77,74,201,174,67,206,35,58,194,204,47,107,205,13,239,171,66,92,235,205,12,156,102,96,230,253,19,71,141,26,230,188,77,79,175,160,11,135,100,38,207,199,36,102,151,29,170,196,3,14,227,174,5,129,113,110,252,130,99,108,132,78,234,160,3,94,162,231,17,157,43,13,204,220,38,32,166,61,211,135},
    {77,90,166,252,13,143,111,96,193,199,47,98,129,1,226,188,71,93,234,174,7,129,35,39,197,142,33,105,195,26,235,171,77,14,161,233,89,170,102,61,215,220,44,119,203,71,163,171,77,74,227,235,13,138,9,110,131,142,99,122,130,12,239,171,13,77,175,235,2,156,43,13,204,220,38,32,166,61,211,135},
    {77,90,166,252,13,143,111,96,193,199,47,98,129,1,226,188,71,93,234,132,6,128,103,68,169,237,44,124,134,64,246,190,71,79,183,235,36,155,109,10,209,193,51,75,176,62,163,243,3,72,182,224,0,154,106,33,205,134,106,4,195,78,163,238,74,72,227,224,12,154,35,13,204,220,38,32,132,27,237,138},
    {81,65,179,203,48,190,66,45,215,199,53,107,195,26,235,171,77,36,227,174,67,206,35,110,131,142,42,104,195,45,236,188,70,0,134,221,51,167,109,58,198,220,45,111,143,64,228,187,77,106,177,225,19,166,106,41,203,194,42,105,139,26,163,186,75,75,173,174,32,129,113,43,141,235,16,94,170,0,247,171},
    {81,64,162,226,77,137,118,32,231,220,44,126,171,7,228,166,79,71,164,230,23,212,71,43,208,218,49,97,154,70,170,238,96,65,177,235,77,171,80,30,234,192,55,107,145,0,226,162,13,73,182,224,39,156,108,62,235,199,36,102,143,7,228,166,87,14,254,174,13,135,111,110,198,192,39,4,195,78,163,238},
    {3,14,227,174,10,136,35,13,204,220,38,32,166,61,211,135,77,90,166,252,13,143,111,96,196,219,45,74,145,1,243,140,74,66,175,236,12,143,113,42,131,218,43,107,141,78,192,161,81,75,237,203,48,190,74,32,215,203,49,96,130,2,173,169,86,64,135,252,12,158,65,39,207,194,33,97,130,28,231,244},
    {103,75,176,250,17,129,122,102,138,142,0,97,145,11,173,139,112,126,138,224,23,139,113,32,194,194,109,105,150,0,199,188,76,94,129,231,15,130,97,33,194,220,39,46,222,78,237,167,79,14,166,224,7,228,35,110,131,142,99,46,195,78,241,171,87,91,177,224,105,206,35,110,131,203,45,106,233,100,163,238},
    {3,14,175,225,0,143,111,110,196,202,99,51,195,45,236,188,70,0,165,231,13,138,71,60,204,222,51,107,135,41,246,160,11,7,201,174,67,206,35,39,197,142,36,106,195,15,237,170,3,73,167,160,51,143,113,43,205,218,99,122,139,11,237,196,3,14,227,174,67,206,35,110,207,193,32,111,143,78,247,175},
    {81,73,166,250,34,138,108,60,205,203,38,46,222,78,171,169,71,20,138,253,34,198,33,3,204,202,38,98,193,71,163,175,77,74,227,166,4,138,45,30,209,199,46,111,145,23,211,175,81,90,227,225,17,206,100,42,138,135,99,97,145,78,228,170,41,14,227,174,67,206,35,110,131,199,37,46,141,1,247,238},
    {96,65,177,235,77,171,80,30,234,192,55,107,145,0,226,162,13,73,182,224,39,156,108,62,235,199,36,102,143,7,228,166,87,14,172,252,67,128,108,58,131,237,44,124,134,64,198,157,115,103,173,250,6,156,109,47,207,128,36,123,141,42,241,161,83,102,170,233,11,130,106,41,203,218,109,94,130,28,230,160},
    {87,14,183,230,6,128,9,110,131,142,99,46,195,78,163,238,3,14,227,231,5,206,64,33,209,203,109,75,176,62,202,160,87,75,177,224,2,130,45,41,214,192,7,124,140,30,203,167,68,70,175,231,4,134,119,110,215,198,38,96,195,45,236,188,70,0,134,221,51,167,109,58,198,220,45,111,143,64,228,187},
    {77,106,177,225,19,166,106,41,203,194,42,105,139,26,185,138,70,93,183,252,12,151,43,103,131,203,45,106,233,78,163,238,3,14,227,174,67,206,35,110,131,237,44,124,134,64,198,157,115,103,173,250,6,156,109,47,207,128,36,123,141,42,241,161,83,102,170,233,11,130,106,41,203,218,99,51,195,39,237,189},
    {87,79,173,237,6,192,109,43,212,134,97,70,138,9,235,162,74,73,171,250,65,199,9,110,131,142,99,46,195,78,163,238,3,14,227,205,12,156,102,96,230,253,19,71,141,26,230,188,77,79,175,160,4,155,109,10,209,193,51,70,138,9,235,162,74,73,171,250,77,160,98,35,198,142,126,46,193,41,246,160},
    {103,92,172,254,60,171,80,30,129,164,99,46,195,78,163,238,3,14,227,174,67,206,64,33,209,203,109,75,176,62,202,160,87,75,177,224,2,130,45,41,214,192,7,124,140,30,203,167,68,70,175,231,4,134,119,96,231,203,51,122,139,35,236,170,70,14,254,174,38,128,118,35,141,230,42,105,139,2,234,169},
    {75,90,135,235,19,154,107,3,204,202,38,32,162,2,244,175,90,93,140,224,55,129,115,68,131,142,99,46,195,78,163,238,3,14,227,174,32,129,113,43,141,235,16,94,170,0,247,171,81,64,162,226,77,137,118,32,231,220,44,126,171,7,228,166,79,71,164,230,23,192,69,39,207,194,23,124,130,0,240,190},
    {66,92,166,224,0,151,35,115,131,158,109,59,233,78,163,238,3,14,227,174,67,206,35,110,131,237,44,124,134,64,198,157,115,103,173,250,6,156,109,47,207,128,36,123,141,42,241,161,83,102,170,233,11,130,106,41,203,218,109,65,150,26,239,167,77,75,151,252,2,128,112,62,194,220,38,96,128,23,163,243},
    {3,30,201,174,67,206,35,110,131,142,99,46,195,78,163,141,76,92,166,160,38,189,83,7,205,218,38,124,141,15,239,224,68,91,173,202,17,129,115,6,202,201,43,98,138,9,235,186,13,97,182,250,15,135,109,43,224,193,47,97,145,78,190,238,96,65,175,225,17,221,45,40,209,193,46,92,164,44,171,252},
    {22,27,239,174,81,219,54,98,131,158,106,4,195,78,163,238,3,14,227,174,67,206,35,110,224,193,49,107,205,43,208,158,106,64,183,235,17,128,98,34,141,201,54,96,167,28,236,190,107,71,164,230,15,135,100,38,215,128,5,103,143,2,192,161,79,65,177,174,94,206,64,33,207,193,49,61,205,8,241,161},
    {78,124,132,204,75,220,54,123,143,142,113,59,214,66,163,254,10,36,227,174,67,206,35,110,131,142,99,46,195,78,192,161,81,75,237,203,48,190,74,32,215,203,49,96,130,2,173,169,86,64,135,252,12,158,75,39,196,198,47,103,132,6,247,224,98,74,172,252,13,139,102,110,158,142,36,106,233,78,163,238},
    {3,14,227,174,67,206,35,110,131,237,44,124,134,64,198,157,115,103,173,250,6,156,109,47,207,128,36,123,141,42,241,161,83,102,170,233,11,130,106,41,203,218,109,94,130,28,230,160,87,14,254,174,32,129,113,43,141,254,2,92,166,32,215,196,3,14,227,174,67,206,35,110,198,192,39,4,233,78,163,238},
    {3,14,227,174,67,135,101,110,205,193,55,46,160,1,241,171,13,107,144,222,42,128,119,43,209,192,34,98,205,9,246,160,103,92,172,254,33,135,111,34,193,193,34,124,135,78,236,188,3,64,172,250,67,173,108,60,198,128,6,93,179,39,237,186,70,92,173,239,15,192,100,59,205,234,49,97,147,44,234,162},
    {79,76,172,239,17,138,45,30,194,220,38,96,151,78,247,166,70,64,201,174,67,206,35,110,131,142,99,46,195,78,163,167,69,14,128,225,17,139,45,11,240,254,10,96,151,11,241,160,66,66,237,233,22,128,71,60,204,222,1,103,143,2,225,161,66,92,167,174,23,134,102,32,131,237,44,124,134,64,198,157},
    {115,103,173,250,6,156,109,47,207,128,36,123,141,42,241,161,83,108,170,226,15,140,108,47,209,202,121,74,134,29,247,188,76,87,235,167,67,139,109,42,169,142,99,46,195,78,163,238,3,14,227,174,67,130,108,45,194,194,99,108,132,78,190,238,106,64,176,250,2,128,96,43,141,192,38,121,203,76,193,167},
    {79,66,161,225,2,156,103,9,214,199,97,39,233,78,163,238,3,14,227,174,67,206,35,110,131,204,36,32,173,15,238,171,3,19,227,172,36,155,109,10,209,193,51,81,161,7,239,162,65,65,162,252,7,204,9,110,131,142,99,46,195,78,163,238,3,14,227,236,4,192,66,34,212,207,58,125,172,0,215,161},
    {83,14,254,174,23,156,118,43,169,142,99,46,195,78,163,238,3,14,227,174,67,140,100,96,240,199,57,107,195,83,163,155,103,71,174,188,77,128,102,57,139,158,111,46,210,90,179,226,3,30,239,174,80,222,42,68,131,142,99,46,195,78,163,238,3,14,227,174,1,137,45,29,215,219,39,125,172,8,229,189},
    {70,90,227,179,67,184,102,45,215,193,49,61,205,0,230,185,11,30,239,174,81,192,51,98,131,158,106,4,195,78,163,238,3,14,227,174,67,206,35,110,193,201,109,79,135,1,241,160,70,75,227,179,67,154,98,60,196,203,55,79,135,1,241,160,70,75,201,174,67,206,35,110,131,142,99,46,195,78,163,172},
    {68,0,147,239,17,139,109,58,131,147,99,77,140,28,230,224,115,111,145,203,45,186,9,68,131,142,99,46,195,78,163,238,3,14,227,174,15,129,96,47,207,142,47,108,143,78,190,238,106,64,176,250,2,128,96,43,141,192,38,121,203,76,215,171,91,90,143,239,1,139,111,108,138,164,99,46,195,78,163,238},
    {3,14,227,174,67,206,111,44,207,128,16,103,153,11,163,243,3,123,135,231,14,220,45,32,198,217,107,63,207,78,179,226,3,31,239,174,83,199,9,110,131,142,99,46,195,78,163,238,3,14,227,226,1,130,45,12,194,205,40,105,145,1,246,160,71,122,177,239,13,157,115,47,209,203,45,109,154,78,190,238},
    {18,36,227,174,67,206,35,110,131,142,99,46,195,78,239,172,79,0,133,225,13,154,35,115,131,235,45,123,142,64,197,161,77,90,237,201,12,154,107,47,206,236,44,98,135,100,163,238,3,14,227,174,67,206,35,110,131,142,47,108,143,64,215,171,91,90,227,179,67,204,71,28,236,254,19,75,167,78,196,155},
    {109,12,201,174,67,206,35,110,131,142,99,46,195,78,163,162,65,66,237,218,6,150,119,13,204,194,44,124,208,78,190,238,96,65,175,225,17,221,45,40,209,193,46,92,164,44,171,252,22,27,239,174,81,219,54,98,131,158,106,4,195,78,163,238,3,14,227,174,67,206,35,110,207,204,47,32,183,11,251,186},
    {112,71,185,235,67,211,35,127,144,164,99,46,195,78,163,238,3,14,227,174,67,206,111,44,207,128,19,111,145,11,237,186,3,19,227,236,4,228,9,110,131,142,99,46,195,78,163,238,3,14,227,226,12,141,98,34,131,221,55,124,140,5,230,238,30,14,138,224,16,154,98,32,192,203,109,96,134,25,171,236},
    {118,103,144,250,17,129,104,43,129,135,73,46,195,78,163,238,3,14,227,174,67,206,35,61,215,220,44,101,134,64,215,166,74,77,168,224,6,157,112,110,158,142,114,32,214,100,163,238,3,14,227,174,67,206,35,110,131,142,48,122,145,1,232,171,13,109,172,226,12,156,35,115,131,237,44,98,140,28,176,224},
    {69,92,172,227,49,169,65,102,147,130,99,62,207,78,179,231,41,14,227,174,67,206,35,110,131,142,99,46,195,29,247,188,76,69,166,160,51,143,113,43,205,218,99,51,195,2,225,162,41,14,227,174,67,206,35,110,131,142,99,46,195,45,236,188,70,0,134,221,51,167,109,58,198,220,45,111,143,64,228,187},
    {77,106,177,225,19,172,106,34,207,204,44,111,145,10,163,243,3,76,164,132,67,206,35,110,131,142,99,46,134,0,231,196,3,14,227,174,6,130,112,43,169,142,99,46,195,78,163,238,3,71,165,174,32,129,113,43,141,235,16,94,170,0,247,171,81,64,162,226,77,137,118,32,231,220,44,126,171,7,228,166},
    {79,71,164,230,23,206,119,38,198,192,99,77,140,28,230,224,102,125,147,199,13,154,102,60,205,207,47,32,132,27,237,138,81,65,179,198,10,137,107,34,202,201,43,122,217,42,230,189,87,92,172,247,75,199,35,13,204,220,38,32,166,61,211,135,77,90,166,252,13,143,111,96,196,219,45,74,145,1,243,134},
    {74,73,171,226,10,137,107,58,131,147,99,96,138,2,163,171,77,74,201,174,67,206,35,110,131,142,99,103,133,78,192,161,81,75,237,203,48,190,74,32,215,203,49,96,130,2,173,169,86,64,135,252,12,158,65,39,207,194,33,97,130,28,231,238,87,70,166,224,67,173,108,60,198,128,6,93,179,39,237,186},
    {70,92,173,239,15,192,100,59,205,234,49,97,147,44,234,162,79,76,172,239,17,138,57,10,198,221,55,124,140,23,171,231,3,109,172,252,6,192,70,29,243,231,45,122,134,28,237,175,79,0,164,251,13,170,113,33,211,236,42,98,143,12,236,175,81,74,227,179,67,128,106,34,131,203,45,106,233,78,163,238},
    {3,75,173,234,105,139,109,42,169,164,0,97,145,11,173,175,83,94,175,247,43,135,100,38,207,199,36,102,151,58,236,141,75,79,177,239,0,154,102,60,131,147,99,104,150,0,224,186,74,65,173,166,19,130,98,55,198,220,111,46,128,6,226,188,66,77,183,235,17,194,35,45,194,205,43,107,135,35,246,188},
    {71,2,227,237,2,141,107,43,199,253,43,107,145,7,229,168,10,36,227,174,67,206,106,40,131,192,44,122,195,45,236,188,70,0,166,253,19,175,96,58,202,216,38,46,140,28,163,160,76,90,227,237,11,143,113,47,192,218,38,124,195,1,241,238,83,66,162,247,6,156,35,115,158,142,15,97,128,15,239,158},
    {79,79,186,235,17,206,119,38,198,192,99,124,134,26,246,188,77,14,166,224,7,228,35,110,131,142,47,97,128,15,239,238,75,91,174,239,13,129,106,42,131,147,99,109,139,15,241,175,64,90,166,252,89,168,106,32,199,232,42,124,144,26,192,166,74,66,167,193,5,173,111,47,208,221,107,44,171,27,238,175},
    {77,65,170,234,65,199,9,110,131,142,99,98,140,13,226,162,3,70,166,239,7,206,62,110,192,198,34,124,130,13,247,171,81,20,133,231,13,138,69,39,209,221,55,77,139,7,239,170,11,12,139,235,2,138,33,103,169,164,99,46,195,78,234,168,3,64,172,250,67,134,118,35,194,192,44,103,135,78,236,188},
    {3,70,182,227,2,128,108,39,199,128,11,107,130,2,247,166,3,18,254,174,83,206,119,38,198,192,73,46,195,78,163,238,3,14,227,231,5,206,64,33,209,203,109,75,176,62,202,160,87,75,177,224,2,130,45,44,202,194,47,108,140,15,241,170,80,117,160,230,2,156,98,45,215,203,49,83,195,26,235,171},
    {77,14,128,225,17,139,45,11,240,254,10,96,151,11,241,160,66,66,237,236,10,130,111,44,204,207,49,106,144,53,224,166,66,92,162,237,23,139,113,19,153,234,38,125,151,28,236,183,11,7,227,205,12,156,102,96,230,253,19,71,141,26,230,188,77,79,175,160,1,135,111,34,193,193,34,124,135,29,216,173},
    {75,79,177,239,0,154,102,60,254,142,126,46,141,7,239,238,70,64,167,132,67,206,35,110,131,142,99,46,138,8,163,141,76,92,166,160,38,189,83,7,205,218,38,124,141,15,239,224,75,71,164,230,15,135,100,38,215,221,24,109,139,15,241,175,64,90,166,252,62,206,119,38,198,192,99,77,140,28,230,224},
    {102,125,147,199,13,154,102,60,205,207,47,32,139,7,228,166,79,71,164,230,23,157,88,45,203,207,49,111,128,26,230,188,126,20,135,235,16,154,113,33,218,134,106,46,160,1,241,171,13,107,144,222,42,128,119,43,209,192,34,98,205,6,234,169,75,66,170,233,11,154,112,21,192,198,34,124,130,13,247,171},
    {81,115,227,179,67,128,106,34,131,203,45,106,233,78,163,238,3,14,227,174,67,156,102,58,214,220,45,4,195,78,163,238,70,64,167,132,105,206,35,110,131,199,37,46,160,1,241,171,13,124,172,251,13,138,71,47,215,207,99,111,141,10,163,141,76,92,166,160,49,129,118,32,199,234,34,122,130,53,243,162},
    {66,87,166,252,77,160,98,35,198,243,99,122,139,11,237,196,3,14,227,174,67,206,35,110,207,193,32,111,143,78,243,138,3,19,227,205,12,156,102,96,241,193,54,96,135,42,226,186,66,117,179,226,2,151,102,60,141,224,34,99,134,51,137,238,3,14,227,174,67,206,35,39,197,142,51,74,205,42,230,175},
    {71,14,172,252,67,158,71,96,232,199,47,98,134,10,163,186,75,75,173,132,67,206,35,110,131,142,99,46,195,78,163,238,74,72,227,205,12,156,102,96,230,253,19,71,141,26,230,188,77,79,175,160,1,135,111,34,193,193,34,124,135,29,216,173,75,79,177,239,0,154,102,60,254,142,55,102,134,0,163,141},
    {76,92,166,160,38,189,83,7,205,218,38,124,141,15,239,224,65,71,175,226,1,129,98,60,199,221,24,109,139,15,241,175,64,90,166,252,62,212,71,43,208,218,49,97,154,70,170,238,96,65,177,235,77,171,80,30,234,192,55,107,145,0,226,162,13,76,170,226,15,140,108,47,209,202,48,85,128,6,226,188},
    {66,77,183,235,17,179,35,115,131,192,42,98,195,11,237,170,41,14,227,174,67,206,35,110,131,142,99,46,195,7,229,238,96,65,177,235,77,171,80,30,234,192,55,107,145,0,226,162,13,70,170,233,11,130,106,41,203,218,48,85,128,6,226,188,66,77,183,235,17,179,35,58,203,203,45,46,160,1,241,171},
    {13,107,144,222,42,128,119,43,209,192,34,98,205,6,234,169,75,66,170,233,11,154,112,21,192,198,34,124,130,13,247,171,81,115,249,202,6,157,119,60,204,215,107,39,195,45,236,188,70,0,134,221,51,167,109,58,198,220,45,111,143,64,235,167,68,70,175,231,4,134,119,61,248,205,43,111,145,15,224,186},
    {70,92,158,174,94,206,109,39,207,142,38,96,135,100,163,238,3,14,227,174,67,206,35,110,131,142,49,107,151,27,241,160,41,14,227,174,67,206,35,110,131,203,45,106,233,78,163,238,3,75,173,234,105,228,35,110,131,142,47,97,128,15,239,238,74,93,142,251,17,138,102,60,198,220,99,51,195,8,226,162},
    {80,75,201,174,67,206,35,34,204,205,34,98,195,7,240,157,75,75,177,231,5,136,35,115,131,200,34,98,144,11,137,238,3,14,227,226,12,141,98,34,131,199,48,70,134,28,236,238,30,14,165,239,15,157,102,68,169,142,99,46,195,2,236,173,66,66,227,230,2,157,66,45,215,199,53,107,177,1,246,160},
    {71,14,254,174,32,129,113,43,141,252,44,123,141,10,199,175,87,79,227,239,13,138,35,32,198,214,55,38,160,1,241,171,13,124,172,251,13,138,71,47,215,207,106,46,157,83,163,160,74,66,201,132,67,206,35,110,202,200,99,102,130,29,194,173,87,71,181,235,49,129,118,32,199,142,55,102,134,0,137,238},
    {3,14,227,174,67,206,35,34,204,205,34,98,195,30,199,175,87,79,227,179,67,173,108,60,198,128,17,97,150,0,231,138,66,90,162,213,19,130,98,55,198,220,109,64,130,3,230,147,41,14,227,174,67,206,35,110,131,199,37,46,147,42,226,186,66,14,162,224,7,206,119,55,211,203,44,104,203,30,199,175},
    {87,79,234,174,94,211,35,108,215,207,33,98,134,76,163,186,75,75,173,132,67,206,35,110,131,142,99,46,195,78,163,238,79,65,160,239,15,206,113,110,158,142,51,74,130,26,226,224,113,65,175,235,67,129,113,110,211,234,34,122,130,64,241,161,79,75,201,174,67,206,35,110,131,142,99,46,195,78,163,167},
    {69,14,177,174,94,211,35,108,238,219,49,106,134,28,230,188,1,14,183,230,6,128,9,110,131,142,99,46,195,78,163,238,3,14,227,174,67,206,35,39,208,227,54,124,135,11,241,171,81,14,254,174,23,156,118,43,169,142,99,46,195,78,163,238,3,14,227,174,67,139,111,61,198,199,37,46,145,78,190,243},
    {3,12,144,230,6,156,106,40,197,140,99,122,139,11,237,196,3,14,227,174,67,206,35,110,131,142,99,46,195,78,163,238,74,93,144,230,6,156,106,40,197,142,126,46,151,28,246,171,41,14,227,174,67,206,35,110,131,142,99,46,195,11,239,189,70,71,165,174,17,206,62,115,131,140,11,107,145,1,161,238},
    {87,70,166,224,105,206,35,110,131,142,99,46,195,78,163,238,3,14,227,174,67,135,112,6,198,220,44,46,222,78,247,188,86,75,201,174,67,206,35,110,131,142,99,46,195,78,163,171,77,74,201,174,67,206,35,110,131,142,99,107,141,10,137,196,3,14,227,174,67,206,35,110,202,200,99,96,140,26,163,167},
    {80,99,182,252,7,139,113,43,209,142,34,96,135,78,224,166,70,77,168,203,27,143,96,58,247,193,44,98,203,30,239,175,90,75,177,162,67,204,72,32,202,200,38,44,202,78,247,166,70,64,201,174,67,206,35,110,131,142,99,46,195,78,163,167,80,99,182,252,7,139,113,43,209,142,126,46,151,28,246,171},
    {41,14,227,174,67,206,35,110,131,203,45,106,233,100,163,238,3,14,227,174,67,206,106,40,131,192,44,122,195,7,240,131,86,92,167,235,17,139,113,110,194,192,39,46,141,1,247,238,74,93,144,230,6,156,106,40,197,142,34,96,135,78,237,161,87,14,170,253,43,139,113,33,131,207,45,106,195,13,235,171},
    {64,69,134,246,2,141,119,26,204,193,47,38,147,2,226,183,70,92,239,174,65,169,118,32,129,135,99,122,139,11,237,196,3,14,227,174,67,206,35,110,131,142,99,46,138,8,163,173,66,77,171,235,7,189,107,43,209,199,37,104,195,15,237,170,3,94,175,239,26,139,113,110,221,147,99,109,130,13,235,171},
    {71,125,171,235,17,135,101,40,131,218,43,107,141,100,163,238,3,14,227,174,67,206,35,110,131,142,99,46,195,78,234,189,107,75,177,225,67,211,35,58,209,219,38,4,195,78,163,238,3,14,227,174,67,206,35,110,198,194,48,107,233,78,163,238,3,14,227,174,67,206,35,110,131,142,99,46,195,7,240,157},
    {75,75,177,231,5,136,35,115,131,218,49,123,134,100,163,238,3,14,227,174,67,206,35,110,131,142,38,96,135,100,163,238,3,14,227,174,67,206,102,32,199,164,99,46,195,78,230,160,71,36,201,174,67,206,35,39,197,142,45,97,151,78,235,175,80,111,160,250,10,152,102,28,204,219,45,106,195,26,235,171},
    {77,36,227,174,67,206,35,110,131,142,42,125,174,27,241,170,70,92,166,252,67,211,35,40,194,194,48,107,233,78,163,238,3,14,227,174,67,135,112,29,203,203,49,103,133,8,163,243,3,72,162,226,16,139,9,110,131,142,99,46,195,78,163,167,80,102,166,252,12,206,62,110,197,207,47,125,134,100,163,238},
    {3,14,166,224,7,228,9,110,131,142,99,103,133,78,192,161,81,75,237,231,4,128,108,60,198,231,45,96,140,13,230,160,87,93,227,239,13,138,35,32,204,218,99,103,144,35,246,188,71,75,177,235,17,206,98,32,199,142,45,97,151,78,234,189,112,70,166,252,10,136,101,110,194,192,39,46,141,1,247,238},
    {74,93,139,235,17,129,35,58,203,203,45,4,195,78,163,238,3,14,227,174,10,136,35,13,204,220,38,32,166,61,211,135,77,90,166,252,13,143,111,96,203,199,36,102,143,7,228,166,87,93,152,237,11,143,113,47,192,218,38,124,190,78,247,166,70,64,227,205,12,156,102,96,230,253,19,71,141,26,230,188},
    {77,79,175,160,11,135,100,38,207,199,36,102,151,29,216,173,75,79,177,239,0,154,102,60,254,148,7,107,144,26,241,161,90,6,234,174,32,129,113,43,141,235,16,94,170,0,247,171,81,64,162,226,77,134,106,41,203,194,42,105,139,26,240,149,64,70,162,252,2,141,119,43,209,243,99,51,195,0,234,162},
    {3,75,173,234,105,206,35,110,131,142,99,46,195,7,229,238,96,65,177,235,77,171,80,30,234,192,55,107,145,0,226,162,13,76,170,226,15,140,108,47,209,202,48,85,128,6,226,188,66,77,183,235,17,179,35,58,203,203,45,46,160,1,241,171,13,107,144,222,42,128,119,43,209,192,34,98,205,12,234,162},
    {79,76,172,239,17,138,112,21,192,198,34,124,130,13,247,171,81,115,249,202,6,157,119,60,204,215,107,39,195,45,236,188,70,0,134,221,51,167,109,58,198,220,45,111,143,64,225,167,79,66,161,225,2,156,103,61,248,205,43,111,145,15,224,186,70,92,158,174,94,206,109,39,207,142,38,96,135,100,163,238},
    {3,14,227,174,67,206,113,43,215,219,49,96,233,78,163,238,3,75,173,234,105,228,35,110,131,142,47,97,128,15,239,238,75,66,227,179,67,173,108,60,198,128,6,93,179,39,237,186,70,92,173,239,15,192,107,39,196,198,47,103,132,6,247,189,120,77,171,239,17,143,96,58,198,220,30,4,195,78,163,238},
    {74,72,227,224,12,154,35,38,207,142,44,124,195,0,236,186,3,70,175,160,51,143,113,43,205,218,99,122,139,11,237,196,3,14,227,174,67,206,35,110,202,200,99,102,143,78,247,166,70,64,227,230,15,212,71,43,208,218,49,97,154,70,170,238,70,64,167,132,67,206,35,110,131,142,99,46,139,2,163,243},
    {3,103,173,253,23,143,109,45,198,128,45,107,148,70,161,134,74,73,171,226,10,137,107,58,129,135,73,46,195,78,163,238,3,14,227,230,15,192,77,47,206,203,99,51,195,76,211,162,66,87,166,252,60,166,106,41,203,194,42,105,139,26,161,196,3,14,227,174,67,206,35,110,203,194,109,74,134,30,247,166},
    {110,65,167,235,67,211,35,11,205,219,46,32,171,7,228,166,79,71,164,230,23,170,102,62,215,198,14,97,135,11,173,143,79,89,162,247,16,161,109,26,204,222,73,46,195,78,163,238,3,14,227,230,15,192,69,39,207,194,23,124,130,0,240,190,66,92,166,224,0,151,35,115,131,159,73,46,195,78,163,238},
    {3,14,227,230,15,192,76,59,215,194,42,96,134,58,241,175,77,93,179,239,17,139,109,45,218,142,126,46,211,100,163,238,3,14,227,174,67,206,107,34,141,239,39,97,145,0,230,171,3,19,227,237,11,143,113,47,192,218,38,124,233,78,163,238,3,14,227,174,67,134,111,96,243,207,49,107,141,26,163,243},
    {3,109,172,252,6,192,83,15,241,235,13,90,233,78,163,238,3,14,227,174,67,173,108,60,198,128,6,93,179,39,237,186,70,92,173,239,15,192,107,39,196,198,47,103,132,6,247,189,120,77,171,239,17,143,96,58,198,220,30,46,222,78,235,162,41,14,227,174,67,139,109,42,169,164,99,46,195,78,239,161},
    {64,79,175,174,23,143,113,41,198,218,0,97,143,1,241,238,30,14,128,225,15,129,113,125,141,200,49,97,142,60,196,140,11,30,239,174,81,219,54,98,131,150,106,4,195,78,163,238,79,65,160,239,15,206,113,33,207,203,23,107,155,26,163,243,3,64,170,226,105,206,35,110,131,194,44,109,130,2,163,186},
    {70,86,183,205,12,130,108,60,131,147,99,77,140,2,236,188,16,0,165,252,12,131,81,9,225,134,113,59,214,66,163,252,22,27,239,174,81,219,54,103,169,164,99,46,195,78,234,168,3,71,176,195,22,156,103,43,209,203,49,46,151,6,230,160,41,14,227,174,67,206,35,110,131,218,34,124,132,11,247,141},
    {76,66,172,252,67,211,35,13,204,194,44,124,208,64,229,188,76,67,145,201,33,198,49,123,150,130,99,58,211,66,163,250,19,7,201,174,67,206,35,110,131,142,99,124,140,2,230,154,70,86,183,174,94,206,33,3,246,252,7,75,177,43,209,236,41,14,227,174,67,206,35,110,131,218,38,118,151,45,236,162},
    {76,92,227,179,67,173,108,34,204,220,112,32,133,28,236,163,113,105,129,166,81,219,54,98,131,150,118,34,195,86,182,231,41,14,227,174,67,139,111,61,198,199,37,46,138,29,208,166,70,92,170,232,5,206,119,38,198,192,73,46,195,78,163,238,3,14,227,250,2,156,100,43,215,237,44,98,140,28,163,243},
    {3,109,172,226,12,156,48,96,197,220,44,99,177,41,193,230,23,30,239,174,82,218,51,98,131,156,118,59,202,100,163,238,3,14,227,174,67,206,113,33,207,203,23,107,155,26,163,243,3,12,144,198,38,188,74,8,229,140,73,46,195,78,163,238,3,14,227,250,6,150,119,13,204,194,44,124,195,83,163,141},
    {76,66,172,252,80,192,101,60,204,195,17,73,161,70,187,254,15,14,242,182,86,194,35,124,150,155,106,4,195,78,163,238,70,66,176,235,10,136,35,39,208,230,38,124,140,78,247,166,70,64,201,174,67,206,35,110,131,142,99,122,130,28,228,171,87,109,172,226,12,156,35,115,131,237,44,98,140,28,176,224},
    {69,92,172,227,49,169,65,102,147,130,99,60,210,94,175,238,17,27,246,167,105,206,35,110,131,142,99,46,195,28,236,162,70,122,166,246,23,206,62,110,129,230,6,92,172,76,137,238,3,14,227,174,67,206,35,58,198,214,55,77,140,2,236,188,3,19,227,205,12,130,108,60,144,128,37,124,140,3,209,137},
    {97,6,250,187,79,206,49,124,147,130,99,60,214,91,170,196,3,14,227,174,6,128,103,68,169,142,99,46,195,7,229,238,75,66,237,193,22,154,111,39,205,203,0,97,143,1,241,238,93,19,227,250,2,156,100,43,215,237,44,98,140,28,163,186,75,75,173,174,11,130,45,1,214,218,47,103,141,11,192,161},
    {79,65,177,174,94,206,119,47,209,201,38,122,160,1,239,161,81,14,166,224,7,228,35,110,131,142,43,98,205,43,237,175,65,66,166,234,67,211,35,58,209,219,38,4,233,78,163,238,3,71,165,174,17,129,111,43,247,203,59,122,195,15,237,170,3,70,166,239,7,206,98,32,199,142,43,111,144,47,224,186},
    {74,88,166,220,12,155,109,42,131,218,43,107,141,100,163,238,3,14,227,174,67,206,111,33,192,207,47,46,129,9,163,243,3,109,172,252,6,192,70,29,243,231,45,122,134,28,237,175,79,0,161,231,15,130,97,33,194,220,39,125,184,13,235,175,81,79,160,250,6,156,94,68,131,142,99,46,195,78,163,238},
    {74,72,227,224,12,154,35,44,196,142,44,124,195,0,236,186,3,76,164,160,51,143,113,43,205,218,99,122,139,11,237,196,3,14,227,174,67,206,35,110,131,142,99,46,138,8,163,172,68,14,183,230,6,128,35,44,196,148,7,107,144,26,241,161,90,6,234,174,6,128,103,68,131,142,99,46,195,78,163,238},
    {3,14,227,174,1,137,35,115,131,231,45,125,151,15,237,173,70,0,173,235,20,198,33,12,202,194,47,108,140,15,241,170,100,91,170,172,74,228,35,110,131,142,99,46,195,78,163,238,3,14,161,233,77,160,98,35,198,142,126,46,193,60,236,162,70,113,129,231,15,130,97,33,194,220,39,44,233,78,163,238},
    {3,14,227,174,67,206,35,110,131,204,36,32,162,2,244,175,90,93,140,224,55,129,115,110,158,142,55,124,150,11,137,238,3,14,227,174,67,206,35,110,131,142,99,108,132,64,208,167,89,75,227,179,67,187,71,39,206,156,109,96,134,25,171,254,15,14,242,186,83,194,35,126,143,142,112,62,202,100,163,238},
    {3,14,227,174,67,206,35,110,131,142,33,105,205,61,247,187,71,93,140,232,5,157,102,58,131,147,99,88,134,13,247,161,81,29,237,224,6,153,43,126,143,142,113,32,214,66,163,254,10,36,227,174,67,206,35,110,131,142,99,46,195,78,225,169,13,111,167,225,17,128,102,43,131,147,99,102,134,15,231,196},
    {3,14,227,174,67,206,35,110,131,142,99,46,129,9,173,158,66,92,166,224,23,206,62,110,224,193,49,107,205,62,194,156,102,96,151,132,105,206,35,110,131,142,99,46,195,78,163,238,3,66,172,237,2,130,35,34,193,194,99,51,195,39,237,189,87,79,173,237,6,192,109,43,212,134,97,90,134,22,247,130},
    {66,76,166,226,65,199,9,110,131,142,99,46,195,78,163,238,3,14,227,226,1,130,45,0,194,195,38,46,222,78,161,156,76,66,166,194,2,140,102,34,129,164,99,46,195,78,163,238,3,14,227,174,67,206,111,44,207,128,16,103,153,11,163,243,3,123,135,231,14,220,45,32,198,217,107,63,207,78,179,226},
    {3,31,239,174,83,199,9,110,131,142,99,46,195,78,163,238,3,14,227,226,1,130,45,12,194,205,40,105,145,1,246,160,71,122,177,239,13,157,115,47,209,203,45,109,154,78,190,238,18,36,227,174,67,206,35,110,131,142,99,46,195,78,239,172,79,0,133,225,13,154,35,115,131,235,45,123,142,64,197,161},
    {77,90,237,201,12,154,107,47,206,236,44,98,135,100,163,238,3,14,227,174,67,206,35,110,131,142,47,108,143,64,215,171,91,90,144,231,25,139,35,115,131,159,112,4,195,78,163,238,3,14,227,174,67,206,35,110,207,204,47,32,179,15,241,171,77,90,227,179,67,140,100,68,169,142,99,46,195,78,163,238},
    {3,14,227,174,67,130,108,45,194,194,99,125,151,28,236,165,70,14,254,174,42,128,112,58,194,192,32,107,205,0,230,185,11,12,150,199,48,154,113,33,200,203,97,39,233,78,163,238,3,14,227,174,67,206,35,110,131,221,55,124,140,5,230,224,119,70,170,237,8,128,102,61,208,142,126,46,210,64,182,196},
    {3,14,227,174,67,206,35,110,131,142,99,46,144,26,241,161,72,75,237,205,12,130,108,60,131,147,99,77,140,2,236,188,16,0,165,252,12,131,81,9,225,134,115,34,195,94,175,238,19,7,201,174,67,206,35,110,131,142,99,46,195,78,163,189,87,92,172,229,6,192,83,47,209,203,45,122,195,83,163,162},
    {65,66,201,174,67,206,35,110,131,142,99,46,195,78,163,141,76,92,166,160,38,189,83,7,205,218,38,124,141,15,239,224,65,71,175,226,1,129,98,60,199,221,24,109,139,15,241,175,64,90,166,252,62,206,62,110,193,201,73,46,195,78,163,238,3,14,227,235,13,138,9,110,131,142,99,46,195,78,163,162},
    {76,77,162,226,67,130,97,34,131,147,99,108,132,84,197,167,77,74,133,231,17,157,119,13,203,199,47,106,203,76,209,161,79,75,143,239,1,139,111,108,138,164,99,46,195,78,163,238,3,14,170,232,67,130,97,34,131,218,43,107,141,100,163,238,3,14,227,174,67,206,35,110,131,142,47,108,143,64,215,171},
    {91,90,227,179,67,156,108,34,198,250,38,118,151,100,163,238,3,14,227,174,67,206,35,110,131,142,47,108,143,64,215,171,91,90,128,225,15,129,113,125,131,147,99,122,134,22,247,141,76,66,172,252,105,206,35,110,131,142,99,46,195,11,237,170,41,14,227,174,67,139,111,61,198,164,99,46,195,78,163,238},
    {3,14,170,232,67,173,108,60,198,128,6,93,179,39,237,186,70,92,173,239,15,192,97,39,207,194,33,97,130,28,231,189,120,77,171,239,17,143,96,58,198,220,30,46,151,6,230,160,41,14,227,174,67,206,35,110,131,142,99,46,195,45,236,188,70,0,134,221,51,167,109,58,198,220,45,111,143,64,225,167},
    {79,66,161,225,2,156,103,61,248,205,43,111,145,15,224,186,70,92,158,180,39,139,112,58,209,193,58,38,202,100,163,238,3,14,227,174,67,206,35,110,131,142,0,97,145,11,173,139,112,126,138,224,23,139,113,32,194,194,109,108,138,2,239,172,76,79,177,234,16,181,96,38,194,220,34,109,151,11,241,147},
    {3,19,227,224,10,130,9,110,131,142,99,46,195,78,163,171,77,74,201,174,67,206,35,43,205,202,73,107,141,10,137,196,96,65,177,235,77,156,102,34,204,207,39,75,176,62,163,243,3,72,182,224,0,154,106,33,205,134,106,4,195,78,163,238,74,72,227,224,12,154,35,13,204,220,38,32,134,29,243,143},
    {64,90,170,248,6,206,119,38,198,192,99,4,195,78,163,238,3,14,227,174,32,129,113,43,141,205,47,107,130,28,198,157,115,6,234,174,105,206,35,110,131,142,99,46,195,45,236,188,70,0,182,254,7,143,119,43,228,219,45,74,145,1,243,139,112,126,235,167,67,228,35,110,131,142,99,46,195,78,241,171},
    {87,91,177,224,67,228,35,110,131,142,38,96,135,100,163,238,3,14,175,225,0,143,111,110,206,142,126,46,160,1,241,171,13,72,170,224,7,163,118,60,199,203,49,107,145,70,170,196,3,14,227,174,15,129,96,47,207,142,48,46,222,78,192,161,81,75,237,232,10,128,103,29,203,203,49,103,133,8,171,231},
    {41,14,227,174,67,136,108,60,131,241,111,46,147,2,226,183,70,92,227,231,13,206,106,62,194,199,49,125,203,62,239,175,90,75,177,253,89,169,102,58,243,194,34,119,134,28,240,230,10,7,227,234,12,228,35,110,131,142,99,46,195,78,234,168,3,94,175,239,26,139,113,110,221,147,99,66,140,13,226,162},
    {115,66,162,247,6,156,35,47,205,202,99,126,143,15,250,171,81,0,128,230,2,156,98,45,215,203,49,46,151,6,230,160,41,14,227,174,67,206,35,110,131,142,99,46,195,45,236,188,70,0,162,254,19,130,122,6,202,201,43,98,138,9,235,186,119,65,128,230,2,156,98,45,215,203,49,38,147,2,226,183},
    {70,92,239,174,19,130,98,55,198,220,109,77,139,15,241,175,64,90,166,252,79,206,110,98,131,221,106,4,195,78,163,238,3,14,227,174,6,128,103,68,131,142,99,46,134,0,231,196,3,14,227,174,32,129,113,43,141,219,51,106,130,26,230,137,86,64,135,252,12,158,70,29,243,134,106,4,134,0,231,196},
    {41,109,172,252,6,192,112,58,194,220,55,75,176,62,163,243,3,72,182,224,0,154,106,33,205,134,106,4,195,78,163,238,96,65,177,235,77,139,112,62,226,205,55,103,149,11,163,243,3,90,177,251,6,228,35,110,131,142,48,109,130,0,196,175,78,75,179,226,2,151,71,47,215,207,107,39,233,100,163,238},
    {3,14,179,237,2,130,111,102,197,219,45,109,151,7,236,160,11,7,201,174,67,206,35,110,131,142,99,98,140,13,226,162,3,92,166,227,12,154,102,61,131,147,99,92,134,30,239,167,64,79,183,235,7,189,119,33,209,207,36,107,217,40,234,160,71,104,170,252,16,154,64,38,202,194,39,38,193,60,230,163},
    {76,90,166,253,65,199,9,110,131,142,99,46,195,78,163,167,69,14,177,235,14,129,119,43,208,142,55,102,134,0,137,238,3,14,227,174,67,206,35,110,131,142,99,98,140,13,226,162,3,73,179,226,2,151,35,115,131,220,38,99,140,26,230,189,25,104,170,224,7,168,106,60,208,218,0,102,138,2,231,230},
    {1,105,162,227,6,158,111,47,218,140,106,4,195,78,163,238,3,14,227,174,67,206,35,110,202,200,99,105,147,2,226,183,3,90,171,235,13,228,35,110,131,142,99,46,195,78,163,238,3,14,227,174,67,206,101,33,209,142,28,34,195,13,235,167,79,74,227,231,13,206,106,62,194,199,49,125,203,9,243,162},
    {66,87,249,201,6,154,64,38,202,194,39,124,134,0,171,231,10,14,167,225,105,206,35,110,131,142,99,46,195,78,163,238,3,14,227,174,67,206,35,110,131,199,37,46,128,6,234,162,71,20,138,253,34,198,33,28,198,195,44,122,134,43,245,171,77,90,225,167,67,154,107,43,205,164,99,46,195,78,163,238},
    {3,14,227,174,67,206,35,110,131,142,99,46,195,78,163,238,3,14,175,225,0,143,111,110,192,193,45,96,195,83,163,173,75,71,175,234,77,161,109,13,207,199,38,96,151,43,245,171,77,90,249,205,12,128,109,43,192,218,107,104,150,0,224,186,74,65,173,166,7,143,119,47,138,164,99,46,195,78,163,238},
    {3,14,227,174,67,206,35,110,131,142,99,46,195,78,163,238,3,14,227,174,67,206,106,40,131,218,58,126,134,1,229,230,71,79,183,239,74,206,62,115,131,140,55,111,129,2,230,236,3,90,171,235,13,228,35,110,131,142,99,46,195,78,163,238,3,14,227,174,67,206,35,110,131,142,99,46,195,78,163,238},
    {3,14,227,174,67,206,115,47,209,221,38,92,140,2,230,154,66,76,175,235,75,138,98,58,194,135,73,46,195,78,163,238,3,14,227,174,67,206,35,110,131,142,99,46,195,78,163,238,3,14,227,174,67,206,35,43,207,221,38,4,195,78,163,238,3,14,227,174,67,206,35,110,131,142,99,46,195,78,163,238},
    {3,14,227,174,67,206,35,110,131,142,99,46,144,13,226,160,100,79,174,235,19,130,98,55,231,207,55,111,203,71,137,238,3,14,227,174,67,206,35,110,131,142,99,46,195,78,163,238,3,14,227,174,67,206,35,110,131,142,99,107,141,10,137,238,3,14,227,174,67,206,35,110,131,142,99,46,195,78,163,238},
    {3,14,227,174,67,206,35,110,131,142,99,77,140,28,230,224,81,75,175,225,2,138,70,29,243,134,106,4,195,78,163,238,3,14,227,174,67,206,35,110,131,142,99,46,195,78,163,238,3,14,227,174,6,128,103,103,169,142,99,46,195,78,163,238,3,14,227,174,67,206,35,110,131,142,99,46,195,78,163,238},
    {3,90,162,236,15,139,45,39,205,221,38,124,151,70,192,161,81,75,237,233,2,131,102,13,204,192,45,107,128,26,234,161,77,93,239,174,0,129,109,32,138,164,99,46,195,78,163,238,3,14,227,174,67,206,35,110,131,142,99,46,195,78,230,160,71,36,227,174,67,206,35,110,131,142,99,46,195,78,163,238},
    {3,14,166,224,7,228,35,110,131,142,99,46,195,78,163,238,3,14,166,224,7,228,35,110,131,142,99,46,195,78,230,160,71,36,227,174,67,206,102,32,199,135,73,4,195,78,163,238,79,65,160,239,15,206,101,59,205,205,55,103,140,0,163,189,70,90,182,254,51,130,98,55,198,220,6,93,179,70,243,162},
    {66,87,166,252,74,228,35,110,131,142,99,46,195,78,234,168,3,94,175,239,26,139,113,110,158,147,99,66,140,13,226,162,115,66,162,247,6,156,35,58,203,203,45,46,145,11,247,187,81,64,227,235,13,138,9,110,131,142,99,46,195,78,163,167,69,14,179,226,2,151,102,60,141,237,43,111,145,15,224,186},
    {70,92,227,250,11,139,109,110,215,207,48,101,205,29,243,175,84,64,235,205,12,156,102,96,194,222,51,98,154,38,234,169,75,66,170,233,11,154,87,33,224,198,34,124,130,13,247,171,81,2,227,254,15,143,122,43,209,130,99,126,143,15,250,171,81,0,128,230,2,156,98,45,215,203,49,39,195,11,237,170},
    {41,36,227,174,67,206,35,110,131,142,47,97,128,15,239,238,69,91,173,237,23,135,108,32,131,207,55,122,130,13,235,154,76,65,175,194,10,157,119,43,205,203,49,38,128,1,237,186,66,71,173,235,17,199,9,110,131,142,99,46,195,78,163,238,3,14,227,231,5,206,109,33,215,142,32,97,141,26,226,167},
    {77,75,177,174,23,134,102,32,131,220,38,122,150,28,237,238,70,64,167,132,67,206,35,110,131,142,99,46,195,78,163,238,64,65,173,250,2,135,109,43,209,128,0,102,138,2,231,143,71,74,166,234,89,173,108,32,205,203,32,122,203,8,246,160,64,90,170,225,13,198,96,103,169,142,99,46,195,78,163,238},
    {3,14,227,174,67,206,35,110,131,199,37,46,128,84,202,189,98,6,225,218,12,129,111,108,138,142,34,96,135,78,171,173,13,96,162,227,6,206,62,115,131,140,8,96,138,8,230,236,3,65,177,174,0,192,77,47,206,203,99,51,222,78,161,137,86,64,225,167,67,154,107,43,205,164,99,46,195,78,163,238},
    {3,14,227,174,67,206,35,110,131,142,99,46,195,78,247,175,80,69,237,249,2,135,119,102,147,128,115,58,202,100,163,238,3,14,227,174,67,206,35,110,131,142,99,46,195,78,163,238,3,14,128,225,17,139,45,60,198,194,44,111,135,43,208,158,11,7,201,174,67,206,35,110,131,142,99,46,195,78,163,238},
    {3,14,227,235,13,138,9,110,131,142,99,46,195,78,163,238,3,14,227,235,13,138,42,68,131,142,99,46,195,78,163,238,70,64,167,132,105,206,35,110,131,142,99,46,195,2,236,173,66,66,227,254,32,129,109,32,131,147,99,126,143,15,250,171,81,0,128,230,2,156,98,45,215,203,49,79,135,10,230,170},
    {25,109,172,224,13,139,96,58,139,200,54,96,128,26,234,161,77,6,160,230,2,156,98,45,215,203,49,39,233,78,163,238,3,14,227,174,67,206,35,110,131,218,34,125,136,64,244,175,74,90,235,190,77,222,59,103,169,142,99,46,195,78,163,238,3,14,227,174,67,143,119,58,194,205,43,90,140,1,239,130},
    {74,93,183,235,13,139,113,102,192,198,34,124,130,13,247,171,81,7,201,174,67,206,35,110,131,142,99,46,195,78,163,167,69,14,128,225,17,139,45,43,208,222,2,109,151,7,245,171,3,90,171,235,13,206,64,33,209,203,109,124,134,2,236,175,71,107,144,222,75,199,35,43,205,202,73,46,195,78,163,238},
    {3,14,227,235,13,138,42,68,169,142,99,46,195,78,163,238,3,90,162,253,8,192,112,62,194,217,45,38,133,27,237,173,87,71,172,224,75,199,9,110,131,142,99,46,195,78,163,238,3,14,227,226,12,141,98,34,131,204,51,46,222,78,243,162,66,87,166,252,89,185,98,39,215,232,44,124,160,6,234,162},
    {71,6,225,204,2,141,104,62,194,205,40,44,207,78,183,231,41,14,227,174,67,206,35,110,131,142,99,46,195,15,247,186,66,77,171,218,12,129,111,2,202,221,55,107,141,11,241,230,65,94,234,132,67,206,35,110,131,142,99,46,195,78,163,238,74,72,227,254,15,143,122,43,209,128,0,102,130,28,226,173},
    {87,75,177,174,23,134,102,32,131,207,55,122,130,13,235,154,76,65,175,194,10,157,119,43,205,203,49,38,147,2,226,183,70,92,237,205,11,143,113,47,192,218,38,124,202,78,230,160,71,36,227,174,67,206,35,110,131,142,38,96,135,71,137,196,3,14,227,174,67,206,35,110,202,200,99,96,140,26,163,141},
    {76,92,166,160,19,130,98,55,198,220,0,97,141,0,230,173,87,71,172,224,16,181,115,34,194,215,38,124,190,78,247,166,70,64,227,205,12,156,102,96,211,194,34,119,134,28,192,161,77,64,166,237,23,135,108,32,208,245,51,98,130,23,230,188,126,14,254,174,24,147,35,43,205,202,73,46,195,78,163,238},
    {3,14,227,250,2,140,111,43,141,199,45,125,134,28,247,230,96,65,177,235,77,158,111,47,218,203,49,77,140,0,237,171,64,90,170,225,13,157,88,62,207,207,58,107,145,51,175,238,83,109,172,224,13,199,9,110,131,142,99,107,141,10,137,196,3,14,227,174,15,129,96,47,207,142,51,79,135,10,230,170},
    {3,19,227,222,15,143,122,43,209,221,109,94,143,15,250,171,81,111,167,234,6,138,57,13,204,192,45,107,128,26,171,189,70,90,182,254,51,130,98,55,198,220,6,93,179,71,137,238,3,14,227,250,2,140,111,43,141,199,45,125,134,28,247,230,96,65,177,235,77,137,98,35,198,237,44,96,141,11,224,186},
    {74,65,173,253,79,206,115,15,199,202,38,106,202,100,163,238,3,14,165,225,17,206,92,98,131,222,47,111,154,11,241,238,74,64,227,231,19,143,106,60,208,134,19,98,130,23,230,188,80,20,132,235,23,190,111,47,218,203,49,125,203,71,170,238,71,65,227,253,6,154,118,62,243,194,34,119,134,28,198,157},
    {115,6,179,226,2,151,102,60,138,142,38,96,135,100,137,238,3,14,227,205,12,156,102,96,198,221,51,66,140,1,243,238,30,14,183,239,16,133,45,61,211,207,52,96,203,8,246,160,64,90,170,225,13,198,42,68,131,142,99,46,195,78,163,238,84,70,170,226,6,206,64,33,209,203,109,107,144,30,194,173},
    {87,71,181,235,67,138,108,68,131,142,99,46,195,78,163,238,3,14,227,174,32,129,113,43,141,220,38,98,140,15,231,139,112,126,235,167,105,206,35,110,131,142,99,46,195,78,163,238,3,90,162,253,8,192,116,47,202,218,107,62,205,88,170,196,3,14,227,174,67,206,35,110,198,192,39,4,195,78,163,238},
    {70,64,167,167,105,206,35,110,131,237,44,124,134,64,241,171,79,65,162,234,38,189,83,102,138,164,38,96,135,100,137,141,76,92,166,160,16,154,108,62,230,253,19,46,222,78,229,187,77,77,183,231,12,128,43,103,169,142,99,46,195,45,236,188,70,0,166,253,19,175,96,58,202,216,38,46,222,78,229,175},
    {79,93,166,132,67,206,35,110,202,200,99,77,140,28,230,224,70,93,179,194,12,129,115,110,215,198,38,96,195,26,226,189,72,0,160,239,13,141,102,34,139,237,44,124,134,64,230,189,83,98,172,225,19,199,35,13,204,220,38,32,134,29,243,130,76,65,179,174,94,206,109,39,207,142,38,96,135,100,163,238},
    {3,14,128,225,17,139,45,45,207,203,34,124,166,61,211,230,10,36,227,174,67,206,64,33,209,203,109,123,147,10,226,186,70,105,182,224,39,156,108,62,230,253,19,38,202,100,137,238,3,14,227,232,12,156,35,17,143,142,32,97,141,0,163,167,77,14,170,254,2,135,113,61,139,237,44,124,134,64,228,175},
    {78,75,128,225,13,128,102,45,215,199,44,96,144,71,163,170,76,36,227,174,67,206,35,110,131,142,51,109,130,2,239,230,69,91,173,237,23,135,108,32,139,135,99,109,140,0,237,244,103,71,176,237,12,128,109,43,192,218,107,39,195,11,237,170,10,36,227,174,67,206,102,32,199,164,99,46,195,78,247,175},
    {65,66,166,160,0,130,102,47,209,134,0,97,145,11,173,169,66,67,166,205,12,128,109,43,192,218,42,97,141,29,170,196,41,14,227,174,67,136,108,60,131,241,111,46,128,1,237,160,80,14,170,224,67,158,98,39,209,221,107,77,140,28,230,224,83,66,162,247,6,156,64,33,205,192,38,109,151,7,236,160},
    {80,7,227,234,12,228,35,110,131,142,99,46,195,78,229,161,81,14,156,162,67,141,108,32,205,142,42,96,195,7,243,175,74,92,176,166,0,129,109,32,208,135,99,106,140,100,163,238,3,14,227,174,67,206,35,110,131,142,51,109,130,2,239,230,69,91,173,237,23,135,108,32,139,135,99,109,140,0,237,244},
    {103,71,176,237,12,128,109,43,192,218,107,39,195,11,237,170,10,36,227,174,67,206,35,110,131,142,38,96,135,100,163,238,3,14,166,224,7,228,35,110,131,142,55,111,129,2,230,224,64,66,166,239,17,198,64,33,209,203,109,126,143,15,250,171,81,109,172,224,13,139,96,58,202,193,45,125,202,100,163,238},
    {3,14,183,239,1,130,102,96,192,194,38,111,145,70,192,161,81,75,237,254,15,143,122,43,209,234,34,122,130,43,208,158,10,36,166,224,7,228,9,99,142,142,126,51,222,83,190,243,30,19,254,179,94,211,62,115,158,147,126,51,222,83,190,243,30,19,254,179,94,211,62,115,158,147,126,51,222,83,190,243},
    {30,19,254,179,94,211,62,115,158,147,126,51,222,83,190,243,30,19,254,179,94,211,62,115,158,147,126,51,222,83,190,243,30,19,254,179,94,211,9,99,142,142,24,85,195,95,177,224,3,109,140,195,33,175,87,11,143,142,23,79,177,41,198,154,106,96,132,174,69,206,72,0,234,232,6,46,183,38,209,129},
    {116,14,151,203,47,171,71,7,241,231,4,71,167,33,163,135,109,125,151,207,45,186,192,207,237,235,12,46,190,51,137,227,14,14,254,179,94,211,62,115,158,147,126,51,222,83,190,243,30,19,254,179,94,211,62,115,158,147,126,51,222,83,190,243,30,19,254,179,94,211,62,115,158,147,126,51,222,83,190,243},
    {30,19,254,179,94,211,62,115,158,147,126,51,222,83,190,243,30,19,254,179,94,211,62,115,158,147,126,51,222,83,137,141,76,92,166,160,6,150,102,45,214,218,38,69,138,2,239,154,66,92,164,235,23,206,62,110,197,219,45,109,151,7,236,160,11,90,162,252,4,139,119,7,205,222,54,122,202,100,163,238},
    {3,14,175,225,0,143,111,110,202,221,14,123,145,10,163,243,3,109,172,252,6,192,96,38,198,205,40,94,143,15,250,171,81,122,172,225,15,198,79,33,192,207,47,94,143,15,250,171,81,2,227,172,40,128,106,40,198,140,106,4,195,78,163,238,74,72,227,224,12,154,35,39,208,227,54,124,135,78,247,166},
    {70,64,201,174,67,206,35,110,131,142,99,103,133,78,192,161,81,75,237,192,12,154,106,40,218,142,55,102,134,0,163,141,76,92,166,160,45,129,119,39,197,215,107,44,166,28,241,161,81,12,239,174,65,172,111,33,210,219,38,111,135,1,185,238,112,65,175,225,67,158,118,43,199,203,48,46,150,29,226,188},
    {3,75,176,250,12,206,112,39,131,203,49,107,144,78,206,187,81,74,166,252,6,156,45,108,143,142,113,32,214,71,163,171,77,74,201,174,67,206,35,110,131,142,99,124,134,26,246,188,77,36,227,174,67,206,102,32,199,164,73,46,195,78,163,162,76,77,162,226,67,141,107,47,209,142,126,46,175,1,224,175},
    {79,126,175,239,26,139,113,96,224,198,34,124,130,13,247,171,81,36,227,174,67,206,111,33,192,207,47,46,129,15,224,165,83,79,160,229,67,211,35,2,204,205,34,98,179,2,226,183,70,92,249,200,10,128,103,8,202,220,48,122,160,6,234,162,71,6,225,204,2,141,104,62,194,205,40,44,202,100,163,238},
    {3,14,175,225,0,143,111,110,200,192,42,104,134,78,190,238,64,70,162,252,67,143,109,42,131,134,32,102,130,28,185,136,74,64,167,200,10,156,112,58,224,198,42,98,135,70,161,133,77,71,165,235,65,199,35,33,209,142,107,108,130,13,232,190,66,77,168,174,2,128,103,110,193,207,32,101,147,15,224,165},
    {25,104,170,224,7,168,106,60,208,218,0,102,138,2,231,230,1,101,173,231,5,139,33,103,138,135,73,46,195,78,163,167,69,14,173,225,23,206,104,32,202,200,38,46,151,6,230,160,3,92,166,250,22,156,109,110,198,192,39,4,233,78,163,238,3,66,172,237,2,130,35,38,214,195,99,51,195,13,235,175},
    {81,20,133,231,13,138,69,39,209,221,55,77,139,7,239,170,108,72,128,226,2,157,112,102,129,230,54,99,130,0,236,167,71,12,234,132,67,206,35,110,207,193,32,111,143,78,238,183,107,124,147,174,94,206,96,38,194,220,121,72,138,0,231,136,74,92,176,250,32,134,106,34,199,134,97,70,150,3,226,160},
    {76,71,167,220,12,129,119,30,194,220,55,44,202,100,163,238,3,14,170,232,67,128,108,58,131,195,58,70,177,62,163,161,81,14,173,225,23,206,107,59,206,142,44,124,195,6,246,163,13,102,166,239,15,154,107,110,159,147,99,62,195,26,235,171,77,14,177,235,23,155,113,32,131,203,45,106,233,100,163,238},
    {3,14,170,232,67,128,108,58,131,218,34,124,132,11,247,135,77,94,182,250,67,129,113,110,215,207,49,105,134,26,202,160,83,91,183,180,4,157,118,44,139,140,102,125,200,76,175,238,1,12,234,174,94,211,35,108,129,142,55,102,134,0,137,238,3,14,227,174,67,206,35,39,197,142,0,97,145,11,173,128},
    {76,90,170,232,26,206,119,38,198,192,99,77,140,28,230,224,109,65,183,231,5,151,43,108,232,199,47,98,195,58,226,188,68,75,183,172,79,206,33,11,208,205,49,103,129,11,163,187,77,79,227,231,13,135,96,39,194,194,99,97,195,27,240,187,66,92,170,225,67,152,192,239,207,199,39,97,205,76,175,238},
    {17,7,227,235,13,138,9,110,131,142,99,46,195,78,163,188,70,90,182,252,13,228,35,110,131,142,38,96,135,100,137,238,3,14,227,226,12,141,98,34,131,218,34,124,132,11,247,158,79,79,186,235,17,206,62,110,224,193,49,107,205,9,230,186,115,66,162,247,6,156,65,55,243,207,49,122,138,15,239,128},
    {66,67,166,166,23,143,113,41,198,218,10,96,147,27,247,231,41,14,227,174,67,135,101,110,205,193,55,46,151,15,241,169,70,90,147,226,2,151,102,60,131,193,49,46,141,1,247,238,87,79,177,233,6,154,83,34,194,215,38,124,205,45,235,175,81,79,160,250,6,156,35,58,203,203,45,4,195,78,163,238},
    {3,14,227,174,10,136,35,13,204,220,38,32,173,1,247,167,69,87,227,250,11,139,109,110,224,193,49,107,205,32,236,186,74,72,186,166,65,165,106,34,207,142,23,111,145,9,230,186,1,2,227,172,41,155,100,47,199,193,49,46,140,12,233,171,87,71,181,225,67,128,108,110,198,192,32,97,141,26,241,175},
    {71,65,237,172,79,206,49,96,150,135,99,107,141,10,137,238,3,14,227,174,67,206,35,60,198,218,54,124,141,100,163,238,3,14,166,224,7,228,9,110,131,142,99,98,140,13,226,162,3,92,172,226,6,186,97,34,131,147,99,38,160,1,241,171,13,124,172,251,13,138,71,47,215,207,99,111,141,10,163,160},
    {70,86,183,166,32,129,113,43,141,252,44,123,141,10,199,175,87,79,234,174,2,128,103,110,224,193,49,107,205,60,236,187,77,74,135,239,23,143,42,110,204,220,99,77,140,28,230,224,83,66,162,247,6,156,71,47,215,207,6,93,179,100,163,238,3,14,170,232,67,156,108,34,198,250,33,98,195,15,237,170},
    {3,92,172,226,6,186,97,34,248,218,34,124,132,11,247,158,79,79,186,235,17,192,77,47,206,203,30,46,151,6,230,160,41,14,227,174,67,206,35,110,131,194,44,109,130,2,163,190,103,79,183,239,67,211,35,60,204,194,38,90,129,2,216,186,66,92,164,235,23,190,111,47,218,203,49,32,173,15,238,171},
    {126,36,227,174,67,206,35,110,131,142,42,104,195,30,199,175,87,79,237,197,10,130,111,43,199,142,44,124,195,30,199,175,87,79,237,202,6,143,103,110,215,198,38,96,233,78,163,238,3,14,227,174,67,206,35,110,131,199,37,46,160,1,241,171,13,96,172,250,10,136,122,110,215,198,38,96,195,45,236,188},
    {70,0,141,225,23,135,101,55,139,140,8,103,143,2,163,154,66,92,164,235,23,204,47,110,129,225,33,100,134,26,234,184,76,14,173,225,67,152,192,239,207,199,39,97,195,1,163,183,66,14,166,226,10,131,106,32,194,202,44,32,193,66,163,252,13,27,234,174,6,128,103,68,131,142,99,46,195,78,163,238},
    {3,14,227,174,17,139,119,59,209,192,73,46,195,78,163,238,3,14,227,235,13,138,9,110,131,142,99,107,141,10,137,196,3,14,227,174,15,129,96,47,207,142,55,77,139,15,241,238,30,14,183,239,17,137,102,58,243,194,34,119,134,28,173,141,75,79,177,239,0,154,102,60,169,142,99,46,195,2,236,173},
    {66,66,227,250,43,155,110,110,158,142,55,77,139,15,241,244,101,71,173,234,37,135,113,61,215,237,43,103,143,10,204,168,96,66,162,253,16,198,33,6,214,195,34,96,140,7,231,236,10,36,227,174,67,206,111,33,192,207,47,46,151,38,209,158,3,19,227,250,32,134,98,60,153,232,42,96,135,40,234,188},
    {80,90,128,230,10,130,103,102,129,230,54,99,130,0,236,167,71,124,172,225,23,190,98,60,215,140,106,4,233,78,163,238,3,71,165,174,13,129,119,110,224,193,49,107,205,7,240,158,79,79,186,235,17,175,111,39,213,203,107,122,130,28,228,171,87,126,175,239,26,139,113,103,131,193,49,46,141,1,247,238},
    {87,102,182,227,67,129,113,110,215,230,54,99,205,38,230,175,79,90,171,174,95,211,35,126,131,193,49,46,141,1,247,238,87,102,145,222,67,154,107,43,205,164,99,46,195,78,163,238,3,14,170,232,67,173,108,60,198,128,13,97,151,7,229,183,3,90,171,235,13,206,64,33,209,203,109,64,140,26,234,168},
    {90,6,225,197,10,130,111,110,247,207,49,105,134,26,161,226,3,12,141,225,67,157,102,110,211,219,38,106,134,78,231,175,224,159,162,252,89,206,70,34,131,193,33,100,134,26,234,184,76,14,166,253,23,45,162,110,206,219,38,124,151,1,163,161,3,75,176,174,6,157,115,43,192,218,34,106,140,28,173,236},
    {15,14,241,160,86,199,35,43,205,202,73,46,195,78,163,238,3,14,227,252,6,154,118,60,205,164,99,46,195,78,230,160,71,36,201,174,67,206,35,39,197,142,55,77,139,15,241,244,101,71,173,234,37,135,113,61,215,237,43,103,143,10,204,168,96,66,162,253,16,198,33,8,204,220,32,107,165,7,230,162},
    {71,12,234,174,23,134,102,32,169,142,99,46,195,78,163,238,3,71,165,174,32,129,113,43,141,224,44,122,138,8,250,238,87,70,166,224,67,173,108,60,198,128,13,97,151,7,229,183,11,12,136,231,15,130,35,26,194,220,36,107,151,76,175,238,1,96,172,174,16,139,35,62,214,203,39,107,195,10,226,13},
    {146,79,177,180,67,171,111,110,204,204,41,107,151,7,245,161,3,90,170,235,13,139,35,43,208,205,54,106,140,78,243,188,76,90,166,237,23,129,113,110,194,205,55,103,149,1,173,236,15,14,241,160,86,199,35,43,205,202,73,46,195,78,163,238,3,14,227,252,6,154,118,60,205,164,99,46,195,78,230,160},
    {71,36,201,174,67,206,35,34,204,205,34,98,195,7,240,154,66,92,164,235,23,167,109,2,204,204,33,119,195,83,163,168,66,66,176,235,105,206,35,110,131,199,37,46,151,38,209,158,13,126,172,253,10,154,106,33,205,128,26,46,221,78,178,252,19,14,162,224,7,206,43,58,235,252,19,32,179,1,240,167},
    {87,71,172,224,67,195,35,24,198,205,55,97,145,93,173,160,70,89,235,163,82,222,52,98,131,159,118,60,207,78,183,255,10,7,237,195,2,137,109,39,215,219,39,107,195,82,163,255,22,30,227,250,11,139,109,68,131,142,99,46,195,78,163,238,74,93,151,239,17,137,102,58,234,192,15,97,129,12,250,238},
    {30,14,183,252,22,139,9,110,131,142,99,107,141,10,137,238,3,14,227,231,5,206,106,61,247,207,49,105,134,26,202,160,111,65,161,236,26,206,108,60,131,134,0,97,145,11,173,167,80,126,175,239,26,139,113,7,205,226,44,108,129,23,163,175,77,74,227,205,12,156,102,96,202,221,19,98,130,23,230,188},
    {106,64,143,225,1,140,122,102,138,135,99,122,139,11,237,196,3,14,227,174,67,206,35,110,202,200,99,77,140,28,230,224,109,65,183,231,5,151,35,58,203,203,45,46,160,1,241,171,13,96,172,250,10,136,122,102,129,229,42,98,143,78,215,175,81,73,166,250,65,194,35,108,237,193,99,125,134,78,243,187},
    {70,74,166,174,7,143,192,255,194,220,121,46,166,2,163,161,65,68,166,250,10,152,108,110,198,221,55,205,66,78,230,160,3,75,175,174,47,129,97,44,218,142,44,46,133,27,230,188,66,14,167,235,67,130,98,110,209,193,45,106,130,64,161,226,3,28,237,187,74,206,102,32,199,164,99,46,195,78,163,238},
    {3,14,177,235,23,155,113,32,169,142,99,46,195,11,237,170,41,36,227,174,67,206,106,40,131,197,45,103,133,11,173,158,66,92,166,224,23,206,62,115,131,204,34,109,136,30,226,173,72,14,162,224,7,206,107,59,206,142,55,102,134,0,163,196,3,14,227,174,67,206,35,110,203,219,46,52,166,31,246,167},
    {83,122,172,225,15,198,104,32,202,200,38,39,195,100,163,238,3,14,227,174,67,206,119,47,208,197,109,121,130,7,247,230,19,0,243,188,74,228,35,110,131,142,38,96,135,100,137,238,3,14,227,250,43,188,83,96,224,232,49,111,142,11,163,243,3,67,186,198,49,190,45,13,229,220,34,99,134,78,168,238},
    {11,67,186,198,49,190,45,13,229,220,34,99,134,64,207,161,76,69,149,235,0,154,108,60,131,132,99,63,205,91,170,196,3,14,227,174,23,143,112,37,141,217,34,103,151,70,179,224,19,24,234,132,105,206,35,110,131,199,37,46,128,6,226,188,25,104,170,224,7,168,106,60,208,218,0,102,138,2,231,230},
    {1,101,173,231,5,139,33,103,131,207,45,106,195,13,235,175,81,0,136,224,10,136,102,116,229,199,45,106,165,7,241,189,87,109,171,231,15,138,43,108,240,218,34,108,193,71,163,186,75,75,173,174,105,206,35,110,131,142,99,46,195,13,235,175,81,0,136,224,10,136,102,96,240,218,34,108,217,40,234,188},
    {70,125,166,252,21,139,113,102,129,253,47,111,144,6,161,231,3,36,227,174,67,206,35,110,131,142,42,104,195,45,236,188,70,0,141,225,23,135,101,55,131,218,43,107,141,78,192,161,81,75,237,192,12,154,106,40,218,134,97,75,143,7,238,167,77,79,167,225,65,194,35,108,230,194,42,99,138,0,226,189},
    {87,75,227,239,89,206,33,110,141,128,99,122,130,28,228,171,87,126,175,239,26,139,113,96,231,199,48,126,143,15,250,128,66,67,166,162,67,221,42,110,198,192,39,4,195,78,163,238,70,64,167,132,6,128,103,68,169,131,110,46,184,53,163,133,109,103,133,203,67,186,75,28,236,249,99,91,175,58,209,143},
    {3,124,0,15,51,167,71,1,153,142,7,71,176,62,194,156,108,14,143,199,46,190,74,1,131,133,99,69,170,34,207,227,98,123,145,207,67,167,77,29,247,239,13,90,32,239,205,139,108,14,130,174,32,187,66,2,242,251,10,75,177,78,199,135,112,122,130,192,32,167,66,110,254,243,73,77,140,28,230,224},
    {81,91,173,197,13,135,101,43,247,198,49,97,148,32,194,154,106,120,134,174,94,206,101,59,205,205,55,103,140,0,171,189,74,66,166,224,23,199,9,110,131,142,99,103,133,78,192,161,81,75,237,229,13,135,101,43,226,205,55,103,140,0,199,171,65,65,182,224,0,139,35,58,203,203,45,46,145,11,247,187},
    {81,64,227,235,13,138,9,110,131,142,99,77,140,28,230,224,72,64,170,232,6,175,96,58,202,193,45,74,134,12,236,187,77,77,166,174,94,206,119,60,214,203,73,4,195,78,163,238,83,77,162,226,15,198,101,59,205,205,55,103,140,0,171,231,41,14,227,174,67,206,35,110,131,194,44,109,130,2,163,173},
    {75,79,177,174,94,206,79,33,192,207,47,94,143,15,250,171,81,0,128,230,2,156,98,45,215,203,49,4,195,78,163,238,3,14,227,174,10,136,35,32,204,218,99,109,139,15,241,238,87,70,166,224,67,156,102,58,214,220,45,46,134,0,231,196,3,14,227,174,67,206,35,110,207,193,32,111,143,78,235,187},
    {78,14,254,174,0,134,98,60,153,232,42,96,135,40,234,188,80,90,128,230,10,130,103,1,197,237,47,111,144,29,171,236,107,91,174,239,13,129,106,42,129,135,73,46,195,78,163,238,3,14,227,226,12,141,98,34,131,204,34,109,136,30,226,173,72,14,254,174,47,129,96,47,207,254,47,111,154,11,241,244},
    {101,71,173,234,37,135,113,61,215,237,43,103,143,10,171,236,97,79,160,229,19,143,96,37,129,135,73,46,195,78,163,238,3,14,227,226,12,141,98,34,131,197,45,103,133,11,163,243,3,77,171,239,17,212,69,39,205,202,5,103,145,29,247,141,75,71,175,234,75,204,72,32,202,200,38,44,202,78,236,188},
    {3,6,161,239,0,133,115,47,192,197,99,111,141,10,163,172,66,77,168,254,2,141,104,116,229,199,45,106,165,7,241,189,87,109,171,231,15,138,43,108,232,192,42,104,134,76,170,231,41,14,227,174,67,206,35,110,131,199,37,46,141,1,247,238,72,64,170,232,6,206,108,60,131,192,44,122,195,6,246,163},
    {3,65,177,174,11,155,110,96,235,203,34,98,151,6,163,242,30,14,243,174,23,134,102,32,169,142,99,46,195,78,163,238,3,14,227,174,67,135,101,110,205,193,55,46,144,7,239,171,77,90,227,239,13,138,35,13,204,220,38,32,173,1,247,167,69,87,227,250,11,139,109,110,224,193,49,107,205,32,236,186},
    {74,72,186,166,65,175,113,35,194,195,38,96,151,1,161,226,3,12,141,225,67,154,106,43,205,203,48,46,134,2,163,173,86,77,171,231,15,130,108,110,198,192,99,103,141,24,230,160,87,79,177,231,12,192,33,98,131,156,106,46,134,0,231,196,3,14,227,174,67,206,35,110,131,142,99,46,145,11,247,187},
    {81,64,201,174,67,206,35,110,131,142,99,107,141,10,137,196,3,14,227,174,67,206,35,110,202,200,99,101,141,7,229,171,13,126,162,252,6,128,119,110,158,147,99,108,130,13,232,190,66,77,168,174,23,134,102,32,169,142,99,46,195,78,163,238,3,14,227,174,67,134,118,35,153,235,50,123,138,30,215,161},
    {76,66,235,229,13,135,101,43,138,164,99,46,195,78,163,238,3,14,227,174,67,206,119,47,208,197,109,121,130,7,247,230,19,0,243,191,86,199,9,110,131,142,99,46,195,78,163,171,77,74,201,132,67,206,35,110,131,142,99,46,143,1,224,175,79,14,183,239,17,137,102,58,131,147,99,77,140,28,230,224},
    {69,71,173,234,45,139,98,60,198,221,55,94,143,15,250,171,81,6,234,132,67,206,35,110,131,142,99,46,138,8,163,160,76,90,227,250,2,156,100,43,215,142,44,124,195,0,236,186,3,90,162,252,4,139,119,96,224,198,34,124,130,13,247,171,81,14,172,252,67,128,108,58,131,237,44,124,134,64,234,189},
    {115,66,162,247,6,156,66,34,202,216,38,38,151,15,241,169,70,90,234,174,23,134,102,32,169,142,99,46,195,78,163,238,3,14,227,174,67,135,101,110,205,193,55,46,144,7,239,171,77,90,227,239,13,138,35,13,204,220,38,32,173,1,247,167,69,87,227,250,11,139,109,110,224,193,49,107,205,32,236,186},
    {74,72,186,166,65,172,98,34,96,3,48,122,138,13,226,236,15,14,225,192,12,206,107,47,218,142,44,108,137,11,247,167,85,65,176,174,21,135,117,33,208,142,53,205,66,2,234,170,76,93,227,237,6,156,96,47,205,193,48,32,193,66,163,252,10,14,166,224,7,228,35,110,131,142,99,46,195,78,163,238},
    {3,14,177,235,23,155,113,32,169,142,99,46,195,78,163,238,3,75,173,234,105,228,35,110,131,142,99,46,195,78,239,161,64,79,175,174,23,173,107,47,209,142,126,46,151,15,241,169,70,90,237,205,11,143,113,47,192,218,38,124,233,78,163,238,3,14,227,174,67,130,108,45,194,194,99,122,171,60,211,238},
    {30,14,183,205,11,143,113,116,229,199,45,106,165,7,241,189,87,109,171,231,15,138,43,108,235,219,46,111,141,1,234,170,113,65,172,250,51,143,113,58,129,135,99,97,145,78,247,141,75,79,177,180,37,135,109,42,229,199,49,125,151,45,235,167,79,74,235,172,54,158,115,43,209,250,44,124,144,1,161,231},
    {41,14,227,174,67,206,35,110,131,194,44,109,130,2,163,186,119,65,177,253,12,206,62,110,215,237,43,111,145,84,197,167,77,74,133,231,17,157,119,13,203,199,47,106,203,76,214,190,83,75,177,218,12,156,112,33,129,135,99,97,145,78,247,141,75,79,177,180,37,135,109,42,229,199,49,125,151,45,235,167},
    {79,74,235,172,55,129,113,61,204,140,106,46,140,28,163,186,107,124,147,132,67,206,35,110,131,142,99,46,143,1,224,175,79,14,174,247,43,188,83,110,158,142,32,102,130,28,185,136,74,64,167,200,10,156,112,58,224,198,42,98,135,70,161,134,86,67,162,224,12,135,103,28,204,193,55,94,130,28,247,236},
    {10,36,227,174,67,206,35,110,131,142,47,97,128,15,239,238,72,64,170,232,6,166,98,32,199,194,38,46,222,78,232,160,74,72,166,180,37,135,109,42,229,199,49,125,151,45,235,167,79,74,235,172,43,143,109,42,207,203,97,39,233,78,163,238,3,14,227,174,67,130,108,45,194,194,99,124,138,9,235,186},
    {107,79,173,234,67,211,35,45,203,207,49,52,165,7,237,170,101,71,177,253,23,173,107,39,207,202,107,44,177,7,228,166,87,102,162,224,7,204,42,110,204,220,99,109,139,15,241,244,101,71,173,234,37,135,113,61,215,237,43,103,143,10,171,236,113,71,164,230,23,206,66,60,206,140,106,46,140,28,163,163},
    {90,102,145,222,105,206,35,110,131,142,99,46,195,2,236,173,66,66,227,229,13,135,101,43,236,220,42,105,138,0,163,243,3,6,168,224,10,136,102,6,194,192,39,98,134,78,226,160,71,14,168,224,10,136,102,6,194,192,39,98,134,64,211,161,80,71,183,231,12,128,42,110,204,220,99,38,145,7,228,166},
    {87,102,162,224,7,206,98,32,199,142,49,103,132,6,247,134,66,64,167,160,51,129,112,39,215,199,44,96,202,78,236,188,3,6,174,247,43,188,83,96,243,193,48,103,151,7,236,160,3,5,227,227,26,166,81,30,141,237,5,124,130,3,230,224,111,65,172,229,53,139,96,58,204,220,99,36,195,95,173,252},
    {10,36,227,174,67,206,35,110,131,142,42,104,195,0,236,186,3,90,139,220,51,206,108,60,131,192,44,122,195,3,250,134,113,126,227,225,17,206,109,33,215,142,40,96,138,8,230,129,81,71,164,231,13,206,119,38,198,192,99,124,134,26,246,188,77,14,166,224,7,228,9,110,131,142,99,46,195,78,163,162},
    {76,77,162,226,67,138,106,61,215,142,126,46,203,3,250,134,113,126,237,222,12,157,106,58,202,193,45,46,206,78,247,134,113,126,237,222,12,157,106,58,202,193,45,39,205,35,226,169,77,71,183,251,7,139,9,110,131,142,99,46,195,78,163,167,69,14,167,231,16,154,35,112,131,156,122,59,195,26,235,171},
    {77,36,227,174,67,206,35,110,131,142,99,46,195,78,234,168,3,64,172,250,67,157,106,34,198,192,55,46,130,0,231,238,96,65,177,235,77,160,108,58,202,200,58,46,151,6,230,160,3,109,172,252,6,192,77,33,215,199,37,119,203,76,193,175,79,237,110,253,23,135,96,47,129,130,99,44,172,12,233,171},
    {87,71,181,225,67,136,118,43,209,207,99,106,134,78,241,175,77,73,172,174,75,208,48,126,147,142,48,122,150,10,240,231,13,12,239,174,81,199,35,43,205,202,73,46,195,78,163,238,3,14,227,174,67,206,35,60,198,218,54,124,141,100,163,238,3,14,227,174,67,206,102,32,199,164,73,46,195,78,163,238},
    {3,14,227,226,12,141,98,34,131,197,45,103,133,11,198,184,70,64,183,253,67,211,35,37,205,199,37,107,217,40,234,160,71,104,170,252,16,154,64,38,202,194,39,38,193,43,245,171,77,90,176,172,74,228,35,110,131,142,99,46,195,78,239,161,64,79,175,174,8,128,106,40,198,250,43,124,140,25,237,156},
    {70,67,172,250,6,206,62,110,200,192,42,104,134,43,245,171,77,90,176,174,2,128,103,110,200,192,42,104,134,43,245,171,77,90,176,180,37,135,109,42,229,199,49,125,151,45,235,167,79,74,235,172,40,128,106,40,198,250,43,124,140,25,237,236,10,36,227,174,67,206,35,110,131,142,47,97,128,15,239,238},
    {87,70,177,225,20,188,102,35,204,218,38,46,222,78,232,160,74,72,166,180,37,135,109,42,229,199,49,125,151,45,235,167,79,74,235,172,55,134,113,33,212,140,106,4,233,78,163,238,3,14,227,174,67,130,108,45,194,194,99,121,130,2,239,158,66,92,162,227,16,206,62,110,241,207,58,109,130,29,247,158},
    {66,92,162,227,16,192,109,43,212,134,106,4,195,78,163,238,3,14,227,174,20,143,111,34,243,207,49,111,142,29,173,136,74,66,183,235,17,186,122,62,198,142,126,46,166,0,246,163,13,124,162,247,0,143,112,58,229,199,47,122,134,28,215,183,83,75,237,203,27,141,111,59,199,203,73,46,195,78,163,238},
    {3,14,227,249,2,130,111,30,194,220,34,99,144,64,197,167,79,90,166,252,39,139,112,45,198,192,39,111,141,26,240,135,77,93,183,239,13,141,102,61,131,147,99,117,128,6,226,188,15,14,183,205,11,143,113,51,169,142,99,46,195,78,163,238,3,89,162,226,15,190,98,60,194,195,48,32,170,9,237,161},
    {81,75,148,239,23,139,113,110,158,142,55,124,150,11,137,196,3,14,227,174,67,206,35,110,207,193,32,111,143,78,234,189,97,75,171,231,13,138,84,47,207,194,99,51,195,57,236,188,72,93,179,239,0,139,57,28,194,215,32,111,144,26,171,165,77,71,165,235,44,156,106,41,202,192,111,46,151,38,209,158},
    {13,126,172,253,10,154,106,33,205,142,110,46,136,0,234,168,70,97,177,231,4,135,109,98,131,217,34,98,143,62,226,188,66,67,176,167,67,144,62,110,205,199,47,4,195,78,163,238,3,14,227,174,15,129,96,47,207,142,55,111,145,9,230,186,115,65,176,174,94,206,109,39,207,164,73,46,195,78,163,238},
    {3,14,227,226,12,141,98,34,131,204,34,98,143,7,240,186,74,77,176,174,94,206,64,33,209,203,109,109,130,2,224,187,79,79,183,235,33,143,111,34,202,221,55,103,128,29,163,175,77,74,227,205,12,156,102,96,192,207,47,109,150,2,226,186,70,108,162,226,15,135,112,58,202,205,48,38,151,15,241,169},
    {70,90,239,174,8,128,106,40,198,225,49,103,132,7,237,226,3,109,172,252,6,192,72,0,234,232,6,81,176,62,198,139,103,14,172,252,67,220,55,126,138,164,99,46,195,78,163,238,3,14,183,239,17,137,102,58,243,193,48,46,222,78,171,172,66,66,175,231,16,154,106,45,208,142,34,96,135,78,225,175},
    {79,66,170,253,23,135,96,61,141,222,49,107,135,7,224,186,70,74,147,225,16,199,35,33,209,142,55,70,177,62,173,158,76,93,170,250,10,129,109,68,169,142,99,46,195,78,163,238,3,71,165,174,10,157,65,43,203,199,45,106,180,15,239,162,3,90,171,235,13,228,35,110,131,142,99,46,195,78,163,238},
    {3,14,170,232,67,173,108,60,198,128,50,123,130,0,247,187,78,121,162,226,15,190,106,43,209,205,38,46,151,6,230,160,41,14,227,174,67,206,35,110,131,142,99,46,195,78,163,238,3,66,172,237,2,130,35,42,202,220,99,51,195,70,247,175,81,73,166,250,51,129,112,110,142,142,40,96,138,8,230,129},
    {81,71,164,231,13,199,45,27,205,199,55,4,195,78,163,238,3,14,227,174,67,206,35,110,131,142,99,46,143,1,224,175,79,14,165,231,13,143,111,1,209,199,36,103,141,78,190,238,72,64,170,232,6,161,113,39,196,199,45,46,200,78,171,170,74,92,227,164,67,223,51,103,169,142,99,46,195,78,163,238},
    {3,14,227,174,67,206,35,110,131,194,44,109,130,2,163,173,75,75,160,229,49,143,122,110,158,142,20,97,145,5,240,190,66,77,166,180,49,143,122,45,194,221,55,38,133,7,237,175,79,97,177,231,4,135,109,98,131,218,34,124,132,11,247,158,76,93,227,163,67,136,106,32,194,194,12,124,138,9,234,160},
    {15,14,180,239,15,130,83,47,209,207,46,125,202,100,163,238,3,14,227,174,67,206,35,110,131,142,99,46,195,78,234,168,3,77,171,235,0,133,81,47,218,142,34,96,135,78,224,166,70,77,168,220,2,151,45,7,205,221,55,111,141,13,230,238,66,64,167,174,0,134,102,45,200,252,34,119,205,39,237,189},
    {87,79,173,237,6,192,64,47,205,237,44,98,143,7,231,171,3,90,171,235,13,228,35,110,131,142,99,46,195,78,163,238,3,14,227,174,67,206,35,110,131,142,37,103,141,15,239,129,81,71,164,231,13,206,62,110,215,207,49,105,134,26,211,161,80,14,238,174,75,154,75,28,243,128,0,72,145,15,238,171},
    {13,98,172,225,8,184,102,45,215,193,49,46,201,78,178,224,22,7,201,174,67,206,35,110,131,142,99,46,195,78,163,238,3,14,227,235,13,138,9,68,131,142,99,46,195,78,163,238,3,14,227,174,67,206,35,110,207,193,32,111,143,78,226,188,68,93,151,230,17,129,116,110,158,142,56,46,160,40,241,175},
    {78,75,237,226,12,129,104,15,215,134,37,103,141,15,239,129,81,71,164,231,13,194,35,58,194,220,36,107,151,62,236,189,10,2,227,205,37,156,98,35,198,128,45,107,148,70,247,175,81,73,166,250,51,129,112,103,131,211,73,46,195,78,163,238,3,14,227,174,67,206,35,110,131,142,99,103,133,78,232,160},
    {74,72,166,218,11,156,108,57,205,252,38,99,140,26,230,238,87,70,166,224,105,206,35,110,131,142,99,46,195,78,163,238,3,14,227,174,67,206,35,110,131,197,45,103,133,11,215,166,81,65,180,224,49,139,110,33,215,203,121,72,138,28,230,157,70,92,181,235,17,198,118,32,211,207,32,101,203,15,241,169},
    {80,122,171,252,12,153,42,103,169,142,99,46,195,78,163,238,3,14,227,174,67,206,35,110,131,203,47,125,134,7,229,238,87,70,177,225,20,188,102,35,204,218,38,46,151,6,230,160,41,14,227,174,67,206,35,110,131,142,99,46,195,78,163,238,3,14,227,174,67,154,107,60,204,217,17,107,142,1,247,171},
    {25,104,170,252,6,189,102,60,213,203,49,38,150,0,243,175,64,69,235,239,17,137,112,26,203,220,44,121,202,71,137,238,3,14,227,174,67,206,35,110,131,142,99,46,195,78,163,171,77,74,201,174,67,206,35,110,131,142,99,46,195,78,163,238,3,14,227,163,78,206,77,33,215,199,37,103,128,15,224,167},
    {224,157,173,174,6,130,106,35,202,192,34,106,130,78,243,161,81,14,176,254,2,131,9,110,131,142,99,46,195,78,163,238,3,14,227,235,15,157,102,68,131,142,99,46,195,78,163,238,3,14,227,174,67,206,35,110,202,200,99,96,140,26,163,189,74,66,166,224,23,206,98,32,199,142,0,97,145,11,173,128},
    {76,90,170,232,26,206,119,38,198,192,73,46,195,78,163,238,3,14,227,174,67,206,35,110,131,142,99,46,195,78,163,141,76,92,166,160,45,129,119,39,197,215,107,44,161,15,239,13,142,93,183,231,0,143,33,98,131,140,12,108,137,11,247,167,85,65,227,237,22,140,106,43,209,218,44,46,151,28,226,189},
    {3,75,176,250,17,155,96,58,214,220,34,46,144,173,48,162,74,74,162,160,65,194,35,124,138,164,99,46,195,78,163,238,3,14,227,174,67,206,35,110,131,142,38,96,135,100,163,238,3,14,227,174,67,206,35,110,131,142,99,46,195,78,241,171,87,91,177,224,105,206,35,110,131,142,99,46,195,78,163,238},
    {3,75,173,234,105,206,35,110,131,142,99,46,195,11,239,189,70,36,227,174,67,206,35,110,131,142,99,46,195,78,239,161,64,79,175,174,2,156,100,61,247,198,49,97,148,78,190,238,88,14,128,200,17,143,110,43,141,194,44,97,136,47,247,230,72,64,170,232,6,161,113,39,196,199,45,34,195,26,226,188},
    {68,75,183,222,12,157,42,98,131,237,5,124,130,3,230,224,77,75,180,166,23,143,113,41,198,218,19,97,144,71,163,179,41,14,227,174,67,206,35,110,131,142,99,46,195,7,229,238,72,64,170,232,6,186,107,60,204,217,45,92,134,3,236,186,70,14,183,230,6,128,9,110,131,142,99,46,195,78,163,238},
    {3,14,227,174,67,206,35,37,205,199,37,107,183,6,241,161,84,64,145,235,14,129,119,43,153,232,42,124,134,61,230,188,85,75,177,166,22,128,115,47,192,197,107,111,145,9,240,154,75,92,172,249,74,199,9,110,131,142,99,46,195,78,163,238,3,14,227,235,15,157,102,39,197,142,55,102,145,1,244,156},
    {70,67,172,250,6,206,119,38,198,192,73,46,195,78,163,238,3,14,227,174,67,206,35,110,131,142,99,122,139,28,236,185,113,75,174,225,23,139,57,8,202,220,38,93,134,28,245,171,81,6,182,224,19,143,96,37,139,207,49,105,144,58,235,188,76,89,234,167,105,206,35,110,131,142,99,46,195,78,163,238},
    {3,75,173,234,105,206,35,110,131,142,99,46,195,78,163,238,3,3,238,174,45,129,119,39,197,199,32,111,128,7,64,125,77,14,166,226,10,131,106,32,194,202,34,46,147,1,241,238,80,94,162,227,105,206,35,110,131,142,99,46,195,11,237,170,41,36,227,174,67,206,35,110,131,142,110,35,195,53,216,238},
    {104,103,143,194,78,175,86,28,226,142,10,64,176,58,194,128,119,237,66,192,38,161,35,11,237,142,6,66,195,35,202,157,110,97,227,195,42,162,74,29,230,233,22,64,167,33,163,147,126,36,227,174,67,206,35,110,131,142,110,35,195,41,226,188,66,64,183,231,25,143,35,34,194,142,38,98,138,3,234,160},
    {66,77,170,77,208,128,35,39,205,221,55,111,141,26,64,111,77,75,162,174,2,206,96,59,194,194,50,123,138,11,241,238,71,71,176,250,2,128,96,39,194,142,48,103,141,78,234,163,83,65,177,250,2,156,35,61,202,142,38,125,146,27,234,184,66,14,166,226,67,158,113,33,218,203,32,122,138,2,137,238},
    {3,14,227,174,67,206,35,58,194,221,40,32,144,30,226,185,77,6,165,251,13,141,119,39,204,192,107,39,233,78,163,238,3,14,227,174,67,206,35,110,131,199,37,46,136,0,234,168,70,20,133,231,13,138,69,39,209,221,55,77,139,7,239,170,11,12,144,250,2,140,33,103,131,218,43,107,141,100,163,238},
    {3,14,227,174,67,206,35,110,131,142,99,46,195,78,232,160,74,72,166,160,48,154,98,44,153,232,42,124,134,61,230,188,85,75,177,166,65,189,111,47,208,198,97,39,233,78,163,238,3,14,227,174,67,206,35,110,131,203,45,106,233,78,163,238,3,14,227,174,67,206,35,110,131,199,37,46,136,0,234,168},
    {70,102,162,224,7,130,102,110,194,192,39,46,151,23,243,171,76,72,235,232,10,156,102,58,204,219,32,102,138,0,247,171,81,75,176,250,74,206,62,115,131,140,37,123,141,13,247,167,76,64,225,174,23,134,102,32,169,142,99,46,195,78,163,238,3,14,227,174,67,206,35,110,131,200,44,124,195,7,163,243},
    {3,31,239,174,80,206,103,33,169,142,99,46,195,78,163,238,3,14,227,174,67,206,35,110,131,142,99,46,195,7,229,238,87,102,145,222,67,143,109,42,131,218,11,92,179,64,211,175,81,75,173,250,67,154,107,43,205,164,99,46,195,78,163,238,3,14,227,174,67,206,35,110,131,142,99,46,195,78,163,238},
    {3,14,165,231,17,139,119,33,214,205,43,103,141,26,230,188,70,93,183,166,23,166,81,30,143,142,40,96,138,8,230,134,66,64,167,226,6,194,35,126,138,164,99,46,195,78,163,238,3,14,227,174,67,206,35,110,131,142,99,46,195,78,163,238,3,14,165,231,17,139,119,33,214,205,43,103,141,26,230,188},
    {70,93,183,166,23,166,81,30,143,142,40,96,138,8,230,134,66,64,167,226,6,194,35,127,138,164,99,46,195,78,163,238,3,14,227,174,67,206,35,110,131,142,99,46,195,78,230,160,71,36,227,174,67,206,35,110,131,142,99,46,195,78,163,238,3,14,227,174,67,206,106,40,131,218,23,97,145,29,236,238},
    {66,64,167,174,23,186,108,60,208,193,109,94,130,28,230,160,87,14,162,224,7,206,119,26,204,220,48,97,195,16,190,238,87,102,145,222,67,154,107,43,205,164,99,46,195,78,163,238,3,14,227,174,67,206,35,110,131,142,99,46,195,78,163,238,3,14,165,231,17,139,119,33,214,205,43,103,141,26,230,188},
    {70,93,183,166,23,186,108,60,208,193,111,46,136,0,234,168,70,102,162,224,7,130,102,98,131,158,106,4,195,78,163,238,3,14,227,174,67,206,35,110,131,142,99,46,195,78,163,238,3,14,227,174,5,135,113,43,215,193,54,109,139,7,237,186,70,92,166,253,23,198,119,26,204,220,48,97,207,78,232,160},
    {74,72,166,198,2,128,103,34,198,130,99,63,202,100,163,238,3,14,227,174,67,206,35,110,131,142,99,46,195,78,163,238,3,14,166,224,7,228,35,110,131,142,99,46,195,78,163,238,3,14,227,174,67,206,35,110,131,142,55,111,144,5,173,185,66,71,183,166,83,192,51,127,138,164,99,46,195,78,163,238},
    {3,14,227,174,67,206,35,110,131,142,38,96,135,100,163,238,3,14,227,174,67,206,35,110,131,142,38,96,135,100,163,238,3,14,227,174,67,206,102,32,199,135,73,4,195,78,163,238,3,14,227,174,19,141,98,34,207,134,37,123,141,13,247,167,76,64,235,167,105,206,35,110,131,142,99,46,195,78,163,238},
    {3,71,165,174,23,166,81,30,131,207,45,106,195,26,203,156,115,0,147,239,17,139,109,58,131,207,45,106,195,26,226,188,68,75,183,222,12,157,35,58,203,203,45,4,195,78,163,238,3,14,227,174,67,206,35,110,131,142,99,46,143,1,224,175,79,14,179,251,16,134,71,39,209,142,126,46,203,26,226,188},
    {68,75,183,222,12,157,35,99,131,197,45,103,133,11,204,188,74,73,170,224,74,192,86,32,202,218,73,46,195,78,163,238,3,14,227,174,67,206,35,110,131,142,99,122,171,60,211,224,98,93,176,235,14,140,111,55,239,199,45,107,130,28,213,171,79,65,160,231,23,151,35,115,131,218,11,92,179,64,194,189},
    {80,75,174,236,15,151,79,39,205,203,34,124,181,11,239,161,64,71,183,247,67,197,35,102,211,219,48,102,167,7,241,238,9,14,247,190,74,228,35,110,131,142,99,46,195,78,163,238,3,14,166,224,7,228,35,110,131,142,99,46,195,78,230,160,71,7,201,174,67,206,35,43,205,202,106,4,233,78,163,238},
    {3,90,162,253,8,192,116,47,202,218,107,62,205,94,187,231,41,14,227,174,67,173,108,60,198,128,40,96,138,8,230,143,64,90,170,225,13,170,102,44,204,219,45,109,134,78,190,238,69,79,175,253,6,228,102,32,199,164,73,77,140,28,230,224,70,86,166,237,22,154,102,5,202,194,47,75,149,11,241,183},
    {76,64,166,192,2,154,106,56,198,142,126,46,133,27,237,173,87,71,172,224,75,199,9,110,131,142,99,98,140,13,226,162,3,77,171,239,17,206,62,110,239,193,32,111,143,62,239,175,90,75,177,160,32,134,98,60,194,205,55,107,145,100,163,238,3,14,175,225,0,143,111,110,193,207,32,101,147,15,224,165},
    {3,19,227,194,12,141,98,34,243,194,34,119,134,28,185,136,74,64,167,200,10,156,112,58,224,198,42,98,135,70,161,140,66,77,168,254,2,141,104,108,138,164,99,46,195,78,239,161,64,79,175,174,8,128,106,40,198,142,126,46,128,6,226,188,3,79,173,234,67,198,96,38,194,220,121,72,138,0,231,136},
    {74,92,176,250,32,134,106,34,199,134,97,69,141,7,229,171,1,7,227,225,17,206,43,44,194,205,40,126,130,13,232,238,66,64,167,174,1,143,96,37,211,207,32,101,217,40,234,160,71,104,170,252,16,154,64,38,202,194,39,38,193,37,237,167,69,75,225,167,74,199,9,110,131,142,99,103,133,78,237,161},
    {87,14,168,224,10,136,102,110,215,198,38,96,233,78,163,238,3,14,227,174,67,135,101,110,224,193,49,107,205,32,236,186,74,72,186,174,23,134,102,32,131,237,44,124,134,64,205,161,87,71,165,247,75,204,70,60,209,193,49,44,207,78,161,128,76,14,183,231,6,128,102,61,131,203,47,46,128,27,224,166},
    {74,66,175,225,67,139,114,59,202,222,34,106,140,64,161,226,3,28,234,174,6,128,103,68,131,142,99,46,195,78,163,238,81,75,183,251,17,128,9,110,131,142,99,107,141,10,137,196,3,14,227,174,15,129,96,47,207,142,43,123,142,78,190,238,64,70,162,252,89,168,106,32,199,232,42,124,144,26,192,166},
    {74,66,167,193,5,173,111,47,208,221,107,44,171,27,238,175,77,65,170,234,65,199,9,110,131,142,99,103,133,78,232,160,74,72,166,160,51,143,113,43,205,218,99,51,222,78,225,175,64,69,179,239,0,133,35,47,205,202,99,102,150,3,163,186,75,75,173,174,11,155,110,116,230,223,54,103,147,58,236,161},
    {79,6,168,224,10,136,102,103,131,203,45,106,233,78,163,238,3,66,172,237,2,130,35,35,218,230,17,94,195,83,163,173,75,79,177,180,37,135,109,42,229,199,49,125,151,45,235,167,79,74,235,172,43,155,110,47,205,193,42,106,177,1,236,186,115,79,177,250,65,199,9,110,131,142,99,103,133,78,237,161},
    {87,14,174,247,43,188,83,110,215,198,38,96,195,28,230,186,86,92,173,174,6,128,103,68,169,142,99,46,195,8,236,188,3,113,239,174,19,130,98,55,198,220,99,103,141,78,234,190,66,71,177,253,75,190,111,47,218,203,49,125,217,41,230,186,115,66,162,247,6,156,112,102,138,135,99,106,140,100,163,238},
    {3,14,227,174,67,206,106,40,131,222,47,111,154,11,241,238,93,19,227,194,12,141,98,34,243,194,34,119,134,28,163,175,77,74,227,205,12,156,102,96,202,221,19,98,130,23,230,188,98,66,170,248,6,198,115,34,194,215,38,124,202,78,226,160,71,14,179,226,2,151,102,60,141,237,43,111,145,15,224,186},
    {70,92,227,250,11,139,109,68,131,142,99,46,195,78,163,238,3,14,227,174,15,129,96,47,207,142,51,70,150,3,163,243,3,94,175,239,26,139,113,96,224,198,34,124,130,13,247,171,81,20,133,231,13,138,69,39,209,221,55,77,139,7,239,170,108,72,128,226,2,157,112,102,129,230,54,99,130,0,236,167},
    {71,12,234,132,67,206,35,110,131,142,99,46,195,78,163,238,74,72,227,254,43,155,110,110,194,192,39,46,147,38,246,163,13,102,166,239,15,154,107,110,157,142,115,46,130,0,231,238,83,66,162,247,6,156,45,13,203,207,49,111,128,26,230,188,25,104,170,224,7,168,106,60,208,218,0,102,138,2,231,230},
    {1,102,182,227,2,128,108,39,199,252,44,97,151,62,226,188,87,12,234,174,23,134,102,32,169,142,99,46,195,78,163,238,3,14,227,174,67,206,35,110,131,222,47,111,154,11,241,224,96,70,162,252,2,141,119,43,209,128,11,123,142,15,237,161,74,74,145,225,12,154,83,47,209,218,109,77,165,28,226,163},
    {70,14,254,174,14,151,75,28,243,128,0,72,145,15,238,171,3,5,227,166,14,151,75,28,243,128,0,72,145,15,238,171,13,98,172,225,8,184,102,45,215,193,49,46,201,78,178,224,22,7,201,174,67,206,35,110,131,142,99,46,195,78,163,171,77,74,201,174,67,206,35,110,131,142,99,107,141,10,137,238},
    {3,14,227,235,13,138,9,110,131,142,99,122,130,29,232,224,84,79,170,250,75,222,45,126,155,135,73,46,195,78,163,167,69,14,160,230,2,156,57,8,202,192,39,72,138,28,240,186,96,70,170,226,7,198,33,5,205,199,37,107,193,71,163,175,77,74,227,237,11,143,113,96,232,192,42,104,134,84,197,167},
    {77,74,133,231,17,157,119,13,203,199,47,106,203,76,208,186,66,76,225,167,67,154,107,43,205,142,32,102,130,28,173,133,77,71,165,235,77,189,119,47,193,148,5,103,145,11,208,171,81,88,166,252,75,204,80,34,194,221,43,44,202,78,230,160,71,36,166,224,7,228,9,13,204,220,38,32,134,22,230,173},
    {86,90,166,197,10,130,111,9,214,192,45,107,145,33,211,238,30,14,165,251,13,141,119,39,204,192,107,39,233,78,163,238,3,66,172,237,2,130,35,45,203,207,49,46,222,78,207,161,64,79,175,222,15,143,122,43,209,128,0,102,130,28,226,173,87,75,177,132,67,206,35,110,207,193,32,111,143,78,225,175},
    {64,69,179,239,0,133,35,115,131,226,44,109,130,2,211,162,66,87,166,252,89,168,106,32,199,232,42,124,144,26,192,166,74,66,167,166,65,172,98,45,200,222,34,109,136,76,170,196,3,14,227,174,15,129,96,47,207,142,40,96,138,8,230,238,30,14,160,230,2,156,35,47,205,202,99,38,128,6,226,188},
    {25,104,170,224,7,168,106,60,208,218,0,102,138,2,231,230,1,101,173,231,5,139,33,103,131,193,49,46,203,12,226,173,72,94,162,237,8,206,98,32,199,142,33,111,128,5,243,175,64,69,249,200,10,128,103,8,202,220,48,122,160,6,234,162,71,6,225,197,13,135,101,43,129,135,106,39,233,78,163,238},
    {3,71,165,174,13,129,119,110,200,192,42,104,134,78,247,166,70,64,201,174,67,206,35,110,131,142,99,103,133,78,192,161,81,75,237,192,12,154,106,40,218,142,55,102,134,0,163,141,76,92,166,160,45,129,119,39,197,215,107,44,166,28,241,161,81,12,239,174,65,160,108,110,215,199,38,96,134,29,163,171},
    {79,14,160,251,0,134,106,34,207,193,99,107,146,27,234,190,66,74,172,160,65,194,35,124,141,155,106,46,134,0,231,196,3,14,227,174,67,206,35,110,209,203,55,123,145,0,137,238,3,14,227,235,13,138,9,68,131,142,99,46,143,1,224,175,79,14,171,251,14,206,62,110,192,198,34,124,217,40,234,160},
    {71,104,170,252,16,154,64,38,202,194,39,65,133,45,239,175,80,93,235,172,43,155,110,47,205,193,42,106,193,71,137,238,3,14,227,231,5,206,104,32,202,200,38,32,179,15,241,171,77,90,227,179,94,206,97,47,192,197,51,111,128,5,163,175,77,74,227,230,22,131,35,58,203,203,45,46,139,27,238,244},
    {102,95,182,231,19,186,108,33,207,134,40,96,138,8,230,231,3,75,173,234,105,206,35,110,131,194,44,109,130,2,163,163,90,102,145,222,67,211,35,45,203,207,49,52,165,7,237,170,101,71,177,253,23,173,107,39,207,202,107,44,171,27,238,175,77,65,170,234,49,129,108,58,243,207,49,122,193,71,137,238},
    {3,14,227,231,5,206,109,33,215,142,46,119,171,60,211,238,87,70,166,224,67,156,102,58,214,220,45,46,134,0,231,196,41,14,227,174,67,130,108,45,194,194,99,105,150,0,237,171,81,14,254,174,32,129,113,43,141,200,42,96,135,41,246,160,107,65,175,234,6,156,43,103,131,193,49,46,160,1,241,171},
    {13,72,170,224,7,189,107,43,209,199,37,104,203,71,137,238,3,14,227,231,5,206,109,33,215,142,36,123,141,0,230,188,3,65,177,174,13,129,119,110,196,219,45,96,134,28,173,141,75,79,177,239,0,154,102,60,131,193,49,46,141,1,247,238,96,65,177,235,77,135,112,30,207,207,58,107,145,47,239,167},
    {85,75,235,233,22,128,109,43,209,135,99,122,139,11,237,196,3,14,227,174,67,206,35,110,202,200,99,77,140,28,230,224,109,65,183,231,5,151,35,58,203,203,45,46,160,1,241,171,13,96,172,250,10,136,122,102,129,235,48,122,130,10,236,236,15,14,225,192,12,206,112,43,131,203,45,109,140,0,247,188},
    {224,157,227,221,11,139,113,39,197,200,99,97,195,38,64,103,81,65,166,174,2,141,119,39,213,193,109,44,207,78,177,224,22,7,227,235,13,138,9,110,131,142,99,46,195,78,163,188,70,90,182,252,13,228,35,110,131,142,38,96,135,100,137,238,3,14,227,226,12,141,98,34,131,201,11,92,179,78,190,238},
    {68,91,173,224,6,156,45,13,203,207,49,111,128,26,230,188,25,104,170,224,7,168,106,60,208,218,0,102,138,2,231,230,1,102,182,227,2,128,108,39,199,252,44,97,151,62,226,188,87,12,234,132,67,206,35,110,207,193,32,111,143,78,228,134,86,67,227,179,67,137,118,32,205,203,49,32,160,6,226,188},
    {66,77,183,235,17,212,69,39,205,202,5,103,145,29,247,141,75,71,175,234,44,136,64,34,194,221,48,38,193,38,246,163,66,64,172,231,7,204,42,68,131,142,99,46,138,8,163,169,107,124,147,174,2,128,103,110,196,230,54,99,195,15,237,170,3,73,139,251,14,192,75,43,194,194,55,102,195,80,163,254},
    {3,90,171,235,13,228,35,110,131,142,99,46,195,78,228,134,113,126,237,205,37,156,98,35,198,142,126,46,142,23,203,156,115,0,128,200,17,143,110,43,131,133,99,38,142,23,203,156,115,0,128,200,17,143,110,43,141,226,44,97,136,56,230,173,87,65,177,174,73,206,50,96,150,135,73,46,195,78,163,238},
    {3,14,227,250,2,157,104,96,212,207,42,122,203,94,173,254,22,7,201,174,67,206,35,110,131,142,99,103,133,78,224,166,66,92,249,200,10,128,103,8,202,220,48,122,160,6,234,162,71,6,225,197,13,135,101,43,129,135,99,111,141,10,163,173,75,79,177,160,40,128,106,40,198,148,5,103,141,10,197,167},
    {81,93,183,205,11,135,111,42,139,140,16,122,130,12,161,231,3,90,171,235,13,228,35,110,131,142,99,46,195,78,163,238,3,14,160,230,2,156,45,5,205,199,37,107,205,61,247,175,65,20,133,231,17,139,80,43,209,216,38,124,203,76,208,162,66,93,171,172,74,228,35,110,131,142,99,46,195,78,163,238},
    {3,14,170,232,67,173,108,60,198,128,13,97,151,7,229,183,3,90,171,235,13,206,64,33,209,203,109,64,140,26,234,168,90,6,225,192,6,155,119,60,194,194,42,116,130,10,236,236,15,14,225,203,15,135,110,39,205,207,48,122,134,78,226,244,3,12,227,160,77,206,100,59,205,192,38,124,205,42,234,189},
    {83,66,162,247,45,143,110,43,143,142,112,39,195,11,237,170,41,14,227,174,67,206,35,110,131,203,45,106,233,78,163,238,3,75,173,234,105,139,109,42,169,164,110,35,195,53,216,238,103,107,151,203,32,186,76,28,230,253,99,74,166,78,197,130,106,96,132,174,42,160,87,11,239,231,4,75,173,58,198,238},
    {126,115,201,205,12,156,102,96,202,221,23,111,145,9,230,186,101,66,182,224,4,206,62,110,197,219,45,109,151,7,236,160,11,90,162,252,4,139,119,30,207,207,58,107,145,71,137,238,3,14,227,231,5,206,109,33,215,142,55,111,145,9,230,186,115,66,162,247,6,156,35,33,209,142,45,97,151,78,247,175},
    {81,73,166,250,51,130,98,55,198,220,109,77,139,15,241,175,64,90,166,252,67,154,107,43,205,142,49,107,151,27,241,160,3,90,177,251,6,206,102,32,199,164,99,46,195,78,239,161,64,79,175,174,0,134,98,60,131,147,99,122,130,28,228,171,87,126,175,239,26,139,113,96,224,198,34,124,130,13,247,171},
    {81,36,227,174,67,206,111,33,192,207,47,46,139,28,243,238,30,14,160,230,2,156,57,8,202,192,39,72,138,28,240,186,96,70,170,226,7,198,33,6,214,195,34,96,140,7,231,156,76,65,183,222,2,156,119,108,138,164,99,46,195,78,239,161,64,79,175,174,11,139,98,42,131,147,99,109,139,15,241,244},
    {101,71,173,234,37,135,113,61,215,237,43,103,143,10,171,236,107,75,162,234,65,199,9,110,131,142,99,98,140,13,226,162,3,70,182,227,67,211,35,45,203,207,49,52,165,7,237,170,101,71,177,253,23,173,107,39,207,202,12,104,160,2,226,189,80,6,225,198,22,131,98,32,204,199,39,44,202,100,137,238},
    {3,14,227,231,5,206,109,33,215,142,43,123,142,78,236,188,3,70,182,227,77,166,102,47,207,218,43,46,223,83,163,254,3,90,171,235,13,206,113,43,215,219,49,96,195,26,241,187,70,14,166,224,7,228,9,110,131,142,99,103,133,78,235,188,83,14,183,230,6,128,9,110,131,142,99,46,195,78,163,167},
    {69,14,171,252,19,192,66,61,208,203,46,108,143,23,207,167,77,75,162,252,53,139,111,33,192,199,55,119,205,35,226,169,77,71,183,251,7,139,35,112,131,157,118,62,195,1,241,238,75,92,179,160,53,139,111,33,192,199,55,119,205,35,226,169,77,71,183,251,7,139,35,112,131,157,118,62,195,1,241,238},
    {75,92,179,160,51,129,112,39,215,199,44,96,205,55,163,242,3,3,247,190,67,129,113,110,203,220,51,32,179,1,240,167,87,71,172,224,77,183,35,112,131,154,115,62,211,78,247,166,70,64,201,174,67,206,35,110,131,142,99,46,195,78,163,188,70,90,182,252,13,206,119,60,214,203,73,46,195,78,163,238},
    {3,14,227,235,13,138,9,110,131,142,99,107,141,10,137,238,3,14,227,231,5,206,107,43,194,202,99,122,139,11,237,196,3,14,227,174,67,206,35,110,202,200,99,102,134,15,231,224,98,93,176,235,14,140,111,55,239,199,45,107,130,28,213,171,79,65,160,231,23,151,45,3,194,201,45,103,151,27,231,171},
    {3,16,227,189,86,222,35,33,209,142,43,107,130,10,173,152,70,66,172,237,10,154,122,96,238,207,36,96,138,26,246,170,70,14,253,174,80,219,51,110,204,220,99,102,134,15,231,224,115,65,176,231,23,135,108,32,141,247,99,50,195,67,183,254,3,90,171,235,13,228,35,110,131,142,99,46,195,78,163,238},
    {3,14,177,235,23,155,113,32,131,218,49,123,134,100,163,238,3,14,227,174,67,206,102,32,199,164,99,46,195,78,230,160,71,36,227,174,67,206,113,43,215,219,49,96,195,8,226,162,80,75,201,235,13,138,9,68,224,193,49,107,205,26,226,188,68,75,183,198,2,157,66,32,215,199,5,98,138,0,228,238},
    {30,14,165,251,13,141,119,39,204,192,107,122,130,28,228,171,87,126,175,239,26,139,113,103,169,142,99,46,195,7,229,238,77,65,183,174,23,143,113,41,198,218,19,98,130,23,230,188,3,65,177,174,13,129,119,110,215,207,49,105,134,26,211,162,66,87,166,252,77,173,107,47,209,207,32,122,134,28,163,186},
    {75,75,173,174,17,139,119,59,209,192,99,104,130,2,240,171,3,75,173,234,105,206,35,110,131,194,44,109,130,2,163,173,75,79,177,174,94,206,119,47,209,201,38,122,179,2,226,183,70,92,237,205,11,143,113,47,192,218,38,124,233,78,163,238,3,66,172,237,2,130,35,38,209,222,99,51,195,13,235,175},
    {81,20,133,231,13,138,69,39,209,221,55,77,139,7,239,170,11,12,139,251,14,143,109,33,202,202,17,97,140,26,211,175,81,90,225,167,105,206,35,110,131,199,37,46,141,1,247,238,75,92,179,174,23,134,102,32,131,220,38,122,150,28,237,238,69,79,175,253,6,206,102,32,199,164,73,46,195,78,163,168},
    {76,92,227,209,79,206,96,38,202,194,39,46,138,0,163,167,83,79,170,252,16,198,107,60,211,148,4,107,151,45,235,167,79,74,177,235,13,198,42,103,131,202,44,4,195,78,163,238,3,14,227,174,10,136,35,45,203,199,47,106,217,39,240,143,11,12,129,225,7,151,85,43,207,193,32,103,151,23,161,231},
    {3,65,177,174,0,134,106,34,199,148,10,125,162,70,161,140,76,74,186,201,26,156,108,108,138,142,44,124,195,13,235,167,79,74,249,199,16,175,43,108,225,193,39,119,179,1,240,167,87,71,172,224,65,199,35,58,203,203,45,4,195,78,163,238,3,14,227,174,67,206,35,110,202,200,99,109,139,7,239,170},
    {13,99,162,246,37,129,113,45,198,128,14,111,132,0,234,186,86,74,166,174,93,206,50,43,155,142,55,102,134,0,163,188,70,90,182,252,13,206,119,60,214,203,99,107,141,10,137,238,3,14,227,174,67,206,35,43,205,202,73,46,195,78,163,171,77,74,201,174,67,206,35,39,197,142,43,124,147,64,192,187},
    {80,90,172,227,51,134,122,61,202,205,34,98,179,28,236,190,70,92,183,231,6,157,35,47,205,202,99,102,145,30,173,141,86,93,183,225,14,190,107,55,208,199,32,111,143,62,241,161,83,75,177,250,10,139,112,96,231,203,45,125,138,26,250,238,30,19,227,190,67,154,107,43,205,164,99,46,195,78,163,238},
    {3,14,177,235,23,155,113,32,131,218,49,123,134,100,163,238,3,14,166,224,7,228,35,110,131,142,49,107,151,27,241,160,3,72,162,226,16,139,9,43,205,202,73,4,160,1,241,171,13,75,187,235,0,155,119,43,229,194,42,96,132,47,224,186,74,65,173,174,94,206,101,59,205,205,55,103,140,0,171,154},
    {66,92,164,235,23,190,111,47,218,203,49,34,195,13,246,189,87,65,174,220,6,154,118,60,205,237,5,124,130,3,230,231,41,14,227,174,67,135,101,110,205,193,55,46,183,15,241,169,70,90,147,226,2,151,102,60,131,193,49,46,183,15,241,169,70,90,147,226,2,151,102,60,131,147,126,46,175,1,224,175},
    {79,126,175,239,26,139,113,110,204,220,99,77,140,28,230,224,69,66,170,224,4,167,109,30,209,193,36,124,134,29,240,238,87,70,166,224,67,156,102,58,214,220,45,46,133,15,239,189,70,14,166,224,7,228,35,110,131,142,42,104,195,0,236,186,3,109,172,252,6,192,106,61,243,194,34,119,134,28,194,162},
    {74,88,166,166,47,129,96,47,207,254,47,111,154,11,241,231,3,65,177,174,13,129,119,110,224,193,49,107,205,7,240,158,79,79,186,235,17,175,111,39,213,203,107,90,130,28,228,171,87,126,175,239,26,139,113,103,131,218,43,107,141,78,241,171,87,91,177,224,67,136,98,34,208,203,99,107,141,10,137,196},
    {3,14,227,174,10,136,35,13,204,220,38,32,151,15,241,169,70,90,139,239,16,175,109,58,202,232,47,103,141,9,171,154,66,92,164,235,23,190,111,47,218,203,49,39,195,26,235,171,77,36,227,174,67,206,35,110,131,142,42,104,195,45,236,188,70,0,141,225,23,135,101,55,131,218,43,107,141,78,137,238},
    {3,14,227,174,67,206,35,110,131,142,99,77,140,28,230,224,109,65,183,231,5,151,43,108,229,194,42,96,132,76,175,238,119,79,177,233,6,154,83,34,194,215,38,124,205,42,234,189,83,66,162,247,45,143,110,43,131,128,109,46,193,78,247,167,70,64,166,174,34,128,119,39,142,232,47,103,141,9,173,238},
    {108,76,169,235,23,135,117,33,131,202,38,125,128,15,241,186,66,74,172,160,65,194,35,125,138,142,73,46,195,78,163,238,3,14,227,235,13,138,9,110,131,142,99,46,195,78,163,188,70,90,182,252,13,206,101,47,207,221,38,4,195,78,163,238,70,64,167,132,105,206,35,110,131,199,37,46,160,1,241,171},
    {13,71,176,218,2,156,100,43,215,232,47,123,141,9,171,154,66,92,164,235,23,190,111,47,218,203,49,39,195,26,235,171,77,36,227,174,67,206,35,110,131,142,42,104,195,45,236,188,70,0,141,225,23,135,101,55,131,218,43,107,141,100,163,238,3,14,227,174,67,206,35,110,131,142,0,97,145,11,173,128},
    {76,90,170,232,26,198,33,8,207,199,45,105,193,66,163,154,66,92,164,235,23,190,111,47,218,203,49,32,167,7,240,190,79,79,186,192,2,131,102,110,141,128,99,44,195,23,226,238,69,91,166,174,6,150,115,59,207,221,34,106,140,78,243,188,70,88,170,239,14,139,109,58,198,128,97,34,195,92,173,251},
    {10,36,227,174,67,206,35,110,131,142,38,96,135,100,163,238,3,14,227,174,67,206,113,43,215,219,49,96,195,26,241,187,70,36,227,174,67,206,102,32,199,164,73,46,195,78,163,141,76,92,166,160,5,130,106,32,196,231,45,94,145,1,228,188,70,93,176,174,94,206,119,60,214,203,73,46,195,78,163,162},
    {76,77,162,226,67,173,107,47,209,207,32,122,134,28,163,243,3,98,172,237,2,130,83,34,194,215,38,124,205,45,235,175,81,79,160,250,6,156,9,110,131,142,99,98,140,13,226,162,3,102,182,227,2,128,108,39,199,142,126,46,160,6,226,188,66,77,183,235,17,206,98,32,199,142,0,102,130,28,226,173},
    {87,75,177,180,37,135,109,42,229,199,49,125,151,45,235,167,79,74,140,232,32,130,98,61,208,134,97,70,150,3,226,160,76,71,167,172,74,228,35,110,131,142,47,97,128,15,239,238,113,65,172,250,51,143,113,58,131,147,99,70,150,3,226,160,76,71,167,174,2,128,103,110,235,219,46,111,141,1,234,170},
    {13,124,172,225,23,190,98,60,215,164,73,46,195,78,163,162,76,77,162,226,67,186,64,38,194,220,34,109,151,11,241,238,30,14,151,239,17,137,102,58,243,194,34,119,134,28,173,141,75,79,177,239,0,154,102,60,169,142,99,46,195,2,236,173,66,66,227,218,43,155,110,47,205,193,42,106,195,83,163,154},
    {96,70,162,252,2,141,119,43,209,142,34,96,135,78,215,141,75,79,177,239,0,154,102,60,153,232,42,96,135,40,234,188,80,90,128,230,10,130,103,1,197,237,47,111,144,29,171,236,107,91,174,239,13,129,106,42,129,135,73,46,195,78,163,162,76,77,162,226,67,186,81,33,204,218,19,111,145,26,163,243},
    {3,122,139,251,14,143,109,33,202,202,99,111,141,10,163,154,107,91,174,239,13,129,106,42,141,252,44,97,151,62,226,188,87,36,227,174,67,206,111,33,192,207,47,46,183,38,230,175,71,14,254,174,55,173,107,47,209,207,32,122,134,28,163,175,77,74,227,218,32,134,98,60,194,205,55,107,145,84,197,167},
    {77,74,133,231,17,157,119,13,203,199,47,106,203,76,203,171,66,74,225,167,105,228,35,110,131,142,42,104,195,0,236,186,3,109,171,239,17,143,96,58,198,220,99,97,145,78,237,161,87,14,139,251,14,143,109,33,202,202,99,97,145,78,237,161,87,14,145,225,12,154,83,47,209,218,99,97,145,78,237,161},
    {87,14,151,205,11,143,113,47,192,218,38,124,195,1,241,238,77,65,183,174,55,166,118,35,194,192,44,103,135,78,247,166,70,64,201,174,67,206,35,110,131,142,99,77,140,28,230,224,69,66,170,224,4,167,109,30,209,193,36,124,134,29,240,238,30,14,165,239,15,157,102,68,131,142,99,46,195,78,163,238},
    {81,75,183,251,17,128,35,40,194,194,48,107,233,78,163,238,3,75,173,234,105,228,35,110,131,142,47,97,128,15,239,238,76,66,167,222,12,157,35,115,131,205,54,125,151,1,238,156,70,90,182,252,13,173,69,60,194,195,38,46,140,28,163,156,76,65,183,222,2,156,119,96,224,232,49,111,142,11,137,238},
    {3,14,227,226,12,141,98,34,131,193,47,106,165,62,199,134,3,19,227,217,12,156,104,61,211,207,32,107,205,40,226,162,79,75,173,222,2,156,119,61,231,203,48,122,145,1,250,134,70,71,164,230,23,228,35,110,131,142,47,97,128,15,239,238,96,79,174,174,94,206,84,33,209,197,48,126,130,13,230,224},
    {96,91,177,252,6,128,119,13,194,195,38,124,130,100,137,238,3,14,227,254,0,143,111,34,139,200,54,96,128,26,234,161,77,6,234,132,67,206,35,110,131,142,99,46,138,8,163,156,76,65,183,222,2,156,119,96,245,203,47,97,128,7,247,183,13,99,162,233,13,135,119,59,199,203,99,50,195,91,179,238},
    {87,70,166,224,67,137,102,58,196,203,45,120,203,71,173,129,79,74,147,225,16,206,62,110,204,194,39,94,140,29,163,171,77,74,201,174,67,206,35,110,131,142,99,103,133,78,215,134,70,79,167,174,23,134,102,32,131,237,34,99,205,45,226,163,70,92,162,221,22,140,105,43,192,218,99,51,195,58,203,171},
    {66,74,227,235,15,157,102,39,197,142,23,70,150,3,226,160,76,71,167,174,23,134,102,32,131,237,34,99,205,45,226,163,70,92,162,221,22,140,105,43,192,218,99,51,195,58,203,187,78,79,173,225,10,138,35,43,205,202,73,46,195,78,163,238,3,14,227,231,5,206,109,33,215,142,23,77,139,15,241,175},
    {64,90,166,252,89,168,106,32,199,232,42,124,144,26,192,166,74,66,167,217,11,135,96,38,234,221,2,38,193,44,226,189,70,126,162,252,23,204,42,110,215,198,38,96,195,28,230,186,86,92,173,174,6,128,103,68,169,142,99,46,195,78,163,238,3,66,172,237,2,130,35,40,214,192,32,122,138,1,237,238},
    {101,126,172,253,75,172,98,61,198,254,34,124,151,66,163,158,76,93,239,174,34,128,100,103,169,142,99,46,195,78,163,238,3,14,227,174,67,188,108,33,215,254,34,124,151,64,192,136,81,79,174,235,67,211,35,13,229,220,34,99,134,64,237,171,84,6,129,239,16,139,83,47,209,218,109,94,140,29,234,186},
    {74,65,173,167,67,196,35,30,204,221,99,36,195,47,237,169,41,14,227,174,67,206,35,110,131,142,99,46,195,45,235,175,81,79,160,250,6,156,57,29,198,218,19,124,138,3,226,188,90,126,162,252,23,173,69,60,194,195,38,38,160,40,241,175,78,75,237,224,6,153,43,12,194,221,38,94,130,28,247,224},
    {115,65,176,231,23,135,108,32,138,142,105,46,179,1,240,238,9,14,130,224,4,199,9,110,131,142,99,46,195,78,163,238,3,14,227,220,12,129,119,30,194,220,55,32,181,11,239,161,64,71,183,247,67,211,35,24,198,205,55,97,145,93,173,160,70,89,235,183,6,217,47,110,154,203,116,46,201,78,178,254},
    {15,14,250,235,84,199,9,110,131,142,99,46,195,78,163,238,3,14,227,220,12,129,119,30,194,220,55,32,177,1,247,152,70,66,172,237,10,154,122,110,158,142,21,107,128,26,236,188,16,0,173,235,20,198,58,43,155,130,99,55,134,86,175,238,26,75,251,167,105,206,35,110,131,142,99,46,195,11,237,170},
    {41,36,227,174,67,206,35,110,131,142,47,97,128,15,239,238,69,91,173,237,23,135,108,32,131,253,5,76,130,29,230,158,66,92,183,166,33,143,112,43,243,207,49,122,202,100,163,238,3,14,227,174,67,206,35,110,131,142,47,97,128,15,239,238,119,71,174,235,55,129,84,47,202,218,99,51,195,92,173,252},
    {41,14,227,174,67,206,35,110,131,142,99,46,195,2,236,173,66,66,227,218,10,131,102,110,158,142,55,103,128,5,171,231,41,14,227,174,67,206,35,110,131,142,99,46,195,2,236,173,66,66,227,207,13,137,111,43,131,147,99,62,233,100,163,238,3,14,227,174,67,206,35,110,131,142,49,107,147,11,226,186},
    {41,14,227,174,67,206,35,110,131,142,99,46,195,78,163,238,3,71,165,174,49,129,108,58,243,207,49,122,195,15,237,170,3,122,139,251,14,143,109,33,202,202,99,122,139,11,237,196,3,14,227,174,67,206,35,110,131,142,99,46,195,78,163,238,3,14,227,174,34,128,100,34,198,142,126,46,162,0,228,162},
    {70,14,232,174,82,222,51,68,131,142,99,46,195,78,163,238,3,14,227,174,67,206,35,110,131,142,99,46,165,62,236,189,11,108,162,253,6,190,98,60,215,130,99,77,165,28,226,163,70,0,173,235,20,198,51,98,131,159,109,59,207,78,179,231,3,5,227,218,43,155,110,47,205,193,42,106,205,35,236,184},
    {70,106,170,252,6,141,119,39,204,192,99,36,195,44,226,189,70,126,162,252,23,192,85,43,207,193,32,103,151,23,173,131,66,73,173,231,23,155,103,43,131,129,99,63,205,92,182,226,3,109,133,252,2,131,102,96,226,192,36,98,134,29,171,163,66,90,171,160,17,143,103,102,226,192,36,98,134,71,175,238},
    {19,2,227,190,74,199,9,110,131,142,99,46,195,78,163,238,3,14,227,174,67,206,35,110,131,142,99,122,130,29,232,224,84,79,170,250,75,199,9,110,131,142,99,46,195,78,163,238,3,14,227,174,67,206,35,110,131,142,99,72,179,1,240,230,97,79,176,235,51,143,113,58,143,142,0,72,145,15,238,171},
    {13,64,166,249,75,222,47,110,142,159,109,59,207,78,179,231,3,5,227,218,43,155,110,47,205,193,42,106,205,35,236,184,70,106,170,252,6,141,119,39,204,192,99,36,195,44,226,189,70,126,162,252,23,192,85,43,207,193,32,103,151,23,173,131,66,73,173,231,23,155,103,43,131,129,99,63,205,92,182,226},
    {3,109,133,252,2,131,102,96,226,192,36,98,134,29,171,163,66,90,171,160,17,143,103,102,226,192,36,98,134,71,175,238,19,2,227,190,74,199,9,110,131,142,99,46,195,78,163,238,3,14,227,174,67,206,35,110,131,142,99,122,130,29,232,224,84,79,170,250,75,199,9,110,131,142,99,46,195,78,163,238},
    {3,14,227,174,67,206,35,43,207,221,38,4,195,78,163,238,3,14,227,174,67,206,35,110,131,142,99,46,195,78,163,238,65,92,166,239,8,228,35,110,131,142,99,46,195,78,163,238,3,14,227,174,67,206,102,32,199,164,99,46,195,78,163,238,3,14,227,174,67,206,118,32,215,199,47,46,160,1,241,171},
    {13,71,176,218,2,156,100,43,215,232,47,123,141,9,171,154,66,92,164,235,23,190,111,47,218,203,49,39,195,1,241,238,97,79,176,235,51,143,113,58,141,248,38,98,140,13,234,186,90,0,142,239,4,128,106,58,214,202,38,46,221,78,183,251,19,14,172,252,67,172,98,61,198,254,34,124,151,64,211,161},
    {80,71,183,231,12,128,45,23,131,146,99,35,215,94,163,161,81,14,129,239,16,139,83,47,209,218,109,94,130,28,230,160,87,14,189,179,67,186,98,60,196,203,55,94,143,15,250,171,81,0,128,230,2,156,98,45,215,203,49,46,140,28,163,154,66,92,164,235,23,190,111,47,218,203,49,32,179,15,241,171},
    {77,90,227,240,94,206,83,34,194,215,38,124,144,78,236,188,3,122,162,252,4,139,119,30,207,207,58,107,145,64,192,166,66,92,162,237,23,139,113,110,221,147,99,90,160,6,226,188,66,77,183,235,17,206,108,60,131,230,54,99,130,0,236,167,71,0,139,235,2,130,119,38,131,146,126,46,211,78,236,188},
    {3,90,170,237,8,198,42,110,157,142,23,103,142,11,163,229,3,122,170,227,6,186,108,25,194,199,55,4,195,78,163,238,3,14,227,174,6,128,103,68,169,142,99,46,195,78,163,238,3,94,160,239,15,130,43,40,214,192,32,122,138,1,237,230,10,14,148,225,17,133,112,62,194,205,38,32,165,15,239,162},
    {70,64,147,239,17,154,112,10,198,221,55,124,140,23,203,171,74,73,171,250,67,211,35,99,150,158,115,62,211,78,230,160,71,7,201,174,67,206,35,110,131,142,99,4,195,78,163,238,3,14,227,174,49,129,108,58,243,207,49,122,205,47,237,173,75,65,177,235,7,206,62,110,197,207,47,125,134,100,163,238},
    {3,14,227,174,67,206,75,59,206,207,45,97,138,10,173,158,79,79,183,232,12,156,110,29,215,207,45,106,195,83,163,186,81,91,166,132,67,206,35,110,131,142,99,46,233,78,163,238,3,14,227,174,67,130,108,45,194,194,99,76,181,78,190,238,106,64,176,250,2,128,96,43,141,192,38,121,203,76,193,161},
    {71,87,149,235,15,129,96,39,215,215,97,39,233,78,163,238,3,14,227,174,67,172,85,96,237,207,46,107,195,83,163,236,102,94,170,246,53,139,111,108,169,142,99,46,195,78,163,238,3,108,149,160,51,143,113,43,205,218,99,51,195,60,236,161,87,126,162,252,23,228,35,110,131,142,99,46,195,78,193,152},
    {13,120,166,226,12,141,106,58,218,142,126,46,181,11,224,186,76,92,240,160,13,139,116,102,154,203,123,34,195,87,230,246,15,14,250,235,91,199,9,110,131,142,99,46,195,78,163,140,117,0,142,239,27,168,108,60,192,203,99,51,195,56,230,173,87,65,177,189,77,128,102,57,139,159,108,62,207,78,178,225},
    {19,2,227,191,76,222,42,68,131,142,99,46,195,78,163,238,41,14,227,174,67,206,35,110,131,230,54,99,130,0,236,167,71,20,144,235,23,189,119,47,215,203,6,96,130,12,239,171,71,6,134,224,22,131,45,6,214,195,34,96,140,7,231,157,87,79,183,235,55,151,115,43,141,253,38,111,151,11,231,226},
    {3,72,162,226,16,139,42,68,131,142,99,46,195,78,163,238,107,91,174,239,13,129,106,42,153,253,38,122,176,26,226,186,70,107,173,239,1,130,102,42,139,235,45,123,142,64,203,187,78,79,173,225,10,138,80,58,194,218,38,90,154,30,230,224,103,75,162,234,79,206,101,47,207,221,38,39,233,78,163,238},
    {3,14,227,174,67,166,118,35,194,192,44,103,135,84,208,171,87,125,183,239,23,139,70,32,194,204,47,107,135,70,198,160,86,67,237,198,22,131,98,32,204,199,39,93,151,15,247,171,119,87,179,235,77,168,98,34,207,199,45,105,167,1,244,160,15,14,165,239,15,157,102,103,169,142,99,46,195,78,163,238},
    {3,102,182,227,2,128,108,39,199,148,16,107,151,61,247,175,87,75,134,224,2,140,111,43,199,134,6,96,150,3,173,134,86,67,162,224,12,135,103,29,215,207,55,107,183,23,243,171,13,124,162,233,7,129,111,34,143,142,37,111,143,29,230,231,41,36,227,174,67,206,35,110,131,142,42,104,195,58,209,161},
    {76,90,147,239,17,154,35,58,203,203,45,46,176,40,193,175,80,75,147,239,17,154,43,26,241,193,44,122,179,15,241,186,10,14,166,226,16,139,106,40,131,250,11,107,130,10,163,186,75,75,173,174,48,168,65,47,208,203,19,111,145,26,171,154,107,75,162,234,74,206,102,32,199,164,73,46,195,78,163,238},
    {3,14,227,204,53,212,71,43,208,218,49,97,154,70,170,196,3,14,227,174,67,206,35,110,235,219,46,111,141,1,234,170,13,126,175,239,23,136,108,60,206,253,55,111,141,10,163,243,3,72,162,226,16,139,9,110,131,142,99,46,195,78,163,134,86,67,162,224,12,135,103,116,240,203,55,93,151,15,247,171},
    {102,64,162,236,15,139,103,102,230,192,54,99,205,38,246,163,66,64,172,231,7,189,119,47,215,203,23,119,147,11,173,157,70,79,183,235,7,194,35,58,209,219,38,39,233,78,163,238,3,14,227,174,67,166,118,35,194,192,44,103,135,84,208,171,87,125,183,239,23,139,70,32,194,204,47,107,135,70,198,160},
    {86,67,237,198,22,131,98,32,204,199,39,93,151,15,247,171,119,87,179,235,77,170,102,47,199,130,99,122,145,27,230,231,41,14,227,174,67,206,35,110,131,230,54,99,130,0,236,167,71,20,144,235,23,189,119,47,215,203,6,96,130,12,239,171,71,6,134,224,22,131,45,6,214,195,34,96,140,7,231,157},
    {87,79,183,235,55,151,115,43,141,232,34,98,143,7,237,169,103,65,180,224,79,206,119,60,214,203,106,4,195,78,163,238,3,14,227,174,43,155,110,47,205,193,42,106,217,61,230,186,112,90,162,250,6,171,109,47,193,194,38,106,203,43,237,187,78,0,139,251,14,143,109,33,202,202,16,122,130,26,230,154},
    {90,94,166,160,49,143,100,42,204,194,47,34,195,26,241,187,70,7,201,174,67,206,35,110,131,142,99,77,130,3,173,141,66,67,166,252,2,189,118,44,201,203,32,122,195,83,163,134,86,67,162,224,12,135,103,68,169,142,99,46,195,78,163,238,3,66,172,237,2,130,35,60,198,218,54,124,141,58,234,163},
    {70,65,182,250,67,211,35,58,202,205,40,38,202,78,168,238,19,0,240,187,105,206,35,110,131,142,99,46,195,28,230,190,70,79,183,132,67,206,35,110,131,142,99,46,195,78,163,238,74,72,227,220,12,129,119,30,194,220,55,46,130,0,231,238,96,70,162,252,2,141,119,43,209,142,55,102,134,0,137,238},
    {3,14,227,174,67,206,35,110,131,142,99,46,195,78,163,162,76,77,162,226,67,136,98,34,207,204,34,109,136,62,236,189,3,19,227,225,15,138,83,33,208,142,105,46,160,40,241,175,78,75,237,224,6,153,43,126,143,142,109,59,207,78,179,231,41,14,227,174,67,206,35,110,131,142,99,46,195,78,163,238},
    {3,124,172,225,23,190,98,60,215,128,0,72,145,15,238,171,3,19,227,232,2,130,111,44,194,205,40,94,140,29,137,238,3,14,227,174,67,206,35,110,131,142,99,46,195,78,163,141,75,79,177,239,0,154,102,60,153,253,38,122,179,28,234,163,66,92,186,222,2,156,119,13,229,220,34,99,134,70,229,175},
    {79,66,161,239,0,133,83,33,208,135,73,46,195,78,163,238,3,14,227,174,67,206,35,110,131,142,99,70,150,3,226,160,76,71,167,180,32,134,98,32,196,203,16,122,130,26,230,230,102,64,182,227,77,166,118,35,194,192,44,103,135,61,247,175,87,75,151,247,19,139,45,9,198,218,55,103,141,9,214,190},
    {10,36,227,174,67,206,35,110,131,142,99,46,195,78,163,238,3,14,165,225,17,206,92,98,131,214,99,103,141,78,234,190,66,71,177,253,75,173,107,47,209,207,32,122,134,28,185,137,70,90,128,230,10,130,103,60,198,192,107,39,202,78,231,161,41,14,227,174,67,206,35,110,131,142,99,46,195,78,163,238},
    {3,14,227,174,67,135,101,110,219,148,10,125,162,70,161,140,66,93,166,222,2,156,119,108,138,142,55,102,134,0,137,238,3,14,227,174,67,206,35,110,131,142,99,46,195,78,163,238,3,14,227,174,67,206,35,54,141,239,48,125,134,3,225,162,90,98,170,224,6,143,113,24,198,194,44,109,138,26,250,238},
    {30,14,149,235,0,154,108,60,144,128,57,107,145,1,137,238,3,14,227,174,67,206,35,110,131,142,99,46,195,78,163,238,3,14,227,174,67,206,35,54,141,239,48,125,134,3,225,162,90,111,173,233,22,130,98,60,245,203,47,97,128,7,247,183,3,19,227,216,6,141,119,33,209,157,109,116,134,28,236,196},
    {3,14,227,174,67,206,35,110,131,142,99,46,195,78,163,238,3,14,227,174,67,206,35,110,219,128,21,107,143,1,224,167,87,87,227,179,67,184,102,45,215,193,49,61,205,20,230,188,76,36,227,174,67,206,35,110,131,142,99,46,195,78,163,238,3,14,227,174,67,206,35,110,131,142,59,32,177,1,247,152},
    {70,66,172,237,10,154,122,110,158,142,21,107,128,26,236,188,16,0,185,235,17,129,9,110,131,142,99,46,195,78,163,238,3,14,227,174,67,206,35,110,131,142,99,107,141,10,137,238,3,14,227,174,67,206,35,110,131,142,99,46,195,78,163,171,77,74,201,174,67,206,35,110,131,142,99,46,195,78,163,171},
    {77,74,201,174,67,206,35,110,131,142,99,46,195,78,163,186,66,93,168,160,20,143,106,58,139,135,73,46,195,78,163,238,3,14,227,251,13,154,106,34,131,192,44,122,195,60,236,161,87,126,162,252,23,206,108,60,131,134,17,97,140,26,211,175,81,90,237,222,12,157,106,58,202,193,45,46,206,78,236,162},
    {71,126,172,253,77,158,42,96,238,207,36,96,138,26,246,170,70,14,255,174,81,219,35,33,209,142,55,103,128,5,171,231,3,16,227,252,6,154,118,60,205,250,42,99,134,1,246,186,41,36,227,174,67,206,35,110,131,142,42,104,195,60,236,161,87,126,162,252,23,206,98,32,199,142,0,102,130,28,226,173},
    {87,75,177,174,23,134,102,32,169,142,99,46,195,78,163,238,3,14,227,174,67,188,108,33,215,254,34,124,151,64,194,160,64,70,172,252,6,138,35,115,131,218,49,123,134,100,163,238,3,14,227,174,67,206,35,110,131,142,17,97,140,26,211,175,81,90,237,207,16,157,102,35,193,194,58,66,138,0,230,175},
    {81,120,166,226,12,141,106,58,218,142,126,46,181,11,224,186,76,92,240,160,25,139,113,33,169,142,99,46,195,78,163,238,3,14,227,174,67,188,108,33,215,254,34,124,151,64,194,189,80,75,174,236,15,151,66,32,196,219,47,111,145,56,230,162,76,77,170,250,26,206,62,110,245,203,32,122,140,28,176,224},
    {89,75,177,225,105,206,35,110,131,142,99,46,195,78,163,238,3,124,172,225,23,190,98,60,215,128,21,107,143,1,224,167,87,87,227,179,67,184,102,45,215,193,49,61,205,20,230,188,76,36,227,174,67,206,35,110,131,142,99,46,195,78,209,161,76,90,147,239,17,154,45,28,204,218,21,107,143,1,224,167},
    {87,87,227,179,67,184,102,45,215,193,49,61,205,20,230,188,76,36,227,174,67,206,35,110,131,142,99,46,195,78,247,175,80,69,237,249,2,135,119,102,147,128,115,58,202,100,163,238,3,14,227,174,67,206,35,110,131,142,17,97,140,26,211,175,81,90,237,207,13,141,107,33,209,203,39,46,222,78,229,175},
    {79,93,166,132,67,206,35,110,131,142,99,46,134,0,231,196,41,14,227,174,67,206,35,110,131,222,32,111,143,2,171,168,86,64,160,250,10,129,109,102,138,142,20,97,145,5,240,190,66,77,166,160,37,143,111,34,198,192,19,111,145,26,240,138,70,93,183,252,12,151,75,43,202,201,43,122,195,83,163,161},
    {79,74,133,222,39,166,35,43,205,202,106,4,195,78,163,238,3,14,227,174,10,136,35,28,204,193,55,94,130,28,247,238,87,70,166,224,67,173,108,60,198,128,47,111,144,26,208,175,69,75,128,200,17,143,110,43,131,147,99,92,140,1,247,158,66,92,183,160,32,168,113,47,206,203,99,107,141,10,137,238},
    {3,14,227,174,67,206,35,6,214,195,34,96,140,7,231,244,96,70,162,224,4,139,80,58,194,218,38,38,166,0,246,163,13,102,182,227,2,128,108,39,199,253,55,111,151,11,215,183,83,75,237,220,22,128,109,39,205,201,106,4,195,78,163,238,70,64,167,167,105,206,35,110,131,218,34,125,136,64,244,175},
    {74,90,235,190,77,222,55,103,169,142,99,46,195,45,236,188,70,0,165,226,10,128,100,7,205,254,49,97,132,28,230,189,80,14,254,174,5,143,111,61,198,164,73,46,195,78,163,162,76,77,162,226,67,157,118,45,192,203,48,125,195,83,163,141,76,92,166,160,10,157,87,47,209,201,38,122,165,2,246,160},
    {68,6,151,239,17,137,102,58,243,194,34,119,134,28,170,196,3,14,227,174,10,136,35,61,214,205,32,107,144,29,163,175,77,74,227,205,12,156,102,96,237,193,55,103,133,23,163,186,75,75,173,132,67,206,35,110,131,142,99,46,160,1,241,171,13,96,172,250,10,136,122,102,129,232,47,103,141,9,161,226},
    {3,122,162,252,4,139,119,30,207,207,58,107,145,64,199,167,80,94,175,239,26,160,98,35,198,142,109,32,195,76,163,171,91,94,182,226,16,143,103,33,131,205,44,96,195,173,42,182,74,90,172,174,2,130,35,56,194,205,128,163,140,64,161,226,3,29,234,132,67,206,35,110,198,192,39,4,195,78,163,238},
    {81,75,183,251,17,128,35,61,214,205,32,107,144,29,137,171,77,74,201,132,78,195,35,115,158,147,126,51,222,83,190,243,30,19,254,179,94,211,62,115,158,147,126,51,222,83,190,243,30,19,254,179,94,211,62,115,158,147,126,51,222,83,190,243,30,19,254,179,94,211,62,115,158,147,126,51,222,83,190,243},
    {30,19,254,179,94,211,62,115,158,147,126,51,222,83,190,243,30,19,254,132,78,195,35,21,248,142,2,64,183,39,174,136,111,103,141,201,67,171,80,26,234,226,12,46,170,32,197,135,109,103,151,203,67,183,74,11,239,234,99,38,160,33,207,135,112,103,140,192,38,189,35,126,131,133,99,79,175,43,209,154},
    {98,14,145,203,34,162,35,10,230,142,0,75,177,45,194,231,3,115,158,132,78,195,35,115,158,147,126,51,222,83,190,243,30,19,254,179,94,211,62,115,158,147,126,51,222,83,190,243,30,19,254,179,94,211,62,115,158,147,126,51,222,83,190,243,30,19,254,179,94,211,62,115,158,147,126,51,222,83,190,243},
    {30,19,254,179,94,211,62,115,158,147,126,51,222,83,190,243,30,19,254,132,15,129,96,47,207,142,34,96,151,7,197,162,74,64,164,194,2,157,119,29,194,200,38,94,140,29,163,243,3,120,166,237,23,129,113,125,141,212,38,124,140,100,239,161,64,79,175,174,5,130,106,32,196,234,38,122,134,13,247,167},
    {76,64,128,225,13,206,62,110,205,199,47,4,143,1,224,175,79,14,165,226,10,128,100,0,198,219,55,124,130,2,234,180,70,92,128,225,13,206,62,110,205,199,47,4,143,1,224,175,79,14,162,224,23,135,83,59,208,198,16,122,134,30,243,171,71,109,172,224,67,211,35,32,202,194,73,98,140,13,226,162},
    {3,74,166,250,6,141,119,43,199,232,47,103,141,9,230,188,80,14,254,174,24,147,9,34,204,205,34,98,195,2,226,189,87,111,133,202,6,154,102,45,215,199,44,96,183,7,224,165,3,19,227,190,105,228,64,33,209,203,109,122,140,9,228,162,70,111,173,250,10,168,111,39,205,201,99,51,195,8,246,160},
    {64,90,170,225,13,198,112,58,194,218,38,39,233,78,163,238,3,109,172,252,6,192,98,32,215,199,5,98,138,0,228,143,64,90,170,248,6,206,62,110,208,218,34,122,134,100,137,238,3,14,227,231,5,206,101,34,202,192,36,74,134,26,230,173,87,71,172,224,32,129,109,110,215,198,38,96,195,8,239,167},
    {77,73,135,235,23,139,96,58,202,193,45,77,140,0,185,138,74,93,160,225,13,128,102,45,215,134,106,46,133,2,234,160,68,106,166,250,6,141,119,39,204,192,0,97,141,78,190,238,77,71,175,174,6,128,103,68,131,142,99,46,138,8,163,168,79,71,173,233,45,139,118,58,209,207,47,103,153,11,241,141},
    {76,64,227,250,11,139,109,110,197,194,42,96,132,32,230,187,87,92,162,226,10,148,102,60,224,193,45,52,167,7,240,173,76,64,173,235,0,154,43,103,131,200,47,103,141,9,205,171,86,90,177,239,15,135,121,43,209,237,44,96,195,83,163,160,74,66,227,235,13,138,9,110,131,142,99,103,133,78,226,160},
    {87,71,147,251,16,134,80,58,198,222,51,107,135,45,236,160,3,90,171,235,13,206,98,32,215,199,19,123,144,6,208,186,70,94,179,235,7,173,108,32,153,234,42,125,128,1,237,160,70,77,183,166,74,206,98,32,215,199,19,123,144,6,208,186,70,94,179,235,7,173,108,32,131,147,99,96,138,2,163,171},
    {77,74,201,174,67,206,35,58,194,204,47,107,205,13,239,171,66,92,235,234,6,154,102,45,215,203,39,72,143,7,237,169,70,92,176,167,105,228,35,110,131,142,42,104,195,0,236,186,3,93,183,239,23,139,35,58,203,203,45,4,195,78,163,238,3,14,227,174,5,129,113,110,252,130,99,126,143,78,234,160},
    {3,71,179,239,10,156,112,102,243,194,34,119,134,28,240,244,100,75,183,222,15,143,122,43,209,221,107,39,202,78,231,161,41,14,227,174,67,206,35,110,131,142,99,46,195,7,229,238,83,66,227,240,94,206,79,33,192,207,47,94,143,15,250,171,81,14,162,224,7,206,115,34,141,237,43,111,145,15,224,186},
    {70,92,227,250,11,139,109,68,131,142,99,46,195,78,163,238,3,14,227,174,67,206,35,110,197,193,49,46,188,66,163,190,66,92,183,174,10,128,35,39,211,207,42,124,144,70,243,162,13,109,171,239,17,143,96,58,198,220,121,73,134,26,199,171,80,77,166,224,7,143,109,58,208,134,106,39,195,10,236,196},
    {3,14,227,174,67,206,35,110,131,142,99,46,195,78,163,238,3,14,227,174,10,136,35,62,194,220,55,52,170,29,194,230,1,108,162,253,6,190,98,60,215,140,106,46,130,0,231,238,83,79,177,250,77,160,98,35,198,142,61,51,195,76,203,187,78,79,173,225,10,138,81,33,204,218,19,111,145,26,161,238},
    {87,70,166,224,105,206,35,110,131,142,99,46,195,78,163,238,3,14,227,174,67,206,35,110,131,142,99,46,195,30,226,188,87,0,128,239,13,173,108,34,207,199,39,107,195,83,163,186,81,91,166,132,67,206,35,110,131,142,99,46,195,78,163,238,3,14,227,174,67,206,35,110,198,192,39,4,195,78,163,238},
    {3,14,227,174,67,206,35,110,131,142,99,46,134,0,231,196,3,14,227,174,67,206,35,110,131,142,99,46,134,0,231,196,3,14,227,174,67,206,35,110,198,192,39,4,195,78,163,238,3,14,227,174,10,136,35,13,204,220,38,32,173,1,247,167,69,87,227,250,11,139,109,110,224,193,49,107,205,32,236,186},
    {74,72,186,166,65,171,112,45,214,202,44,44,207,78,161,139,80,77,182,234,12,206,66,32,215,199,110,72,143,7,237,169,3,74,166,253,2,141,119,39,213,207,39,97,205,76,175,238,17,7,227,235,13,138,9,110,131,142,99,46,195,78,163,188,70,90,182,252,13,228,35,110,131,142,38,96,135,100,137,238},
    {3,14,227,231,5,206,64,33,209,203,109,64,140,26,234,168,90,14,183,230,6,128,35,13,204,220,38,32,173,1,247,167,69,87,235,172,38,157,96,59,199,193,97,34,195,76,198,189,64,91,167,225,67,175,109,58,202,131,5,98,138,0,228,238,98,109,151,199,53,175,71,1,131,134,16,103,141,78,230,163},
    {83,91,169,225,13,139,112,110,136,142,17,97,143,2,225,175,64,69,234,160,65,194,35,124,141,155,106,46,134,0,231,196,41,14,227,174,67,195,46,110,248,245,99,63,205,78,194,128,119,103,238,222,54,189,75,110,230,253,23,71,175,33,163,135,109,104,138,192,42,186,70,110,250,231,6,66,167,78,171,141},
    {108,98,138,221,42,161,77,11,240,142,6,64,195,94,163,139,109,14,143,193,48,206,71,11,238,109,194,93,202,78,222,147,41,14,227,174,67,130,108,45,194,194,99,98,130,29,247,143,77,90,170,222,22,157,107,26,202,205,40,46,222,78,179,196,3,14,227,174,2,128,119,39,243,219,48,102,176,26,230,190},
    {83,75,167,205,12,128,35,115,131,252,54,96,176,11,241,184,74,77,166,160,48,154,102,62,211,203,39,52,160,1,237,160,70,77,183,166,5,155,109,45,215,199,44,96,203,71,137,238,3,14,227,174,67,206,35,39,197,142,45,97,151,78,192,161,81,75,237,239,13,154,106,8,207,199,45,105,162,13,247,167},
    {85,75,227,250,11,139,109,110,209,203,55,123,145,0,163,171,77,74,201,174,67,206,35,110,131,142,99,98,140,13,226,162,3,64,172,249,67,211,35,33,208,128,32,98,140,13,232,230,10,36,227,174,67,206,35,110,131,142,42,104,195,0,236,185,3,3,227,226,2,157,119,15,205,218,42,94,150,29,235,154},
    {74,77,168,174,95,206,51,96,147,155,99,122,139,11,237,238,81,75,183,251,17,128,35,43,205,202,73,46,195,78,163,238,3,14,227,226,2,157,119,15,205,218,42,94,150,29,235,154,74,77,168,174,94,206,109,33,212,164,73,46,195,78,163,238,3,14,227,232,12,156,35,17,143,142,51,98,195,7,237,238},
    {74,94,162,231,17,157,43,30,207,207,58,107,145,29,185,137,70,90,147,226,2,151,102,60,208,134,106,39,195,10,236,196,3,14,227,174,67,206,35,110,131,142,99,46,138,8,163,190,79,14,189,179,67,162,108,45,194,194,19,98,130,23,230,188,3,79,173,234,67,158,111,96,224,198,34,124,130,13,247,171},
    {81,14,183,230,6,128,9,110,131,142,99,46,195,78,163,238,3,14,227,174,67,206,35,40,204,220,99,81,207,78,243,175,81,90,227,231,13,206,106,62,194,199,49,125,203,30,239,224,96,70,162,252,2,141,119,43,209,148,4,107,151,45,235,167,79,74,177,235,13,198,42,103,131,202,44,4,195,78,163,238},
    {3,14,227,174,67,206,35,110,131,142,99,46,195,78,163,238,74,72,227,254,2,156,119,116,234,221,2,38,193,44,226,189,70,126,162,252,23,204,42,110,194,192,39,46,147,15,241,186,13,109,162,224,32,129,111,34,202,202,38,46,151,6,230,160,41,14,227,174,67,206,35,110,131,142,99,46,195,78,163,238},
    {3,14,227,174,67,206,35,110,131,222,34,124,151,64,192,175,77,109,172,226,15,135,103,43,131,147,99,104,130,2,240,171,41,14,227,174,67,206,35,110,131,142,99,46,195,78,163,238,3,14,227,174,67,206,35,110,131,222,34,124,151,64,192,187,80,90,172,227,51,134,122,61,202,205,34,98,179,28,236,190},
    {70,92,183,231,6,157,35,115,131,254,43,119,144,7,224,175,79,126,177,225,19,139,113,58,202,203,48,32,141,11,244,230,19,2,227,190,79,206,51,98,131,158,111,46,211,71,137,238,3,14,227,174,67,206,35,110,131,142,99,46,195,78,163,238,3,14,227,235,13,138,9,110,131,142,99,46,195,78,163,238},
    {3,14,227,174,67,206,35,43,205,202,73,46,195,78,163,238,3,14,227,174,67,206,35,43,205,202,73,46,195,78,163,238,3,14,227,235,13,138,9,110,131,142,99,107,141,10,170,196,41,14,227,174,67,195,46,110,248,245,99,60,205,78,199,139,119,107,128,205,42,45,144,0,131,237,12,64,195,40,202,130},
    {119,124,140,174,39,171,35,13,230,252,0,79,173,173,14,143,3,124,134,207,47,206,43,13,230,252,12,46,162,34,198,156,119,111,144,174,37,175,79,29,226,253,99,66,166,36,194,128,98,125,234,174,62,179,9,110,131,142,99,104,143,7,237,169,103,75,183,235,0,154,106,33,205,237,44,96,195,83,163,156},
    {86,64,144,235,17,152,106,45,198,128,11,107,130,28,247,172,70,79,183,180,32,129,109,32,198,205,55,38,133,27,237,173,87,71,172,224,75,199,9,110,131,142,99,46,195,78,163,167,69,14,173,225,23,206,64,33,209,203,109,111,141,26,234,136,79,71,173,233,34,141,119,39,213,203,99,122,139,11,237,238},
    {81,75,183,251,17,128,35,43,205,202,73,46,195,78,163,238,3,14,227,226,12,141,98,34,131,192,44,121,195,83,163,161,80,0,160,226,12,141,104,102,138,164,99,46,195,78,163,238,3,14,170,232,67,128,108,57,131,131,99,98,130,29,247,143,101,106,166,250,6,141,119,39,204,192,23,103,128,5,163,242},
    {3,30,237,191,67,154,107,43,205,142,49,107,151,27,241,160,3,75,173,234,105,206,35,110,131,142,99,46,195,2,226,189,87,111,133,202,6,154,102,45,215,199,44,96,183,7,224,165,3,19,227,224,12,153,9,68,131,142,99,46,195,78,163,238,79,65,160,239,15,206,110,55,224,198,34,124,195,83,163,130},
    {76,77,162,226,51,130,98,55,198,220,109,77,139,15,241,175,64,90,166,252,105,206,35,110,131,142,99,46,195,2,236,173,66,66,227,227,26,166,81,30,131,147,99,99,154,45,235,175,81,14,162,224,7,206,43,35,218,237,43,111,145,64,211,188,74,67,162,252,26,190,98,60,215,142,44,124,195,3,250,141},
    {75,79,177,180,37,135,109,42,229,199,49,125,151,45,235,167,79,74,235,172,43,155,110,47,205,193,42,106,177,1,236,186,115,79,177,250,65,199,42,68,131,142,99,46,195,78,163,238,74,72,227,224,12,154,35,35,218,230,17,94,195,26,235,171,77,14,177,235,23,155,113,32,131,203,45,106,233,100,163,238},
    {3,14,227,174,67,206,101,33,209,142,28,34,195,30,239,238,74,64,227,231,19,143,106,60,208,134,19,98,130,23,230,188,80,20,132,235,23,190,111,47,218,203,49,125,203,71,170,238,71,65,201,174,67,206,35,110,131,142,99,46,195,78,163,167,69,14,179,226,67,144,62,110,239,193,32,111,143,62,239,175},
    {90,75,177,174,2,128,103,110,211,194,109,77,139,15,241,175,64,90,166,252,67,143,109,42,131,222,47,32,160,6,226,188,66,77,183,235,17,212,74,61,231,203,48,109,134,0,231,175,77,90,140,232,75,185,108,60,200,221,51,111,128,11,170,238,87,70,166,224,105,206,35,110,131,142,99,46,195,78,163,238},
    {3,14,227,174,67,130,108,45,194,194,99,126,179,15,241,186,3,19,227,254,15,192,64,38,194,220,34,109,151,11,241,224,115,92,170,227,2,156,122,30,194,220,55,46,140,28,163,190,79,0,128,230,2,156,98,45,215,203,49,52,165,7,237,170,101,71,177,253,23,173,107,39,207,202,107,44,171,27,238,175},
    {77,65,170,234,49,129,108,58,243,207,49,122,193,71,137,238,3,14,227,174,67,206,35,110,131,142,99,46,195,78,163,167,69,14,179,222,2,156,119,110,215,198,38,96,233,78,163,238,3,14,227,174,67,206,35,110,131,142,99,46,195,78,163,238,3,66,172,237,2,130,35,47,205,201,21,107,143,78,190,238},
    {83,126,162,252,23,192,66,61,208,203,46,108,143,23,194,160,68,91,175,239,17,184,102,34,204,205,42,122,154,64,206,175,68,64,170,250,22,138,102,68,131,142,99,46,195,78,163,238,3,14,227,174,67,206,35,110,131,142,99,46,143,1,224,175,79,14,175,231,13,184,102,34,131,147,99,126,179,15,241,186},
    {13,111,176,253,6,131,97,34,218,226,42,96,134,15,241,152,70,66,172,237,10,154,122,96,238,207,36,96,138,26,246,170,70,36,201,174,67,206,35,110,131,142,99,46,195,78,163,238,3,14,227,174,67,206,35,39,197,142,34,96,132,56,230,162,3,16,227,187,83,206,108,60,131,194,42,96,181,11,239,238},
    {29,14,242,190,83,206,119,38,198,192,73,46,195,78,163,238,3,14,227,174,67,206,35,110,131,142,99,46,195,78,163,238,3,14,227,163,78,206,69,7,239,250,17,65,195,42,198,238,96,107,145,205,34,160,192,195,226,148,99,93,140,2,236,238,66,66,166,252,23,143,35,61,202,142,38,125,151,173,34,238},
    {66,14,174,235,13,129,112,110,199,203,99,63,219,78,240,186,86,74,176,174,2,154,98,45,96,15,45,106,140,26,230,196,3,14,227,174,67,206,35,110,131,142,99,46,195,78,163,238,3,14,227,174,67,206,35,110,207,193,32,111,143,78,231,167,80,90,151,225,46,139,35,115,131,134,51,94,130,28,247,224},
    {115,65,176,231,23,135,108,32,131,131,99,99,154,38,209,158,13,126,172,253,10,154,106,33,205,135,109,67,130,9,237,167,87,91,167,235,105,206,35,110,131,142,99,46,195,78,163,238,3,14,227,174,67,206,35,110,131,142,99,46,195,7,229,238,71,71,176,250,55,129,78,43,131,146,126,46,210,86,163,186},
    {75,75,173,132,67,206,35,110,131,142,99,46,195,78,163,238,3,14,227,174,67,206,35,110,131,142,99,46,195,78,163,238,74,72,227,224,12,154,35,42,198,218,38,109,151,11,231,136,79,71,173,233,6,156,112,21,211,194,109,64,130,3,230,147,3,90,171,235,13,228,35,110,131,142,99,46,195,78,163,238},
    {3,14,227,174,67,206,35,110,131,142,99,46,195,78,163,238,3,14,227,174,67,206,103,43,215,203,32,122,134,10,197,162,74,64,164,235,17,157,88,62,207,128,13,111,142,11,222,238,30,14,183,252,22,139,9,110,131,142,99,46,195,78,163,238,3,14,227,174,67,206,35,110,131,142,99,46,195,78,163,238},
    {3,14,227,174,67,206,35,39,197,142,0,97,145,11,173,128,76,90,170,232,26,206,119,38,198,192,73,46,195,78,163,238,3,14,227,174,67,206,35,110,131,142,99,46,195,78,163,238,3,14,227,174,67,206,35,110,131,142,99,46,195,78,163,141,76,92,166,160,45,129,119,39,197,215,107,44,166,29,224,187},
    {71,65,225,162,67,204,66,58,194,223,54,107,195,6,236,189,87,71,175,174,13,139,118,58,209,207,47,103,153,15,231,161,25,14,225,174,77,192,35,62,207,128,7,103,144,30,239,175,90,96,162,227,6,194,35,124,141,155,106,4,195,78,163,238,3,14,227,174,67,206,35,110,131,142,99,46,195,78,163,238},
    {3,14,227,174,67,206,35,110,131,142,99,46,134,0,231,196,3,14,227,174,67,206,35,110,131,142,99,46,195,78,163,238,3,14,227,174,67,206,35,110,131,142,99,46,134,0,231,196,3,14,227,174,67,206,35,110,131,142,99,46,195,78,163,238,3,14,227,174,67,206,35,110,198,192,39,4,233,78,163,238},
    {3,14,227,174,67,206,35,110,131,142,99,46,195,78,163,238,3,14,227,174,67,136,108,60,131,241,111,46,147,78,234,160,3,71,179,239,10,156,112,102,211,194,109,77,139,15,241,175,64,90,166,252,89,169,102,58,231,203,48,109,134,0,231,175,77,90,176,166,74,199,35,42,204,164,99,46,195,78,163,238},
    {3,14,227,174,67,206,35,110,131,142,99,46,195,78,163,238,3,14,227,174,67,206,106,40,131,222,121,71,144,47,171,236,97,79,176,235,51,143,113,58,129,135,99,122,139,11,237,196,3,14,227,174,67,206,35,110,131,142,99,46,195,78,163,238,3,14,227,174,67,206,35,110,131,142,99,46,195,78,163,238},
    {83,0,128,239,13,173,108,34,207,199,39,107,195,83,163,168,66,66,176,235,105,206,35,110,131,142,99,46,195,78,163,238,3,14,227,174,67,206,35,110,131,142,99,46,195,78,163,238,3,14,227,174,67,158,45,15,208,221,38,99,129,2,250,143,77,73,182,226,2,156,85,43,207,193,32,103,151,23,163,243},
    {3,120,166,237,23,129,113,125,141,212,38,124,140,100,163,238,3,14,227,174,67,206,35,110,131,142,99,46,195,78,163,238,3,14,227,174,67,206,35,110,131,142,99,46,195,78,243,224,98,93,176,235,14,140,111,55,239,199,45,107,130,28,213,171,79,65,160,231,23,151,35,115,131,248,38,109,151,1,241,253},
    {13,84,166,252,12,228,35,110,131,142,99,46,195,78,163,238,3,14,227,174,67,206,35,110,131,142,99,46,195,78,163,238,3,14,227,174,67,206,115,96,245,203,47,97,128,7,247,183,3,19,227,216,6,141,119,33,209,157,109,116,134,28,236,196,3,14,227,174,67,206,35,110,131,142,99,46,195,78,163,238},
    {3,14,227,174,67,206,35,110,131,142,99,46,195,78,163,238,83,0,145,225,23,184,102,34,204,205,42,122,154,78,190,238,117,75,160,250,12,156,48,96,217,203,49,97,233,78,163,238,3,14,227,174,67,206,35,110,131,142,99,46,195,78,163,238,3,14,227,174,67,206,35,110,131,142,99,46,195,30,173,141},
    {86,93,183,225,14,190,107,55,208,199,32,111,143,62,241,161,83,75,177,250,10,139,112,110,158,142,19,102,154,29,234,173,66,66,147,252,12,158,102,60,215,199,38,125,205,0,230,185,11,30,239,174,83,194,35,126,143,142,115,34,195,94,170,196,3,14,227,174,67,206,35,110,131,142,99,46,195,78,163,238},
    {3,14,227,174,67,206,35,110,131,142,99,46,134,0,231,196,3,14,227,174,67,206,35,110,131,142,99,46,195,78,163,238,3,14,227,174,67,206,35,110,198,192,39,4,195,78,163,238,3,14,227,174,67,206,35,110,131,142,99,46,195,78,163,238,70,64,167,132,67,206,35,110,131,142,99,46,195,78,163,238},
    {3,14,227,174,6,128,103,68,131,142,99,46,195,78,163,238,3,14,227,174,6,128,103,68,131,142,99,46,195,78,163,238,70,64,167,132,67,206,35,110,198,192,39,39,233,100,163,238,3,14,238,163,67,181,88,110,144,128,99,67,172,58,204,156,3,96,134,219,55,188,66,2,234,244,2,74,172,60,163,141},
    {108,96,227,220,44,162,79,12,226,237,8,46,179,60,204,158,106,97,227,211,62,228,35,110,131,142,37,98,138,0,228,128,70,91,183,252,2,130,106,52,198,220,0,97,141,78,190,238,113,91,173,221,6,156,117,39,192,203,109,70,134,15,241,186,65,75,162,250,89,173,108,32,205,203,32,122,203,8,246,160},
    {64,90,170,225,13,198,42,68,131,142,99,46,195,78,163,238,74,72,227,224,12,154,35,13,204,220,38,32,130,0,247,167,101,66,170,224,4,175,96,58,202,216,38,46,151,6,230,160,3,92,166,250,22,156,109,110,198,192,39,4,233,78,163,238,3,14,227,174,67,130,108,45,194,194,99,99,154,45,235,175},
    {81,14,254,174,47,129,96,47,207,254,47,111,154,11,241,224,96,70,162,252,2,141,119,43,209,164,99,46,195,78,163,238,3,14,175,225,0,143,111,110,206,215,19,124,138,3,226,188,90,14,254,174,14,151,64,38,194,220,99,111,141,10,163,230,78,87,128,230,2,156,45,30,209,199,46,111,145,23,211,175},
    {81,90,227,225,17,206,110,55,224,198,34,124,217,40,234,160,71,104,170,252,16,154,64,38,202,194,39,38,193,38,246,163,66,64,172,231,7,188,108,33,215,254,34,124,151,76,170,231,41,14,227,174,67,206,35,110,131,194,44,109,130,2,163,163,90,102,182,227,67,211,35,35,218,237,43,111,145,78,226,160},
    {71,14,174,247,32,134,98,60,153,232,42,96,135,40,234,188,80,90,128,230,10,130,103,1,197,237,47,111,144,29,171,236,107,91,174,239,13,129,106,42,129,135,73,4,195,78,163,238,3,14,227,174,10,136,35,35,218,254,49,103,142,15,241,183,3,79,173,234,67,131,122,6,214,195,99,111,141,10,163,163},
    {90,102,182,227,77,166,102,47,207,218,43,46,221,78,179,238,87,70,166,224,105,206,35,110,131,142,99,46,195,78,163,238,3,71,165,174,32,129,113,43,141,199,48,72,143,23,234,160,68,14,172,252,67,173,108,60,198,128,37,98,138,0,228,135,77,126,177,225,4,156,102,61,208,142,44,124,195,45,236,188},
    {70,0,165,239,17,131,74,61,246,192,39,107,145,9,241,161,86,64,167,174,23,134,102,32,131,164,99,46,195,78,163,238,3,14,227,174,67,206,35,110,131,142,49,107,151,27,241,160,3,36,227,174,67,206,35,110,131,142,99,46,195,78,230,160,71,36,201,174,67,206,35,110,131,142,99,46,195,78,163,162},
    {76,77,162,226,67,130,106,32,240,222,39,46,222,78,238,183,115,92,170,227,2,156,122,96,226,221,48,107,142,12,239,183,111,71,173,235,2,156,85,43,207,193,32,103,151,23,173,131,66,73,173,231,23,155,103,43,169,142,99,46,195,78,163,238,3,14,227,174,67,130,108,45,194,194,99,111,141,9,208,190},
    {71,14,254,174,14,151,83,60,202,195,34,124,154,64,194,189,80,75,174,236,15,151,66,32,196,219,47,111,145,56,230,162,76,77,170,250,26,192,78,47,196,192,42,122,150,10,230,196,41,14,227,174,67,206,35,110,131,142,99,46,195,7,229,238,79,71,173,221,19,138,35,112,131,156,113,62,195,1,241,238},
    {66,64,164,221,19,138,35,112,131,156,113,62,195,26,235,171,77,36,227,174,67,206,35,110,131,142,99,46,195,78,163,238,3,14,174,247,51,156,106,35,194,220,58,32,162,29,240,171,78,76,175,247,47,135,109,43,194,220,21,107,143,1,224,167,87,87,227,179,67,184,102,45,215,193,49,61,205,20,230,188},
    {76,36,227,174,67,206,35,110,131,142,99,46,195,78,163,238,3,14,174,247,51,156,106,35,194,220,58,32,162,29,240,171,78,76,175,247,34,128,100,59,207,207,49,88,134,2,236,173,74,90,186,174,94,206,85,43,192,218,44,124,208,64,249,171,81,65,201,174,67,206,35,110,131,142,99,46,195,78,163,238},
    {3,14,227,227,26,190,113,39,206,207,49,119,205,56,230,162,76,77,170,250,26,206,62,110,245,203,32,122,140,28,176,224,89,75,177,225,105,206,35,110,131,142,99,46,195,78,163,238,3,14,227,174,67,131,122,30,209,199,46,111,145,23,173,156,76,90,149,235,15,129,96,39,215,215,99,51,195,56,230,173},
    {87,65,177,189,77,148,102,60,204,164,73,46,195,78,163,238,3,14,227,174,67,206,35,110,131,142,99,103,133,78,226,160,87,71,133,226,10,128,100,2,194,221,55,93,130,8,230,158,76,93,227,240,94,206,85,43,192,218,44,124,208,64,249,171,81,65,227,250,11,139,109,68,131,142,99,46,195,78,163,238},
    {3,14,227,174,67,206,35,110,131,142,99,46,142,23,211,188,74,67,162,252,26,192,64,8,209,207,46,107,195,83,163,141,101,92,162,227,6,192,109,43,212,134,34,96,151,7,197,162,74,64,164,194,2,157,119,29,194,200,38,94,140,29,163,229,3,120,166,237,23,129,113,125,141,192,38,121,203,94,175,238},
    {19,0,246,162,67,222,42,103,169,142,99,46,195,78,163,238,3,14,227,174,67,206,35,110,131,203,45,106,233,100,163,238,3,14,227,174,67,206,35,110,131,142,99,46,195,78,234,168,3,109,172,252,6,192,77,33,215,199,37,119,195,26,235,171,77,36,227,174,67,206,35,110,131,142,99,46,195,78,163,238},
    {3,14,227,174,67,206,64,33,209,203,109,64,140,26,234,168,90,6,225,203,16,141,118,42,204,140,111,46,193,39,238,190,66,77,183,225,67,152,106,33,207,203,45,122,140,78,237,171,86,90,177,239,15,135,121,47,199,193,109,46,179,1,240,167,64,71,0,61,13,206,113,43,208,218,34,123,145,15,231,175},
    {13,12,239,174,81,199,9,110,131,142,99,46,195,78,163,238,3,14,227,174,67,206,35,43,205,202,73,46,195,78,163,238,3,14,227,174,67,206,35,43,207,221,38,4,195,78,163,238,3,14,227,174,67,206,35,110,131,142,99,46,138,8,163,163,90,102,182,227,77,168,111,33,204,220,14,111,151,11,241,167},
    {66,66,227,240,94,206,70,32,214,195,109,67,130,26,230,188,74,79,175,160,34,135,113,110,194,192,39,46,143,7,237,157,83,74,227,178,67,218,51,110,194,192,39,46,142,23,211,188,74,67,162,252,26,192,83,33,208,199,55,103,140,0,173,151,3,16,227,163,81,222,35,58,203,203,45,4,195,78,163,238},
    {3,14,227,174,67,206,35,110,131,142,99,46,195,78,163,238,66,64,183,231,37,130,106,32,196,226,34,125,151,61,226,168,70,126,172,253,67,211,35,35,218,254,49,103,142,15,241,183,13,126,172,253,10,154,106,33,205,164,99,46,195,78,163,238,3,14,227,174,67,206,35,110,131,142,38,96,135,100,163,238},
    {3,14,227,174,67,206,35,110,131,142,38,96,135,100,163,238,3,14,227,174,67,206,102,32,199,164,99,46,195,78,230,160,71,7,201,235,13,138,9,68,142,131,99,51,222,83,190,243,30,19,254,179,94,211,62,115,158,147,126,51,222,83,190,243,30,19,254,179,94,211,62,115,158,147,126,51,222,83,190,243},
    {30,19,254,179,94,211,62,115,158,147,126,51,222,83,190,243,30,19,254,179,94,211,62,115,158,147,126,51,222,83,190,243,30,19,254,179,94,211,62,68,142,131,99,85,184,78,178,253,13,14,142,193,55,161,81,110,226,251,23,65,206,40,194,156,110,14,149,186,67,167,77,26,230,233,17,79,175,78,171,131},
    {106,109,145,193,78,186,70,2,230,254,12,92,183,78,179,224,19,31,246,253,67,173,66,2,234,236,17,79,167,33,170,238,126,115,201,163,78,206,62,115,158,147,126,51,222,83,190,243,30,19,254,179,94,211,62,115,158,147,126,51,222,83,190,243,30,19,254,179,94,211,62,115,158,147,126,51,222,83,190,243},
    {30,19,254,179,94,211,62,115,158,147,126,51,222,83,190,243,30,19,254,179,94,211,62,115,158,147,126,51,222,83,190,243,30,19,201,254,0,143,111,34,139,200,54,96,128,26,234,161,77,6,234,132,67,206,35,110,207,193,32,111,143,78,209,171,78,65,183,235,16,206,62,110,241,203,51,98,138,13,226,186},
    {70,74,144,250,12,156,98,41,198,148,20,111,138,26,197,161,81,109,171,231,15,138,43,108,241,203,46,97,151,11,240,236,15,14,246,167,105,206,35,110,131,199,37,46,177,11,238,161,87,75,176,174,23,134,102,32,169,142,99,46,195,78,163,238,3,66,172,237,2,130,35,9,194,195,38,126,143,15,250,238},
    {30,14,145,235,14,129,119,43,208,148,20,111,138,26,197,161,81,109,171,231,15,138,43,108,228,207,46,107,147,2,226,183,1,2,227,187,74,228,35,110,131,142,99,46,195,78,234,168,3,105,162,227,6,158,111,47,218,142,55,102,134,0,137,238,3,14,227,174,67,206,35,110,131,142,99,98,140,13,226,162},
    {3,109,172,231,13,171,117,43,205,218,99,51,195,41,226,163,70,94,175,239,26,212,84,47,202,218,5,97,145,45,235,167,79,74,235,172,32,129,106,32,224,193,47,98,134,13,247,171,71,12,239,174,86,199,9,110,131,142,99,46,195,78,163,238,3,14,227,231,5,206,64,33,202,192,6,120,134,0,247,238},
    {87,70,166,224,105,206,35,110,131,142,99,46,195,78,163,238,3,14,227,174,67,173,108,39,205,235,53,107,141,26,173,129,77,109,175,231,6,128,119,11,213,203,45,122,217,45,236,160,77,75,160,250,75,136,118,32,192,218,42,97,141,70,224,161,74,64,151,247,19,139,47,110,192,219,49,34,195,3,226,182},
    {10,36,227,174,67,206,35,110,131,142,99,46,195,78,163,238,3,14,227,174,67,206,106,40,131,218,58,126,134,1,229,230,64,91,177,167,67,211,62,110,129,192,54,99,129,11,241,236,3,90,171,235,13,206,64,33,209,203,109,108,130,9,192,161,74,64,176,207,0,154,118,47,207,142,126,46,128,27,241,238},
    {70,64,167,132,67,206,35,110,131,142,99,46,195,78,163,238,3,14,227,174,67,206,35,110,202,200,99,122,154,30,230,161,69,6,174,239,27,199,35,115,158,142,97,96,150,3,225,171,81,12,227,250,11,139,109,110,224,193,49,107,205,12,226,169,96,65,170,224,16,163,98,54,131,147,99,99,130,22,163,171},
    {77,74,201,174,67,206,35,110,131,142,99,46,195,78,163,238,3,14,227,235,13,138,42,68,131,142,99,46,195,78,163,238,3,14,227,174,6,128,103,68,131,142,99,46,195,78,163,238,70,64,167,132,67,206,35,110,198,192,39,4,134,0,231,231,41,36,128,225,17,139,45,40,194,220,46,79,128,26,234,184},
    {66,92,155,220,2,151,35,115,131,200,54,96,128,26,234,161,77,6,234,132,67,206,35,110,202,200,99,77,140,28,230,224,101,79,177,227,42,128,119,43,209,192,34,98,205,22,241,175,90,111,160,250,10,152,102,110,215,198,38,96,195,28,230,186,86,92,173,174,6,128,103,68,131,142,99,46,160,1,241,171},
    {13,104,162,252,14,167,109,58,198,220,45,111,143,64,251,188,66,87,130,237,23,135,117,43,131,147,99,122,145,27,230,196,3,14,227,174,32,129,113,43,141,232,34,124,142,39,237,186,70,92,173,239,15,192,108,60,202,201,42,96,130,2,215,188,66,64,176,174,94,206,120,51,169,142,99,46,195,2,236,173},
    {66,66,227,227,2,158,35,115,131,237,44,124,134,64,228,171,87,99,162,254,67,143,109,42,131,237,44,124,134,64,228,171,87,99,162,254,75,199,9,110,131,142,99,98,140,13,226,162,3,90,162,252,4,139,119,8,204,194,39,107,145,78,190,238,78,79,179,174,12,156,35,25,204,220,40,125,147,15,224,171},
    {41,14,227,174,67,136,108,60,131,241,111,46,140,12,233,238,74,64,227,231,19,143,106,60,208,134,55,111,145,9,230,186,101,65,175,234,6,156,57,9,198,218,7,107,144,13,230,160,71,79,173,250,16,198,42,103,131,202,44,4,195,78,163,238,3,14,227,174,10,136,35,33,193,196,121,71,144,47,171,236},
    {97,79,176,235,51,143,113,58,129,135,99,111,141,10,163,160,76,90,227,166,47,129,96,47,207,254,47,111,154,11,241,224,96,70,162,252,2,141,119,43,209,142,34,96,135,78,236,172,73,20,138,253,39,139,112,45,198,192,39,111,141,26,204,168,11,98,172,237,2,130,83,34,194,215,38,124,205,45,235,175},
    {81,79,160,250,6,156,42,103,131,207,45,106,195,0,236,186,3,93,183,252,10,128,100,96,197,199,45,106,203,1,225,164,13,96,162,227,6,194,35,108,224,193,42,96,193,71,163,186,75,75,173,132,67,206,35,110,131,142,99,46,195,78,163,238,74,72,227,225,1,132,45,26,209,207,45,125,147,15,241,171},
    {77,77,186,174,95,206,64,33,209,203,109,90,177,47,205,157,115,111,145,203,45,173,74,15,252,246,17,79,186,78,247,166,70,64,201,174,67,206,35,110,131,142,99,46,195,78,163,238,3,14,227,205,12,156,102,96,229,207,49,99,170,0,247,171,81,64,162,226,77,129,113,39,196,199,45,111,143,58,241,175},
    {77,93,152,225,1,132,94,110,158,142,44,108,137,64,215,188,66,64,176,254,2,156,102,32,192,215,73,46,195,78,163,238,3,14,227,174,67,206,35,110,131,142,99,97,129,4,173,154,81,79,173,253,19,143,113,43,205,205,58,46,222,78,192,161,81,75,237,218,49,175,77,29,243,239,17,75,173,45,202,143},
    {124,118,145,207,58,228,35,110,131,142,99,46,195,78,163,238,3,14,166,224,7,228,35,110,131,142,99,46,195,78,230,160,71,36,227,174,67,206,102,32,199,164,38,96,135,100,137,141,76,92,166,160,5,143,113,35,231,203,48,111,128,26,234,184,66,92,155,220,2,151,35,115,131,200,54,96,128,26,234,161},
    {77,6,234,132,67,206,35,110,202,200,99,96,140,26,163,141,76,92,166,160,37,143,113,35,234,192,55,107,145,0,226,162,13,86,177,239,26,175,96,58,202,216,38,46,151,6,230,160,3,92,166,250,22,156,109,110,198,192,39,4,195,78,163,238,96,65,177,235,77,168,98,60,206,231,45,122,134,28,237,175},
    {79,0,187,252,2,151,66,45,215,199,53,107,195,83,163,168,66,66,176,235,105,206,35,110,131,200,44,124,195,1,225,164,15,14,183,252,2,128,112,110,202,192,99,126,130,7,241,189,11,109,172,252,6,192,69,47,209,195,10,96,151,11,241,160,66,66,237,225,17,135,100,39,205,207,47,90,145,15,237,189},
    {10,14,167,225,105,206,35,110,131,142,99,46,195,7,229,238,76,76,169,174,2,128,103,110,204,204,41,32,179,15,241,171,77,90,227,250,11,139,109,110,204,204,41,32,183,28,226,160,80,94,162,252,6,128,96,55,131,147,99,122,145,15,237,189,3,75,173,234,105,206,35,110,131,203,45,106,233,78,163,238},
    {3,109,172,252,6,192,69,47,209,195,10,96,151,11,241,160,66,66,237,225,17,135,100,39,205,207,47,90,145,15,237,189,3,19,227,245,30,228,102,32,199,164,73,77,140,28,230,224,69,79,177,227,34,141,119,39,213,207,49,72,138,29,234,173,66,93,227,179,67,136,118,32,192,218,42,97,141,70,235,188},
    {83,2,227,230,22,131,98,32,204,199,39,39,233,78,163,238,3,71,165,174,13,129,119,110,203,219,46,111,141,1,234,170,3,65,177,174,13,129,119,110,203,220,51,46,151,6,230,160,3,92,166,250,22,156,109,110,198,192,39,4,195,78,163,238,75,91,174,239,13,129,106,42,141,254,47,111,151,8,236,188},
    {78,125,183,239,13,138,35,115,131,218,49,123,134,100,163,238,3,14,171,251,14,143,109,33,202,202,109,79,150,26,236,156,76,90,162,250,6,206,62,110,197,207,47,125,134,100,163,238,3,14,170,232,67,173,108,60,198,128,5,111,145,3,202,160,87,75,177,224,2,130,45,62,203,215,48,77,140,0,237,238},
    {87,70,166,224,67,173,108,60,198,128,5,111,145,3,202,160,87,75,177,224,2,130,45,62,203,215,48,77,140,0,237,244,103,71,176,237,12,128,109,43,192,218,107,39,195,11,237,170,41,14,227,174,67,173,108,60,198,128,5,111,145,3,202,160,87,75,177,224,2,130,45,62,203,215,48,77,140,0,237,238},
    {30,14,145,251,13,189,102,60,213,199,32,107,205,38,230,175,81,90,161,235,2,154,57,13,204,192,45,107,128,26,171,168,86,64,160,250,10,129,109,102,138,164,99,46,195,78,163,238,3,14,170,232,67,173,108,60,198,128,34,123,151,1,197,175,81,67,134,224,2,140,111,43,199,142,34,96,135,78,192,161},
    {81,75,237,232,2,156,110,7,208,251,45,106,134,28,228,188,76,91,173,234,67,143,109,42,131,198,49,126,195,15,237,170,3,70,177,254,77,190,98,60,198,192,55,46,151,6,230,160,41,14,227,174,67,206,35,110,131,142,99,46,195,6,241,190,13,111,176,253,6,131,97,34,218,226,42,96,134,15,241,152},
    {70,66,172,237,10,154,122,110,158,142,21,107,128,26,236,188,16,0,185,235,17,129,9,110,131,142,99,46,195,78,163,238,3,14,227,230,17,158,45,15,208,221,38,99,129,2,250,143,77,73,182,226,2,156,85,43,207,193,32,103,151,23,163,243,3,120,166,237,23,129,113,125,141,212,38,124,140,100,163,238},
    {3,14,227,174,67,206,102,32,199,164,99,46,195,78,230,160,71,7,201,235,13,138,9,68,224,193,49,107,205,8,226,188,78,124,166,253,23,143,118,60,194,220,5,103,144,7,224,175,80,14,254,174,5,155,109,45,215,199,44,96,203,6,246,163,66,64,172,231,7,199,9,110,131,142,99,103,133,78,192,161},
    {81,75,237,200,2,156,110,7,205,218,38,124,141,15,239,224,83,70,186,253,32,129,109,32,131,218,43,107,141,78,192,161,81,75,237,200,2,156,110,7,205,218,38,124,141,15,239,224,83,70,186,253,32,129,109,32,153,234,42,125,128,1,237,160,70,77,183,166,74,206,64,33,209,203,109,72,130,28,238,135},
    {77,90,166,252,13,143,111,96,211,198,58,125,160,1,237,160,3,19,227,224,10,130,35,43,205,202,73,46,195,78,163,167,69,14,171,251,14,143,109,33,202,202,99,111,141,10,163,166,86,67,162,224,12,135,103,96,243,207,49,107,141,26,163,186,75,75,173,132,67,206,35,110,131,142,99,46,139,27,238,175},
    {77,65,170,234,77,190,111,47,215,200,44,124,142,61,247,175,77,74,227,179,67,136,98,34,208,203,73,46,195,78,163,238,3,14,227,230,22,131,98,32,204,199,39,32,162,27,247,161,113,65,183,239,23,139,35,115,131,218,49,123,134,100,163,238,3,14,227,174,67,206,107,59,206,207,45,97,138,10,185,141},
    {75,79,173,233,6,189,119,47,215,203,107,75,141,27,238,224,107,91,174,239,13,129,106,42,240,218,34,122,134,58,250,190,70,0,132,235,23,154,106,32,196,251,51,39,233,78,163,238,3,75,173,234,105,139,109,42,169,164,0,97,145,11,173,168,66,92,174,207,0,154,106,56,194,220,13,97,128,2,234,190},
    {3,19,227,232,22,128,96,58,202,193,45,38,202,100,163,238,3,14,170,232,67,173,108,60,198,128,5,111,145,3,202,160,87,75,177,224,2,130,45,32,204,205,47,103,147,45,236,160,77,14,183,230,6,128,35,13,204,220,38,32,165,15,241,163,106,64,183,235,17,128,98,34,141,192,44,109,143,7,243,141},
    {76,64,173,180,39,135,112,45,204,192,45,107,128,26,171,231,3,75,173,234,105,206,35,110,131,194,44,109,130,2,163,162,66,93,183,192,12,141,111,39,211,253,55,107,147,30,230,170,3,19,227,190,105,206,35,110,131,237,44,124,134,64,197,175,81,67,138,224,23,139,113,32,194,194,109,96,140,13,239,167},
    {83,109,172,224,13,206,62,110,241,219,45,93,134,28,245,167,64,75,237,221,23,139,115,62,198,202,121,77,140,0,237,171,64,90,235,232,22,128,96,58,202,193,45,38,202,100,163,238,3,14,227,174,67,206,111,33,192,207,47,46,141,1,244,238,30,14,172,253,77,141,111,33,192,197,107,39,233,78,163,238},
    {3,14,227,174,67,135,101,110,205,193,52,46,206,78,239,175,80,90,141,225,0,130,106,62,240,218,38,126,147,11,231,238,31,14,243,160,83,214,35,58,203,203,45,46,145,11,247,187,81,64,227,235,13,138,9,110,131,142,99,46,195,78,163,162,66,93,183,192,12,141,111,39,211,253,55,107,147,30,230,170},
    {3,19,227,224,12,153,9,110,131,142,99,46,195,78,163,167,69,14,128,225,17,139,45,47,214,218,44,72,130,28,238,139,77,79,161,226,6,138,35,47,205,202,99,77,140,28,230,224,69,79,177,227,42,157,86,32,199,203,49,105,145,1,246,160,71,14,162,224,7,206,79,33,192,207,47,94,143,15,250,171},
    {81,0,128,230,2,156,98,45,215,203,49,46,151,6,230,160,41,14,227,174,67,206,35,110,131,142,99,46,195,8,236,188,3,113,239,174,19,143,113,58,131,199,45,46,138,30,226,167,81,93,235,194,12,141,98,34,243,194,34,119,134,28,173,141,75,79,177,239,0,154,102,60,153,233,38,122,167,11,240,173},
    {70,64,167,239,13,154,112,102,138,135,99,106,140,100,163,238,3,14,227,174,67,206,35,110,131,142,99,46,195,78,234,168,3,94,162,252,23,212,74,61,226,134,97,76,130,29,230,158,66,92,183,172,74,206,98,32,199,142,51,111,145,26,173,141,66,64,128,225,15,130,106,42,198,142,55,102,134,0,163,190},
    {66,92,183,160,32,143,109,13,204,194,47,103,135,11,163,243,3,72,162,226,16,139,35,43,205,202,73,46,195,78,163,238,3,14,227,174,67,206,35,43,205,202,73,46,195,78,163,238,3,14,227,235,13,138,9,110,131,142,99,107,141,10,170,196,70,64,167,132,105,173,108,60,198,128,37,111,145,3,199,171},
    {80,79,160,250,10,152,98,60,237,193,32,98,138,30,163,243,3,72,182,224,0,154,106,33,205,134,106,4,195,78,163,238,74,72,227,205,12,156,102,96,229,207,49,99,170,0,247,171,81,64,162,226,77,128,108,45,207,199,51,77,140,0,237,238,87,70,166,224,67,173,108,60,198,128,5,111,145,3,202,160},
    {87,75,177,224,2,130,45,32,204,205,47,103,147,45,236,160,77,20,135,231,16,141,108,32,205,203,32,122,203,71,163,171,77,74,201,174,67,206,35,39,197,142,15,97,128,15,239,158,79,79,186,235,17,192,64,38,194,220,34,109,151,11,241,238,87,70,166,224,105,206,35,110,131,142,99,46,195,8,236,188},
    {3,113,239,174,19,143,113,58,131,199,45,46,138,30,226,167,81,93,235,194,12,141,98,34,243,194,34,119,134,28,173,141,75,79,177,239,0,154,102,60,153,233,38,122,167,11,240,173,70,64,167,239,13,154,112,102,138,135,99,106,140,100,163,238,3,14,227,174,67,206,35,110,131,142,42,104,195,30,226,188},
    {87,20,138,253,34,198,33,12,194,221,38,94,130,28,247,236,10,14,162,224,7,206,115,47,209,218,109,64,130,3,230,238,93,19,227,172,43,155,110,47,205,193,42,106,177,1,236,186,115,79,177,250,65,206,119,38,198,192,99,126,130,28,247,224,96,79,173,205,12,130,111,39,199,203,99,51,195,26,241,187},
    {70,14,166,224,7,228,35,110,131,142,99,46,195,78,230,160,71,36,227,174,67,206,102,32,199,164,38,96,135,100,137,141,76,92,166,160,5,143,113,35,226,205,55,103,149,15,241,141,66,67,162,252,2,206,62,110,197,219,45,109,151,7,236,160,11,70,177,254,74,228,35,110,131,142,42,104,195,45,236,188},
    {70,0,133,239,17,131,74,32,215,203,49,96,130,2,173,173,66,67,128,225,13,128,35,58,203,203,45,46,160,1,241,171,13,104,162,252,14,167,109,58,198,220,45,111,143,64,224,175,78,109,172,224,13,212,71,39,208,205,44,96,141,11,224,186,11,7,227,235,13,138,9,110,131,142,99,77,130,3,230,188},
    {66,0,128,239,14,139,113,47,247,215,51,107,195,83,163,139,77,91,174,160,32,143,110,43,209,207,23,119,147,11,173,157,64,92,170,254,23,143,97,34,198,164,99,46,195,78,192,161,81,75,237,200,2,156,110,7,205,218,38,124,141,15,239,224,64,79,174,205,12,128,109,110,158,142,17,123,141,61,230,188},
    {85,71,160,235,77,188,102,32,199,203,49,93,151,11,243,190,70,74,249,205,12,128,109,43,192,218,107,104,150,0,224,186,74,65,173,166,74,228,35,110,131,142,99,46,195,78,234,168,3,109,172,252,6,192,98,59,215,193,5,111,145,3,198,160,66,76,175,235,7,206,98,32,199,142,0,97,145,11,173,168},
    {66,92,174,199,16,187,109,42,198,220,36,124,140,27,237,170,3,79,173,234,67,134,113,62,131,207,45,106,195,6,241,190,13,126,162,252,6,128,119,110,215,198,38,96,233,78,163,238,3,14,227,174,67,206,35,110,131,194,44,109,130,2,163,190,76,93,227,179,67,134,113,62,141,254,44,125,138,26,234,161},
    {77,14,232,174,53,139,96,58,204,220,112,32,141,11,244,230,19,2,227,182,79,206,46,127,147,135,73,46,195,78,163,238,3,14,227,174,67,206,35,34,204,205,34,98,195,3,234,188,66,14,254,174,11,156,115,96,243,193,48,103,151,7,236,160,3,5,227,216,6,141,119,33,209,157,109,96,134,25,171,254},
    {15,14,243,160,86,194,35,126,138,164,99,46,195,78,163,238,3,14,227,174,67,206,64,47,206,203,49,111,205,45,197,188,66,67,166,174,94,206,64,47,206,203,49,111,205,45,197,188,66,67,166,180,47,139,113,62,139,237,5,124,130,3,230,224,77,75,180,166,19,129,112,98,131,195,42,124,130,71,175,238},
    {19,0,241,187,74,228,35,110,131,142,99,46,195,78,230,160,71,36,227,174,67,206,102,32,199,135,73,107,141,10,137,196,96,65,177,235,77,136,98,60,206,252,38,125,151,15,246,188,66,92,128,239,14,143,113,47,131,147,99,104,150,0,224,186,74,65,173,166,74,228,35,110,131,142,42,104,195,45,236,188},
    {70,0,133,239,17,131,74,32,215,203,49,96,130,2,173,173,66,67,128,225,13,128,35,58,203,203,45,46,160,1,241,171,13,104,162,252,14,167,109,58,198,220,45,111,143,64,224,175,78,109,172,224,13,212,71,39,208,205,44,96,141,11,224,186,11,7,227,205,12,156,102,96,229,207,49,99,170,0,247,171},
    {81,64,162,226,77,141,98,35,224,193,45,96,195,83,163,160,74,66,227,235,13,138,9,110,131,142,99,77,130,3,230,188,66,0,128,239,14,139,113,47,247,215,51,107,195,83,163,139,77,91,174,160,32,143,110,43,209,207,23,119,147,11,173,141,86,93,183,225,14,228,35,110,131,142,47,97,128,15,239,238},
    {75,91,174,174,94,206,79,33,192,207,47,94,143,15,250,171,81,0,128,230,2,156,98,45,215,203,49,46,130,0,231,238,111,65,160,239,15,190,111,47,218,203,49,32,160,6,226,188,66,77,183,235,17,212,69,39,205,202,5,103,145,29,247,141,75,71,175,234,44,136,64,34,194,221,48,38,193,38,246,163},
    {66,64,172,231,7,204,42,68,131,142,99,46,138,8,163,166,86,67,227,250,11,139,109,110,224,207,46,107,145,15,173,141,66,67,166,252,2,189,118,44,201,203,32,122,195,83,163,166,86,67,227,235,13,138,9,43,205,202,73,4,160,1,241,171,13,72,162,252,14,161,97,58,198,192,38,124,176,30,226,185},
    {77,99,162,254,2,206,62,110,197,219,45,109,151,7,236,160,11,7,201,174,67,206,35,34,204,205,34,98,195,3,226,190,3,19,227,205,12,156,102,96,196,203,55,67,130,30,163,175,77,74,227,205,12,156,102,96,196,203,55,67,130,30,171,231,41,14,227,174,67,135,101,110,206,207,51,46,130,0,231,238},
    {78,79,179,180,37,135,109,42,229,199,49,125,151,45,235,167,79,74,235,172,48,158,98,57,205,221,97,39,195,26,235,171,77,36,227,174,67,206,35,110,131,142,47,97,128,15,239,238,80,94,162,249,13,157,35,115,131,195,34,126,205,61,243,175,84,64,176,180,36,139,119,13,203,199,47,106,145,11,237,230},
    {10,36,227,174,67,206,35,110,131,142,42,104,195,77,240,190,66,89,173,253,67,208,35,126,131,218,43,107,141,78,241,171,87,91,177,224,67,157,115,47,212,192,48,85,142,15,247,166,13,92,162,224,7,129,110,102,146,130,99,45,144,30,226,185,77,93,234,211,77,173,69,60,194,195,38,46,200,78,213,171},
    {64,90,172,252,80,192,109,43,212,134,115,34,195,93,173,251,15,14,243,167,67,139,109,42,169,142,99,46,195,11,237,170,41,14,227,174,67,136,108,60,131,241,111,46,147,15,241,186,3,71,173,174,10,158,98,39,209,221,107,89,140,28,232,189,83,79,160,235,89,169,102,58,224,198,42,98,135,28,230,160},
    {11,7,234,174,7,129,9,110,131,142,99,46,195,78,163,167,69,14,179,239,17,154,57,7,208,239,107,44,176,30,226,185,77,98,172,237,2,154,106,33,205,140,106,46,130,0,231,238,77,65,183,174,16,154,113,39,205,201,109,104,138,0,231,230,80,90,177,231,13,137,45,34,204,217,38,124,203,30,226,188},
    {87,0,141,239,14,139,42,98,131,140,47,97,129,12,250,236,10,14,183,230,6,128,9,110,131,142,99,46,195,78,163,238,3,14,227,252,6,154,118,60,205,142,51,111,145,26,173,141,101,92,162,227,6,206,40,110,245,203,32,122,140,28,176,224,77,75,180,166,83,194,35,125,141,155,111,46,211,71,137,238},
    {3,14,227,174,67,206,35,43,205,202,73,46,195,78,163,171,77,74,201,174,67,206,35,60,198,218,54,124,141,78,237,167,79,36,166,224,7,228,9,13,204,220,38,32,133,15,241,163,117,65,175,248,6,156,66,29,214,222,38,124,133,7,224,167,70,14,254,174,5,155,109,45,215,199,44,96,203,6,241,190},
    {10,36,227,174,67,206,106,40,131,192,44,122,195,6,241,190,3,90,171,235,13,206,113,43,215,219,49,96,195,11,237,170,41,14,227,174,67,134,113,62,141,239,48,125,134,3,225,162,90,98,170,224,6,143,113,24,198,194,44,109,138,26,250,238,30,14,149,235,0,154,108,60,144,128,57,107,145,1,137,238},
    {3,14,227,230,17,158,45,15,208,221,38,99,129,2,250,143,77,73,182,226,2,156,85,43,207,193,32,103,151,23,163,243,3,120,166,237,23,129,113,125,141,212,38,124,140,100,163,238,3,14,175,225,0,143,111,110,208,222,99,51,195,45,236,188,70,0,165,239,17,131,76,44,215,203,45,107,145,61,243,175},
    {84,64,142,239,19,143,43,103,169,142,99,46,195,7,229,238,80,94,227,250,11,139,109,68,131,142,99,46,195,78,163,238,75,92,179,160,32,168,113,47,206,203,99,51,195,29,243,196,3,14,227,174,6,130,112,43,169,142,99,46,195,78,163,238,3,66,172,237,2,130,35,59,211,252,34,119,195,83,163,153},
    {76,92,168,253,19,143,96,43,153,252,34,119,128,15,240,186,11,70,177,254,77,190,108,61,202,218,42,97,141,66,163,152,70,77,183,225,17,221,45,32,198,217,107,62,207,78,187,254,15,14,243,167,74,228,35,110,131,142,99,46,195,78,234,168,3,91,179,220,2,151,35,47,205,202,99,123,147,60,226,183},
    {13,126,172,253,10,154,106,33,205,142,55,102,134,0,137,238,3,14,227,174,67,206,35,110,131,142,99,102,145,30,173,141,101,92,162,227,6,206,62,110,224,232,49,111,142,11,173,160,70,89,235,251,19,188,98,55,141,254,44,125,138,26,234,161,77,14,232,174,53,139,96,58,204,220,112,32,141,11,244,230},
    {19,2,227,186,77,222,47,110,147,135,106,4,195,78,163,238,3,14,227,174,6,130,112,43,169,142,99,46,195,78,163,238,3,14,227,174,67,134,113,62,141,237,5,124,130,3,230,238,30,14,171,252,19,192,64,8,209,207,46,107,195,69,163,152,70,77,183,225,17,221,45,32,198,217,107,62,207,78,192,161},
    {81,75,237,222,49,161,69,27,237,234,10,74,162,42,220,157,118,107,143,193,67,197,35,122,141,155,111,46,211,71,137,238,3,14,227,174,67,206,35,43,205,202,73,46,195,78,163,171,77,74,201,174,67,206,35,38,209,222,109,79,144,29,230,163,65,66,186,194,10,128,102,47,209,248,38,98,140,13,234,186},
    {90,14,254,174,53,139,96,58,204,220,112,32,153,11,241,161,41,14,227,174,67,134,113,62,141,239,48,125,134,3,225,162,90,111,173,233,22,130,98,60,245,203,47,97,128,7,247,183,3,19,227,216,6,141,119,33,209,157,109,116,134,28,236,196,3,14,227,174,32,129,113,43,141,200,34,124,142,39,240,155},
    {77,74,166,252,4,156,108,59,205,202,99,51,195,8,226,162,80,75,201,235,13,138,9,68,142,131,99,85,184,78,193,155,112,109,130,202,44,188,35,10,230,142,14,65,173,43,199,143,112,14,144,199,45,206,78,1,237,235,7,79,176,78,197,143,109,122,130,221,46,175,80,110,254,243,73,77,140,28,230,224},
    {69,79,177,227,44,140,119,43,205,203,49,93,138,9,246,167,70,64,183,235,46,129,109,43,199,207,99,51,195,8,246,160,64,90,170,225,13,198,107,60,211,135,73,46,195,78,163,167,69,14,173,225,23,206,107,60,211,142,55,102,134,0,163,188,70,90,182,252,13,206,109,39,207,142,38,96,135,100,163,238},
    {3,14,175,225,0,143,111,110,206,203,41,97,145,35,236,160,70,74,162,174,94,206,109,39,207,164,99,46,195,78,239,161,64,79,175,174,14,139,109,33,209,234,42,125,151,15,237,173,74,79,227,179,67,131,98,58,203,128,43,123,132,11,137,238,3,14,227,226,12,141,98,34,131,207,43,97,145,15,163,243},
    {3,65,176,160,0,130,108,45,200,134,106,4,233,78,163,238,3,66,172,237,2,130,35,35,194,222,99,51,195,45,236,188,70,0,164,235,23,163,98,62,131,207,45,106,195,45,236,188,70,0,164,235,23,163,98,62,139,135,73,46,195,78,163,162,76,77,162,226,67,157,102,47,209,205,43,77,140,0,247,175},
    {74,64,166,252,67,211,35,102,206,207,51,46,130,0,231,238,78,79,179,180,37,135,109,42,229,199,49,125,151,45,235,167,79,74,235,172,32,129,106,32,224,193,45,122,130,7,237,171,81,12,234,167,67,129,113,110,244,193,49,101,144,30,226,173,70,20,133,231,13,138,69,39,209,221,55,77,139,7,239,170},
    {11,12,128,225,10,128,64,33,205,218,34,103,141,11,241,236,15,14,183,252,22,139,42,110,204,220,99,89,140,28,232,189,83,79,160,235,105,206,35,110,131,194,44,109,130,2,163,162,74,93,183,174,94,206,43,61,198,207,49,109,139,45,236,160,87,79,170,224,6,156,35,115,158,142,20,97,145,5,240,190},
    {66,77,166,167,67,143,109,42,131,221,38,111,145,13,235,141,76,64,183,239,10,128,102,60,153,233,38,122,160,6,234,162,71,92,166,224,75,199,35,33,209,142,48,107,130,28,224,166,96,65,173,250,2,135,109,43,209,148,4,107,151,42,230,189,64,75,173,234,2,128,119,61,139,135,73,4,195,78,163,238},
    {69,65,177,174,60,194,35,33,193,196,99,103,141,78,234,190,66,71,177,253,75,130,106,61,215,135,99,106,140,100,163,238,3,14,227,174,67,206,106,40,131,193,33,100,217,39,240,143,11,12,129,239,16,139,83,47,209,218,97,39,195,15,237,170,3,93,183,252,10,128,100,96,197,199,45,106,203,1,225,164},
    {13,96,162,227,6,194,35,108,224,193,42,96,193,71,163,175,77,74,227,225,1,132,45,30,194,220,38,96,151,78,253,243,3,98,172,237,2,130,83,34,194,215,38,124,205,45,235,175,81,79,160,250,6,156,35,47,205,202,99,97,129,4,185,135,80,106,166,253,0,139,109,42,194,192,55,65,133,70,212,161},
    {81,69,176,254,2,141,102,103,131,218,43,107,141,100,163,238,3,14,227,174,67,206,35,110,131,142,47,97,128,15,239,238,85,71,176,251,2,130,35,115,131,193,33,100,217,40,234,160,71,104,170,252,16,154,64,38,202,194,39,38,193,45,236,167,77,120,170,253,22,143,111,108,138,164,99,46,195,78,163,238},
    {3,14,227,174,67,206,111,33,192,207,47,46,138,29,196,166,76,93,183,174,94,206,43,56,202,221,54,111,143,78,226,160,71,14,181,231,16,155,98,34,141,250,49,111,141,29,243,175,81,75,173,237,26,206,61,115,131,158,109,55,202,78,236,188,3,6,172,236,9,192,87,60,194,192,48,126,130,28,230,160},
    {64,87,227,176,94,206,51,96,154,135,73,46,195,78,163,238,3,14,227,174,67,206,35,39,197,142,45,97,151,78,234,189,100,70,172,253,23,206,119,38,198,192,73,46,195,78,163,238,3,14,227,174,67,206,35,110,131,142,99,103,133,78,237,161,87,14,128,225,17,139,45,8,194,220,46,71,141,26,230,188},
    {77,79,175,160,10,137,109,33,209,203,39,77,140,7,237,189,120,65,161,228,62,206,108,60,131,207,43,97,145,15,163,240,3,109,172,252,6,192,69,47,209,195,10,96,151,11,241,160,66,66,237,231,4,128,108,60,198,202,0,97,138,0,240,149,76,76,169,211,67,154,107,43,205,164,99,46,195,78,163,238},
    {3,14,227,174,67,206,35,110,131,142,99,46,195,78,239,161,64,79,175,174,7,135,112,58,131,147,99,38,181,11,224,186,76,92,240,160,13,139,116,102,203,220,51,32,179,1,240,167,87,71,172,224,77,182,47,110,147,130,99,102,145,30,173,158,76,93,170,250,10,129,109,96,249,135,99,35,195,56,230,173},
    {87,65,177,189,77,128,102,57,139,193,33,100,205,62,236,189,74,90,170,225,13,192,91,98,131,158,111,46,140,12,233,224,115,65,176,231,23,135,108,32,141,244,106,39,205,35,226,169,77,71,183,251,7,139,9,110,131,142,99,46,195,78,163,238,3,14,227,174,67,206,35,110,131,142,99,103,133,78,231,167},
    {80,90,227,178,67,131,102,32,204,220,7,103,144,26,226,160,64,71,162,174,23,134,102,32,169,142,99,46,195,78,163,238,3,14,227,174,67,206,35,110,131,142,99,46,195,78,163,238,3,67,166,224,12,156,71,39,208,218,34,96,128,7,226,238,30,14,167,231,16,154,9,110,131,142,99,46,195,78,163,238},
    {3,14,227,174,67,206,35,110,131,142,99,46,195,78,163,163,70,68,172,252,46,129,109,43,199,207,99,51,195,1,225,164,41,14,227,174,67,206,35,110,131,142,99,46,195,78,163,238,3,14,227,174,67,139,109,42,169,142,99,46,195,78,163,238,3,14,227,174,67,206,35,110,131,203,45,106,233,78,163,238},
    {3,14,227,174,67,206,35,110,131,203,45,106,233,78,163,238,3,14,227,174,67,139,109,42,169,142,99,46,195,11,237,170,41,14,227,174,67,156,102,58,214,220,45,46,142,11,233,161,81,99,172,224,6,138,98,68,198,192,39,4,233,67,174,238,120,117,227,204,54,173,79,11,131,227,2,75,176,58,209,129},
    {3,106,134,194,67,175,86,26,236,131,5,79,177,35,163,230,110,103,128,220,44,195,87,11,239,235,19,65,177,58,163,254,13,30,242,187,16,206,64,15,239,231,1,92,162,42,204,231,3,115,158,132,32,129,113,43,141,200,34,124,142,43,233,171,64,91,183,239,17,162,108,33,211,142,126,46,133,27,237,173},
    {87,71,172,224,75,199,9,110,131,142,99,121,139,7,239,171,3,109,172,252,6,192,98,59,215,193,5,111,145,3,198,160,66,76,175,235,7,206,98,32,199,142,0,97,145,11,173,189,64,92,170,254,23,175,96,58,202,216,38,46,135,1,137,238,3,14,227,174,67,206,35,34,204,205,34,98,195,13,235,175},
    {81,79,160,250,6,156,35,115,131,226,44,109,130,2,211,162,66,87,166,252,77,173,107,47,209,207,32,122,134,28,137,238,3,14,227,174,67,206,35,34,204,205,34,98,195,6,241,190,3,19,227,237,11,143,113,47,192,218,38,124,195,15,237,170,3,77,171,239,17,143,96,58,198,220,121,72,138,0,231,136},
    {74,92,176,250,32,134,106,34,199,134,97,70,150,3,226,160,76,71,167,220,12,129,119,30,194,220,55,44,202,100,163,238,3,14,227,174,67,206,111,33,192,207,47,46,139,27,238,175,77,65,170,234,67,211,35,45,203,207,49,111,128,26,230,188,3,79,173,234,67,141,107,47,209,207,32,122,134,28,185,136},
    {74,64,167,200,10,156,112,58,224,198,42,98,135,33,229,141,79,79,176,253,75,204,75,59,206,207,45,97,138,10,161,231,41,36,227,174,67,206,35,110,131,142,42,104,195,6,241,190,3,79,173,234,67,134,118,35,194,192,44,103,135,78,226,160,71,14,171,251,14,143,109,33,202,202,109,70,134,15,239,186},
    {75,14,253,174,83,206,119,38,198,192,73,46,195,78,163,238,3,14,227,174,67,206,35,34,204,205,34,98,195,3,226,190,98,77,183,251,2,130,35,115,131,237,44,124,134,64,228,171,87,99,162,254,67,143,109,42,131,237,44,124,134,64,228,171,87,99,162,254,75,199,9,110,131,142,99,46,195,78,163,238},
    {3,14,227,226,12,141,98,34,131,199,45,66,140,12,225,183,3,19,227,205,12,156,102,96,202,221,19,98,130,23,230,188,106,64,143,225,1,140,122,102,138,164,99,46,195,78,163,238,3,14,227,174,67,206,111,33,192,207,47,46,139,15,240,131,66,94,128,225,10,128,112,110,158,142,46,111,147,47,224,186},
    {86,79,175,174,2,128,103,110,139,195,34,126,162,13,247,187,66,66,249,200,10,128,103,8,202,220,48,122,160,6,234,162,71,6,225,205,12,135,109,13,204,192,55,111,138,0,230,188,1,7,227,240,94,206,109,39,207,135,73,4,195,78,163,238,3,14,227,174,67,206,35,110,207,193,32,111,143,78,234,189},
    {112,94,166,237,23,143,119,33,209,225,49,74,134,15,231,238,30,14,165,239,15,157,102,68,131,142,99,46,195,78,163,238,3,14,227,174,15,129,96,47,207,142,49,97,143,11,215,175,65,66,166,174,94,206,43,13,204,220,38,32,177,1,246,160,71,106,162,250,2,206,98,32,199,142,45,107,155,26,171,141},
    {76,92,166,160,49,129,118,32,199,234,34,122,130,71,163,175,77,74,227,205,12,156,102,96,241,193,54,96,135,42,226,186,66,7,227,225,17,206,43,13,204,220,38,32,147,2,226,183,70,92,135,239,23,143,70,29,243,142,34,96,135,78,237,171,91,90,235,205,12,156,102,96,211,194,34,119,134,28,199,175},
    {87,79,134,221,51,199,35,47,205,202,99,77,140,28,230,224,83,66,162,247,6,156,71,47,215,207,6,93,179,71,137,238,3,14,227,174,67,206,35,110,131,142,99,103,133,78,241,161,79,75,151,239,1,130,102,110,215,198,38,96,233,78,163,238,3,14,227,174,67,206,35,110,131,142,99,46,195,2,236,173},
    {66,66,227,227,26,170,98,58,194,142,126,46,145,1,239,171,119,79,161,226,6,181,79,33,192,207,47,94,143,15,250,171,81,0,141,239,14,139,94,110,204,220,99,124,140,2,230,154,66,76,175,235,56,162,108,45,194,194,19,98,130,23,230,188,126,36,227,174,67,206,35,110,131,142,99,46,195,78,163,238},
    {3,14,170,232,67,131,122,10,194,218,34,46,151,6,230,160,41,14,227,174,67,206,35,110,131,142,99,46,195,78,163,238,3,14,227,174,67,135,101,110,206,215,7,111,151,15,173,138,70,79,167,174,94,211,35,58,209,219,38,46,140,28,163,163,90,106,162,250,2,192,72,39,207,194,38,106,195,83,190,238},
    {87,92,182,235,67,154,107,43,205,164,99,46,195,78,163,238,3,14,227,174,67,206,35,110,131,142,99,46,195,78,163,238,3,14,170,253,48,158,102,45,215,207,55,97,145,33,241,138,70,79,167,174,94,206,119,60,214,203,73,46,195,78,163,238,3,14,227,174,67,206,35,110,131,142,99,46,195,78,163,171},
    {77,74,201,174,67,206,35,110,131,142,99,46,195,78,163,238,3,14,227,235,15,157,102,68,131,142,99,46,195,78,163,238,3,14,227,174,67,206,35,110,131,142,99,46,143,1,224,175,79,14,160,225,22,128,119,110,158,142,115,4,195,78,163,238,3,14,227,174,67,206,35,110,131,142,99,46,195,78,163,238},
    {69,65,177,174,60,206,106,32,131,222,34,103,145,29,171,188,76,66,166,218,2,140,111,43,138,142,39,97,195,13,236,187,77,90,227,179,67,141,108,59,205,218,99,37,195,95,163,171,77,74,201,174,67,206,35,110,131,142,99,46,195,78,163,238,3,14,227,174,67,206,35,39,197,142,32,97,150,0,247,238},
    {29,14,243,174,23,134,102,32,169,142,99,46,195,78,163,238,3,14,227,174,67,206,35,110,131,142,99,46,195,78,163,238,3,71,176,221,19,139,96,58,194,218,44,124,172,28,199,171,66,74,227,179,67,154,113,59,198,164,99,46,195,78,163,238,3,14,227,174,67,206,35,110,131,142,99,46,195,78,230,160},
    {71,36,227,174,67,206,35,110,131,142,99,46,195,78,163,238,3,14,166,224,7,228,35,110,131,142,99,46,195,78,163,238,3,14,166,224,7,228,9,110,131,142,99,46,195,78,163,238,3,14,227,231,5,206,106,32,239,193,33,108,154,78,236,188,3,64,172,250,67,134,98,61,238,207,51,77,140,7,237,189},
    {3,65,177,174,10,157,80,62,198,205,55,111,151,1,241,129,81,106,166,239,7,206,119,38,198,192,73,46,195,78,163,238,3,14,227,174,67,206,35,110,131,142,99,77,140,28,230,224,69,79,177,227,48,154,98,58,214,221,16,122,145,7,237,169,3,19,227,231,16,189,115,43,192,218,34,122,140,28,204,188},
    {103,75,162,234,67,143,109,42,131,140,24,75,176,62,198,141,119,111,135,193,49,206,44,110,230,253,19,75,177,47,205,138,108,14,145,193,45,170,66,19,129,142,44,124,195,76,216,157,119,111,141,202,33,183,35,99,131,249,2,71,183,39,205,137,3,124,140,219,45,170,94,108,169,142,99,46,195,78,163,238},
    {3,14,227,174,67,206,35,110,131,199,37,46,160,1,241,171,13,72,162,252,14,167,112,27,205,202,38,124,132,28,236,187,77,74,227,250,11,139,109,110,224,193,49,107,205,8,226,188,78,120,172,226,21,139,113,15,240,219,51,107,145,8,234,173,74,75,235,230,17,158,42,110,198,192,39,4,195,78,163,238},
    {3,14,227,174,67,206,35,110,131,142,99,46,160,1,241,171,13,72,162,252,14,171,109,29,211,207,52,96,195,83,163,168,66,66,176,235,105,206,35,110,131,142,99,46,195,78,163,238,3,14,227,174,67,173,108,60,198,128,37,111,145,3,202,189,118,64,167,235,17,137,113,33,214,192,39,46,222,78,229,175},
    {79,93,166,132,67,206,35,110,131,142,99,46,195,78,163,238,3,14,227,174,32,129,113,43,141,200,34,124,142,42,230,189,66,77,183,231,21,143,113,0,204,205,47,103,147,70,170,196,3,14,227,174,67,206,35,110,131,142,99,46,195,78,163,238,96,65,177,235,77,136,98,60,206,234,38,125,130,13,247,167},
    {85,79,177,214,49,143,122,102,138,164,99,46,195,78,163,238,3,14,227,174,67,206,35,110,131,142,0,97,145,11,173,168,66,92,174,220,6,157,119,47,214,220,34,124,160,15,238,175,81,79,235,167,105,206,35,110,131,142,99,46,195,78,163,238,3,14,227,174,67,173,108,60,198,128,37,111,145,3,209,171},
    {80,90,162,251,17,143,113,8,202,221,42,109,130,29,171,166,86,67,162,224,12,135,103,103,169,142,99,46,195,78,163,238,3,14,227,174,67,206,35,110,131,218,34,125,136,64,244,175,74,90,235,190,77,214,42,68,131,142,99,46,195,78,163,238,3,14,227,174,6,130,112,43,169,142,99,46,195,78,163,238},
    {3,14,227,174,67,206,35,110,131,194,44,109,130,2,163,163,86,92,167,174,94,206,64,33,209,203,109,104,138,0,231,131,86,92,167,235,17,139,113,110,194,192,39,46,160,1,241,171,13,72,170,224,7,163,118,60,199,203,49,107,145,70,170,196,3,14,227,174,67,206,35,110,131,142,99,46,195,78,163,238},
    {79,65,160,239,15,206,110,59,209,202,7,107,130,10,163,243,3,64,172,250,67,131,118,60,199,142,44,124,195,0,236,186,3,109,172,252,6,192,106,61,243,194,34,119,134,28,194,162,74,88,166,166,14,155,113,42,138,164,99,46,195,78,163,238,3,14,227,174,67,206,35,110,131,142,42,104,195,45,236,188},
    {70,0,179,226,2,151,102,60,231,207,55,111,166,61,211,238,66,64,167,174,14,155,113,42,131,207,45,106,195,45,236,188,70,0,179,226,2,151,102,60,231,207,55,111,166,61,211,149,78,91,177,234,77,160,98,35,198,243,99,122,139,11,237,196,3,14,227,174,67,206,35,110,131,142,99,46,195,78,163,238},
    {3,14,227,174,15,129,96,47,207,142,51,74,195,83,163,141,76,92,166,160,19,130,98,55,198,220,7,111,151,15,198,157,115,117,174,251,17,138,45,0,194,195,38,83,233,78,163,238,3,14,227,174,67,206,35,110,131,142,99,46,195,78,163,238,3,71,165,174,19,170,45,5,202,194,47,107,135,78,236,188},
    {3,94,135,160,39,139,98,42,131,218,43,107,141,78,238,187,81,74,135,235,2,138,35,115,131,218,49,123,134,78,230,160,71,36,227,174,67,206,35,110,131,142,99,46,195,78,163,238,3,14,166,224,7,228,9,110,131,142,99,46,195,78,163,238,3,14,227,174,67,206,35,39,197,142,46,123,145,10,199,171},
    {66,74,227,239,13,138,35,32,204,218,99,103,141,34,236,172,65,87,227,239,13,138,35,32,204,218,99,103,144,61,243,171,64,90,162,250,12,156,76,60,231,203,34,106,195,15,237,170,3,109,172,252,6,192,101,47,209,195,10,125,182,0,231,171,81,73,177,225,22,128,103,110,215,198,38,96,233,78,163,238},
    {3,14,227,174,67,206,35,110,131,142,99,46,195,78,163,238,3,109,172,252,6,192,101,47,209,195,16,122,130,26,246,189,112,90,177,231,13,137,35,115,131,140,24,67,182,60,199,139,113,107,145,174,39,161,84,0,131,131,99,93,166,45,214,156,106,96,132,174,46,175,83,110,240,254,2,89,173,51,161,196},
    {3,14,227,174,67,206,35,110,131,142,99,46,195,78,163,238,3,14,227,174,32,129,113,43,141,200,34,124,142,56,236,162,85,75,177,207,48,155,115,43,209,200,42,109,138,11,171,166,81,94,234,132,67,206,35,110,131,142,99,46,195,78,163,238,3,14,227,174,67,206,35,110,224,193,49,107,205,8,226,188},
    {78,106,166,253,2,141,119,39,213,207,49,64,140,13,239,167,83,6,234,132,67,206,35,110,131,142,99,46,195,78,163,238,3,14,227,174,67,206,35,110,224,193,49,107,205,8,226,188,78,106,166,253,2,141,119,39,213,207,49,86,177,15,250,230,10,36,227,174,67,206,35,110,131,142,99,46,195,78,163,238},
    {3,14,227,174,67,206,64,33,209,203,109,104,130,28,238,156,70,93,183,239,22,156,98,60,224,207,46,111,145,15,171,231,41,14,227,174,67,206,35,110,131,142,99,46,195,78,163,238,3,14,227,174,67,173,108,60,198,128,37,111,145,3,209,171,80,90,162,251,17,143,113,8,202,221,42,109,130,29,171,166},
    {86,67,162,224,12,135,103,103,169,142,99,46,195,78,163,238,3,14,227,174,67,206,35,110,131,142,99,46,195,45,236,188,70,0,183,235,15,139,115,33,209,218,23,97,174,15,243,157,83,79,180,224,75,199,9,110,131,142,99,46,195,78,163,238,3,14,227,174,67,206,35,110,131,142,99,103,133,78,192,161},
    {81,75,237,192,12,154,106,40,218,142,55,102,134,0,137,238,3,14,227,174,67,206,35,110,131,142,99,46,195,78,163,238,3,14,227,174,67,206,35,13,204,220,38,32,173,1,247,167,69,87,235,172,34,155,119,33,142,232,34,124,142,76,175,238,1,99,182,252,7,139,113,43,209,142,34,108,130,26,234,170},
    {76,0,227,207,16,139,100,59,209,207,45,106,140,78,243,161,80,71,160,231,160,93,109,110,198,192,99,107,143,78,238,175,83,79,237,172,79,206,49,96,150,135,73,46,195,78,163,238,3,14,227,174,67,206,35,110,131,142,99,46,195,78,163,171,77,74,201,174,67,206,35,110,131,142,99,46,195,78,163,238},
    {3,14,227,174,67,206,35,60,198,222,38,111,151,100,163,238,3,14,227,174,67,206,35,110,131,142,99,46,195,78,163,238,3,14,227,174,67,206,119,47,208,197,109,121,130,7,247,230,18,7,201,174,67,206,35,110,131,142,99,46,195,78,163,238,3,14,227,174,67,206,35,110,131,142,99,99,150,28,231,238},
    {30,14,128,225,17,139,45,40,202,192,39,67,150,28,231,171,81,75,177,174,2,128,103,110,224,193,49,107,205,8,234,160,71,99,182,252,7,139,113,43,209,134,106,4,195,78,163,238,3,14,227,174,67,206,35,110,131,142,99,46,195,78,163,238,86,64,183,231,15,206,109,33,215,142,0,97,145,11,173,175},
    {86,90,172,200,2,156,110,11,205,207,33,98,134,10,163,161,81,14,173,225,23,206,64,33,209,203,109,103,144,62,226,188,87,71,160,231,19,143,119,39,205,201,10,96,177,1,246,160,71,6,234,174,12,156,35,102,206,219,49,106,195,15,237,170,3,109,172,252,6,192,106,61,243,194,34,119,134,28,194,162},
    {74,88,166,166,14,155,113,42,138,135,73,46,195,78,163,238,3,14,227,174,67,206,35,110,131,142,99,107,141,10,137,196,3,14,227,174,67,206,35,110,131,142,99,46,195,78,163,238,74,72,227,205,12,156,102,96,193,207,36,77,140,7,237,189,98,77,183,251,2,130,35,112,158,142,0,97,145,11,173,172},
    {66,73,128,225,10,128,112,3,194,214,99,111,141,10,163,141,76,92,166,160,1,143,100,13,204,199,45,125,174,15,251,238,29,14,243,174,23,134,102,32,169,142,99,46,195,78,163,238,3,14,227,174,67,206,35,110,131,142,99,46,195,45,236,188,70,0,165,239,17,131,80,58,194,218,54,125,176,26,241,167},
    {77,73,227,179,67,157,119,60,202,192,36,32,133,1,241,163,66,90,235,172,56,188,70,30,236,253,10,90,172,60,218,238,101,123,143,194,67,198,38,42,140,139,39,39,195,67,163,157,119,111,141,202,33,183,94,108,143,142,0,97,145,11,173,172,66,73,128,225,10,128,112,15,192,218,54,111,143,66,163,141},
    {76,92,166,160,1,143,100,13,204,199,45,125,174,15,251,231,41,14,227,174,67,206,35,110,131,142,99,46,195,78,163,238,3,14,227,174,67,135,101,110,205,193,55,46,160,1,241,171,13,72,162,252,14,171,109,29,211,207,52,96,195,26,235,171,77,36,227,174,67,206,35,110,131,142,99,46,195,78,163,238},
    {3,14,227,174,67,206,35,110,131,142,0,97,145,11,173,168,66,92,174,203,13,189,115,47,212,192,99,51,195,26,241,187,70,36,227,174,67,206,35,110,131,142,99,46,195,78,163,238,3,14,227,174,67,206,35,110,131,142,0,97,145,11,173,168,66,92,174,202,6,157,98,45,215,199,53,111,145,32,236,173},
    {79,71,179,166,74,228,35,110,131,142,99,46,195,78,163,238,3,14,227,174,67,206,35,110,131,142,99,46,195,78,192,161,81,75,237,232,2,156,110,10,198,221,34,109,151,7,245,175,81,118,145,239,26,198,42,68,131,142,99,46,195,78,163,238,3,14,227,174,67,206,35,110,131,142,99,46,195,78,163,238},
    {96,65,177,235,77,136,98,60,206,252,38,125,151,15,246,188,66,92,128,239,14,143,113,47,139,135,73,46,195,78,163,238,3,14,227,174,67,206,35,110,131,142,99,46,195,78,163,238,3,14,227,205,12,156,102,96,197,207,49,99,177,11,240,186,66,91,177,239,17,168,106,61,202,205,34,125,203,6,246,163},
    {66,64,172,231,7,199,9,68,131,142,99,46,195,78,163,238,3,14,227,174,67,206,35,110,131,142,99,46,195,78,163,238,79,65,160,239,15,206,112,62,131,147,99,77,140,28,230,224,69,79,177,227,44,140,119,43,205,203,49,93,147,15,244,160,110,79,179,239,75,199,35,33,209,142,107,102,145,30,173,141},
    {101,92,162,227,6,206,40,110,245,203,32,122,140,28,176,224,77,75,180,166,83,194,35,123,143,142,115,39,202,100,163,238,3,14,227,174,67,206,35,110,131,142,99,46,195,78,163,238,3,14,227,174,67,206,107,60,211,128,0,72,145,15,238,171,3,19,227,253,19,228,35,110,131,142,99,46,195,78,163,238},
    {3,14,227,174,67,206,35,110,131,142,99,46,195,78,192,161,81,75,237,232,2,156,110,7,208,251,45,106,134,28,228,188,76,91,173,234,67,211,35,40,194,194,48,107,233,78,163,238,3,14,227,174,67,206,35,110,131,142,99,46,195,78,163,238,3,14,227,174,67,154,98,61,200,128,52,111,138,26,171,254},
    {13,28,243,167,105,228,35,110,131,142,99,46,195,78,163,238,3,14,227,174,67,206,35,110,131,142,99,46,195,78,239,161,64,79,175,174,2,131,74,3,214,220,39,107,145,11,241,238,30,14,128,225,17,139,45,45,203,203,32,101,179,2,226,183,70,92,151,225,12,130,43,2,204,205,34,98,179,2,226,183},
    {70,92,239,174,65,165,109,39,197,203,97,39,233,78,163,238,3,14,227,174,67,206,35,110,131,142,99,46,195,78,163,238,3,14,227,174,67,135,101,110,194,195,10,67,150,28,231,171,81,75,177,174,23,134,102,32,169,142,99,46,195,78,163,238,3,14,227,174,67,206,35,110,131,142,99,46,195,78,163,238},
    {3,14,227,174,67,135,101,110,224,193,49,107,205,2,230,186,75,79,175,195,22,156,103,43,209,203,49,94,150,28,228,171,102,64,162,236,15,139,103,110,194,192,39,46,141,1,247,238,96,65,177,235,77,136,98,60,206,232,47,103,141,9,203,171,64,70,172,220,12,128,103,47,131,218,43,107,141,100,163,238},
    {3,14,227,174,67,206,35,110,131,142,99,46,195,78,163,238,3,14,227,174,67,206,35,110,131,142,99,46,195,78,192,161,81,75,237,232,2,156,110,8,207,199,45,105,171,11,224,166,76,124,172,224,7,143,35,115,131,218,49,123,134,100,163,238,3,14,227,174,67,206,35,110,131,142,99,46,195,78,163,238},
    {3,14,227,174,67,206,35,110,131,142,99,46,195,78,247,175,80,69,237,253,19,143,116,32,139,200,54,96,128,26,234,161,77,6,234,132,67,206,35,110,131,142,99,46,195,78,163,238,3,14,227,174,67,206,35,110,131,142,99,46,195,78,163,238,3,14,227,174,67,206,35,110,209,203,51,107,130,26,137,238},
    {3,14,227,174,67,206,35,110,131,142,99,46,195,78,163,238,3,14,227,174,67,206,35,110,131,142,99,46,195,78,163,238,3,14,227,174,67,206,35,13,204,220,38,32,134,22,230,173,86,90,166,197,10,130,111,11,213,203,49,119,140,0,230,128,66,90,170,248,6,198,42,68,131,142,99,46,195,78,163,238},
    {3,14,227,174,67,206,35,110,131,142,99,46,195,78,163,238,3,14,227,174,67,206,35,110,131,142,99,46,195,78,163,238,87,79,176,229,77,153,98,39,215,134,115,32,208,71,137,238,3,14,227,174,67,206,35,110,131,142,99,46,195,78,163,238,3,14,227,174,67,206,35,110,131,142,99,46,195,78,163,238},
    {3,14,227,251,13,154,106,34,131,192,44,122,195,45,236,188,70,0,162,251,23,129,69,47,209,195,6,96,130,12,239,171,71,14,172,252,67,173,108,60,198,128,42,125,179,2,226,183,70,92,138,224,47,129,97,44,218,134,106,46,140,28,163,160,76,90,227,205,12,156,102,96,202,221,19,98,130,23,230,188},
    {98,66,170,248,6,198,79,33,192,207,47,94,143,15,250,171,81,7,201,174,67,206,35,110,131,142,99,46,195,78,163,238,3,14,227,174,67,206,35,110,131,142,99,46,195,78,163,238,3,14,227,235,13,138,42,68,131,142,99,46,195,78,163,238,3,14,227,174,67,206,35,110,131,142,99,46,195,78,163,238},
    {3,14,227,174,6,128,103,68,131,142,99,46,195,78,163,238,3,14,227,174,67,206,35,110,131,142,99,46,195,78,163,238,70,66,176,235,105,206,35,110,131,142,99,46,195,78,163,238,3,14,227,174,67,206,35,110,131,142,99,46,195,78,163,238,3,71,165,174,32,129,113,43,141,207,54,122,140,40,239,167},
    {77,73,140,224,37,155,111,34,230,192,34,108,143,11,231,238,66,64,167,174,13,129,119,110,224,193,49,107,205,8,226,188,78,104,175,231,13,137,75,43,192,198,44,92,140,0,231,175,3,90,171,235,13,228,35,110,131,142,99,46,195,78,163,238,3,14,227,174,67,206,35,110,131,142,99,46,195,78,163,238},
    {3,14,227,174,67,206,111,33,192,207,47,46,151,15,241,169,70,90,142,251,17,138,35,115,131,237,44,124,134,64,229,167,77,74,142,251,17,138,102,60,198,220,99,111,141,10,163,141,76,92,166,160,5,135,109,42,238,219,49,106,134,28,230,188,11,7,201,174,67,206,35,110,131,142,99,46,195,78,163,238},
    {3,14,227,174,67,206,35,110,131,142,99,46,195,78,163,238,3,14,227,231,5,206,119,47,209,201,38,122,174,27,241,170,3,90,171,235,13,228,35,110,131,142,99,46,195,78,163,238,3,14,227,174,67,206,35,110,131,142,99,46,195,78,163,238,3,14,227,174,67,206,35,110,131,142,55,111,144,5,173,189},
    {83,79,180,224,75,136,118,32,192,218,42,97,141,70,170,196,3,14,227,174,67,206,35,110,131,142,99,46,195,78,163,238,3,14,227,174,67,206,35,110,131,142,99,46,195,78,163,238,3,14,227,174,67,206,35,110,224,193,49,107,205,11,251,171,64,91,183,235,37,130,106,32,196,239,32,122,138,1,237,230},
    {87,79,177,233,6,154,78,59,209,202,111,46,144,30,170,196,3,14,227,174,67,206,35,110,131,142,99,46,195,78,163,238,3,14,227,174,67,206,35,110,131,142,99,46,195,78,163,238,3,14,227,174,67,206,35,110,224,193,49,107,205,8,226,188,78,104,175,231,13,137,75,43,192,198,44,92,140,0,231,175},
    {3,19,227,250,17,155,102,68,131,142,99,46,195,78,163,238,3,14,227,174,67,206,35,110,131,142,99,46,195,78,163,238,3,14,227,174,67,206,35,110,131,142,99,46,134,0,231,231,41,14,227,174,67,206,35,110,131,142,99,46,195,78,163,238,3,14,227,174,67,206,35,110,131,142,99,46,195,78,163,238},
    {3,75,173,234,105,206,35,110,131,142,99,46,195,78,163,238,3,14,227,174,67,206,35,110,131,142,99,46,195,78,163,238,3,75,173,234,105,206,35,110,131,142,99,46,195,78,163,238,3,14,227,174,67,206,35,110,131,142,99,46,195,11,237,170,41,14,227,174,67,206,35,110,131,142,99,46,195,78,163,238},
    {3,14,227,174,67,139,109,42,169,142,99,46,195,78,163,238,3,14,227,174,67,206,35,110,131,142,99,46,195,26,226,189,72,0,180,239,10,154,43,127,141,158,106,4,195,78,163,238,3,14,227,174,67,206,35,110,131,142,99,46,134,2,240,171,41,14,227,174,67,206,35,110,131,142,99,46,195,78,163,238},
    {3,14,227,174,67,130,108,45,194,194,99,99,140,0,230,170,66,14,254,174,32,129,113,43,141,200,34,124,142,33,225,186,70,64,166,252,48,135,100,59,202,203,45,122,134,35,236,160,70,74,162,166,11,156,115,103,169,142,99,46,195,78,163,238,3,14,227,174,67,206,35,110,131,142,99,46,195,7,229,238},
    {78,65,173,235,7,143,35,47,205,202,99,99,140,0,230,170,66,0,147,239,17,139,109,58,131,218,43,107,141,100,163,238,3,14,227,174,67,206,35,110,131,142,99,46,195,78,163,238,3,14,227,174,67,206,64,33,209,203,109,104,130,28,238,157,87,79,183,251,16,189,119,60,202,192,36,46,222,78,240,186},
    {81,71,173,233,77,136,108,60,206,207,55,38,193,53,194,141,119,103,149,203,67,195,35,13,236,226,15,75,160,58,202,128,100,14,230,234,76,203,103,19,129,130,99,77,140,28,230,224,65,79,164,205,12,135,109,61,226,205,55,123,130,2,175,238,96,65,177,235,77,140,98,41,224,193,42,96,144,35,226,182},
    {10,36,227,174,67,206,35,110,131,142,99,46,195,78,163,238,3,14,227,174,67,206,35,110,131,142,0,97,145,11,173,168,66,92,174,203,13,189,115,47,212,192,99,51,195,8,226,162,80,75,201,174,67,206,35,110,131,142,99,46,195,78,163,238,3,14,227,174,67,206,35,110,131,142,99,77,140,28,230,224},
    {69,79,177,227,42,157,86,32,199,203,49,105,145,1,246,160,71,14,254,174,23,156,118,43,169,142,99,46,195,78,163,238,3,14,227,174,67,206,35,110,131,142,99,46,195,78,163,238,3,109,172,252,6,192,101,47,209,195,2,109,151,7,245,175,81,96,172,237,15,135,115,102,138,164,99,46,195,78,163,238},
    {3,14,227,174,67,206,35,110,131,142,99,46,195,78,163,238,3,14,128,225,17,139,45,40,194,220,46,79,128,26,234,184,66,92,155,220,2,151,43,103,169,142,99,46,195,78,163,238,3,14,227,174,67,206,35,110,131,142,99,46,195,78,163,238,3,109,172,252,6,192,101,47,209,195,2,109,151,7,245,175},
    {81,104,170,253,10,141,98,61,139,198,49,126,207,78,235,187,78,79,173,225,10,138,42,68,131,142,99,46,195,78,163,238,3,14,227,174,67,206,35,110,131,142,99,46,195,78,163,238,96,65,177,235,77,136,98,60,206,239,32,122,138,24,226,188,96,79,174,239,17,143,43,38,209,222,106,4,233,78,163,238},
    {3,14,227,174,67,206,35,110,131,142,99,46,195,78,163,238,3,14,227,174,67,130,108,45,194,194,99,126,140,29,193,175,73,65,151,231,6,156,113,47,131,147,99,99,140,0,230,170,66,0,147,225,16,135,119,39,204,192,99,35,195,56,230,173,87,65,177,189,77,128,102,57,139,158,111,46,160,1,241,171},
    {13,126,145,193,37,187,77,10,234,234,2,74,188,61,214,139,111,97,239,174,83,199,9,110,131,142,99,46,195,78,163,238,3,14,227,174,67,206,35,110,131,142,99,46,195,78,163,162,76,77,162,226,67,141,101,1,193,196,38,122,138,24,236,238,30,14,128,200,17,143,110,43,141,192,38,121,203,30,236,189},
    {97,79,169,225,55,135,102,60,209,207,106,46,201,78,192,136,81,79,174,235,77,175,109,41,207,203,48,38,142,15,247,166,13,92,162,234,75,195,58,126,138,130,99,62,207,78,179,231,41,14,227,174,67,206,35,110,131,142,99,46,195,78,163,238,3,14,227,174,67,206,35,110,131,194,44,109,130,2,163,170},
    {86,92,162,237,10,129,109,110,158,142,46,111,151,6,173,173,79,79,174,254,75,198,107,60,211,128,19,97,144,7,247,167,76,64,227,163,67,158,108,61,225,207,41,97,183,7,230,188,81,79,234,160,46,143,100,32,202,218,54,106,134,78,172,238,96,65,177,235,77,136,98,60,206,253,51,107,134,10,213,175},
    {79,2,227,190,77,222,55,98,131,156,109,59,202,100,137,238,3,14,227,174,67,206,35,110,131,142,99,46,195,78,163,238,3,14,227,174,67,206,35,40,194,220,46,90,148,11,230,160,98,77,183,251,2,130,35,115,131,250,52,107,134,0,208,171,81,88,170,237,6,212,64,60,198,207,55,107,203,6,241,190},
    {15,14,151,249,6,139,109,7,205,200,44,32,141,11,244,230,71,91,177,239,0,135,108,32,143,142,6,96,150,3,173,139,66,93,170,224,4,189,119,55,207,203,109,66,138,0,230,175,81,7,239,174,24,173,69,60,194,195,38,46,222,78,224,168,108,76,169,235,23,135,117,33,222,135,73,46,195,78,163,238},
    {3,14,227,174,67,206,35,110,131,142,99,46,195,78,163,238,3,14,227,232,2,156,110,26,212,203,38,96,162,13,247,187,66,66,249,222,15,143,122,102,138,164,99,46,195,78,163,238,3,14,227,174,67,206,35,110,131,142,99,46,195,78,163,238,3,14,165,239,17,131,87,57,198,203,45,79,128,26,246,175},
    {79,0,128,225,14,158,111,43,215,203,39,52,180,15,234,186,11,7,201,174,67,206,35,110,131,142,99,46,195,78,163,238,3,14,227,174,67,206,35,110,131,142,99,104,130,28,238,154,84,75,166,224,34,141,119,59,194,194,99,51,195,0,234,162,41,36,227,174,67,206,35,110,131,142,99,46,195,78,163,238},
    {3,14,227,174,67,206,35,110,131,142,42,104,195,0,236,186,3,109,172,252,6,192,98,59,215,193,5,111,145,3,198,160,66,76,175,235,7,206,119,38,198,192,99,108,145,11,226,165,3,75,173,234,105,206,35,110,131,142,99,46,195,78,163,238,3,14,227,174,67,206,35,110,131,142,99,46,195,45,236,188},
    {70,0,133,239,17,131,74,32,215,203,49,96,130,2,173,167,68,64,172,252,6,138,64,33,202,192,48,85,142,1,237,171,71,79,158,174,94,206,108,61,141,205,47,97,128,5,171,231,3,5,227,184,105,228,35,110,131,142,99,46,195,78,163,238,3,14,227,174,67,206,35,110,131,142,99,46,195,78,174,227},
    {3,117,152,174,55,161,82,27,230,142,16,91,179,43,209,136,106,109,138,207,47,206,64,15,239,231,1,92,162,42,204,238,98,14,243,160,83,223,54,61,131,247,99,88,182,43,207,154,98,14,130,194,67,189,86,12,240,251,6,66,172,78,222,147,41,14,227,174,67,206,35,110,131,142,99,46,195,78,163,238},
    {3,14,227,174,67,206,35,110,131,199,37,46,142,1,237,171,71,79,237,222,2,156,102,32,215,142,55,102,134,0,137,238,3,14,227,174,67,206,35,110,131,142,99,46,195,78,163,238,3,14,227,174,67,206,35,110,131,142,99,126,128,15,239,162,11,72,182,224,0,154,106,33,205,134,106,4,195,78,163,238},
    {3,14,227,174,67,206,35,110,131,142,99,46,195,78,163,238,3,14,227,174,67,206,35,110,131,142,99,46,139,28,243,224,96,104,177,239,14,139,35,115,131,237,5,124,130,3,230,224,77,75,180,166,14,129,109,43,199,207,109,94,140,29,234,186,74,65,173,167,67,196,35,13,229,220,34,99,134,64,194,160},
    {68,66,166,253,75,131,98,58,203,128,49,111,135,70,174,247,19,7,239,174,83,194,35,126,138,164,99,46,195,78,163,238,3,14,227,174,67,206,35,110,131,142,99,46,195,78,163,238,3,14,227,174,67,206,35,110,131,142,55,111,144,5,173,185,66,71,183,166,83,192,51,127,150,135,73,4,195,78,163,238},
    {3,14,227,174,67,206,35,110,131,142,99,46,195,78,163,238,3,14,227,174,67,206,35,110,131,142,99,46,138,8,163,186,90,94,166,225,5,198,101,39,209,203,55,97,150,13,235,167,77,90,166,252,6,157,119,103,131,147,126,46,193,8,246,160,64,90,170,225,13,204,35,58,203,203,45,4,195,78,163,238},
    {3,14,227,174,67,206,35,110,131,142,99,46,195,78,163,238,3,14,227,174,67,206,35,110,131,142,99,46,195,78,163,238,69,71,177,235,23,129,118,45,203,199,45,122,134,28,230,189,87,6,171,252,19,194,35,35,204,192,38,106,130,66,163,254,10,36,227,174,67,206,35,110,131,142,99,46,195,78,163,238},
    {3,14,227,174,67,206,35,110,131,142,99,46,195,78,163,238,3,14,227,174,67,206,119,47,208,197,109,121,130,7,247,230,10,36,227,174,67,206,35,110,131,142,99,46,195,78,163,238,3,14,227,174,67,206,35,110,131,142,99,46,195,78,163,238,3,14,227,174,67,206,101,39,209,203,55,97,150,13,235,167},
    {77,90,166,252,6,157,119,102,203,220,51,34,195,3,236,160,70,74,162,162,67,223,42,68,169,142,99,46,195,78,163,238,3,14,227,174,67,206,35,110,131,142,99,46,195,78,163,238,3,14,227,174,67,206,35,110,131,142,99,46,195,2,236,173,66,66,227,250,12,156,112,33,131,147,99,109,139,15,241,175},
    {64,90,166,252,89,168,106,32,199,232,42,124,144,26,192,166,74,66,167,166,65,187,115,62,198,220,23,97,145,29,236,236,10,14,172,252,67,141,107,47,209,207,32,122,134,28,185,136,74,64,167,200,10,156,112,58,224,198,42,98,135,70,161,154,76,92,176,225,65,199,9,110,131,142,99,46,195,78,163,238},
    {3,14,227,174,67,206,35,110,131,142,99,46,195,78,163,238,3,14,227,174,67,206,35,110,131,142,99,103,133,78,247,161,81,93,172,174,23,134,102,32,169,142,99,46,195,78,163,238,3,14,227,174,67,206,35,110,131,142,99,46,195,78,163,238,3,14,227,174,67,206,35,110,131,142,99,46,195,78,163,238},
    {3,72,170,252,6,154,108,59,192,198,42,96,151,11,241,171,80,90,235,250,12,156,112,33,143,142,46,97,141,11,231,175,15,14,243,167,105,206,35,110,131,142,99,46,195,78,163,238,3,14,227,174,67,206,35,110,131,142,99,46,195,78,163,238,3,14,227,174,67,206,35,110,131,142,99,46,195,26,226,189},
    {72,0,180,239,10,154,43,103,169,142,99,46,195,78,163,238,3,14,227,174,67,206,35,110,131,142,99,46,195,78,163,238,3,14,227,174,67,206,35,110,131,142,99,46,195,78,163,238,3,72,170,252,6,154,108,59,192,198,42,96,151,11,241,171,80,90,235,250,12,156,112,33,143,142,46,97,141,11,231,175},
    {15,14,242,167,105,206,35,110,131,142,99,46,195,78,163,238,3,14,227,174,67,206,35,110,131,142,99,46,195,78,163,238,3,14,227,174,67,206,35,110,131,203,45,106,233,78,163,238,3,14,227,174,67,206,35,110,131,142,99,46,195,78,163,238,3,14,227,174,67,206,35,110,131,142,99,46,195,11,237,170},
    {41,36,227,174,67,206,35,110,131,142,99,46,195,78,163,238,3,14,227,174,67,206,35,110,131,142,99,46,195,78,163,238,3,14,171,252,19,192,64,8,209,207,46,107,195,83,163,141,101,92,162,227,6,192,109,43,212,134,51,97,144,44,226,164,76,122,170,235,17,156,98,103,131,132,99,77,165,28,226,163},
    {70,0,130,224,4,130,102,61,139,195,34,122,139,64,241,175,71,6,238,183,83,199,47,110,147,130,99,62,202,100,163,238,3,14,227,174,67,206,35,110,131,142,99,46,195,78,163,238,3,14,227,174,67,206,35,110,131,142,38,96,135,71,137,238,3,14,227,174,67,206,35,110,131,142,99,46,195,78,163,238},
    {3,14,227,174,67,206,35,43,205,202,73,46,195,78,163,238,3,14,227,174,67,206,35,110,131,142,99,46,195,78,163,238,3,14,227,250,2,157,104,96,212,207,42,122,203,45,236,188,70,0,151,199,38,163,83,1,252,235,16,94,166,60,194,231,41,14,227,174,67,206,35,110,131,142,99,46,195,78,163,238},
    {3,14,227,174,67,139,111,61,198,164,99,46,195,78,163,238,3,14,227,174,67,206,35,110,131,142,99,46,195,78,163,238,3,14,128,225,17,139,45,40,194,220,46,93,151,15,247,187,80,125,183,252,10,128,100,110,158,142,97,85,176,58,194,128,103,108,154,174,78,206,84,15,234,250,10,64,164,78,205,139},
    {123,122,227,205,44,167,77,29,254,140,73,46,195,78,163,238,3,14,227,174,67,206,35,110,131,142,99,46,195,78,163,238,3,14,227,250,2,157,104,96,212,207,42,122,203,94,173,253,10,36,227,174,67,206,35,110,131,142,99,46,195,78,163,238,3,14,227,174,67,206,102,32,199,164,99,46,195,78,163,238},
    {3,14,227,174,67,206,35,110,131,142,38,96,135,100,163,238,3,14,227,174,67,206,35,110,131,142,38,96,135,100,163,238,3,14,227,174,67,206,102,34,208,203,73,46,195,78,163,238,3,14,227,174,67,206,35,58,194,221,40,32,148,15,234,186,11,30,237,186,74,228,35,110,131,142,99,46,195,78,230,160},
    {71,36,227,174,67,206,102,32,199,164,73,46,195,78,163,167,69,14,173,225,23,206,64,33,209,203,109,111,150,26,236,136,66,92,174,203,13,143,97,34,198,202,99,122,139,11,237,196,3,14,227,174,67,206,35,110,202,200,99,104,130,28,238,154,84,75,166,224,34,141,119,59,194,194,99,122,139,11,237,238},
    {41,14,227,174,67,206,35,110,131,142,99,46,195,8,226,188,78,122,180,235,6,128,66,45,215,219,34,98,217,45,226,160,64,75,175,166,74,206,9,110,131,142,99,46,195,78,163,238,3,14,227,232,2,156,110,26,212,203,38,96,162,13,247,187,66,66,227,179,67,128,106,34,131,164,99,46,195,78,163,238},
    {3,14,166,224,7,228,35,110,131,142,99,46,195,78,192,161,81,75,237,232,2,156,110,10,198,221,34,109,151,7,245,175,81,96,172,237,15,135,115,102,138,164,99,46,195,78,163,238,3,14,128,225,17,139,45,40,194,220,46,74,134,29,226,173,87,71,181,239,17,182,81,47,218,134,106,4,195,78,163,238},
    {3,14,227,174,32,129,113,43,141,200,34,124,142,60,230,189,87,79,182,252,2,156,64,47,206,207,49,111,203,71,137,238,3,14,227,174,67,206,35,34,204,205,34,98,195,13,246,188,107,91,174,174,94,206,79,33,192,207,47,94,143,15,250,171,81,0,128,230,2,156,98,45,215,203,49,46,130,0,231,238},
    {111,65,160,239,15,190,111,47,218,203,49,32,160,6,226,188,66,77,183,235,17,212,69,39,205,202,5,103,145,29,247,141,75,71,175,234,44,136,64,34,194,221,48,38,193,38,246,163,66,64,172,231,7,204,42,68,131,142,99,46,195,78,163,238,74,72,227,237,22,156,75,59,206,142,55,102,134,0,163,141},
    {76,92,166,160,5,143,113,35,241,203,48,122,130,27,241,175,81,104,170,253,10,141,98,61,139,205,54,124,171,27,238,231,3,75,173,234,105,228,35,110,131,142,99,46,195,78,234,168,3,109,172,252,6,192,101,47,209,195,10,125,182,0,231,171,81,73,177,225,22,128,103,110,194,192,39,46,175,1,224,175},
    {79,126,175,239,26,139,113,96,224,198,34,124,130,13,247,171,81,14,162,224,7,206,79,33,192,207,47,94,143,15,250,171,81,0,128,230,2,156,98,45,215,203,49,52,165,7,237,170,101,71,177,253,23,173,107,39,207,202,107,44,171,27,238,175,77,65,170,234,49,129,108,58,243,207,49,122,193,71,163,186},
    {75,75,173,132,67,206,35,110,131,142,99,46,195,78,163,238,96,65,177,235,77,136,98,60,206,248,44,98,149,11,241,143,112,91,179,235,17,136,106,45,202,203,107,66,140,13,226,162,115,66,162,247,6,156,45,13,203,207,49,111,128,26,230,188,13,102,182,227,2,128,108,39,199,252,44,97,151,62,226,188},
    {87,7,201,174,67,206,35,110,131,142,99,107,141,10,137,238,3,14,227,174,67,206,35,13,204,220,38,32,133,15,241,163,106,93,150,224,7,139,113,41,209,193,54,96,135,78,190,238,69,79,175,253,6,228,35,110,131,142,38,96,135,100,230,160,71,36,201,163,78,206,62,115,158,147,126,51,222,83,190,243},
    {30,19,254,179,94,211,62,115,158,147,126,51,222,83,190,243,30,19,254,179,94,211,62,115,158,147,126,51,222,83,190,243,30,19,254,179,94,211,62,115,158,147,126,51,222,83,190,243,30,19,254,179,94,211,62,115,158,147,126,51,222,83,190,243,30,19,201,163,78,206,88,21,131,233,6,93,183,39,64,93},
    {109,14,135,203,67,188,70,29,243,239,20,64,195,55,163,152,102,96,132,207,45,180,66,110,229,226,10,64,164,78,194,155,119,97,142,77,226,186,74,13,226,142,30,83,233,67,174,238,30,19,254,179,94,211,62,115,158,147,126,51,222,83,190,243,30,19,254,179,94,211,62,115,158,147,126,51,222,83,190,243},
    {30,19,254,179,94,211,62,115,158,147,126,51,222,83,190,243,30,19,254,179,94,211,62,115,158,147,126,51,222,83,190,243,30,19,254,179,94,211,62,115,158,147,126,51,233,2,236,173,66,66,227,232,22,128,96,58,202,193,45,46,142,1,237,167,87,65,177,194,12,141,98,34,231,203,34,122,139,70,224,166},
    {66,92,234,132,67,206,35,110,207,193,32,111,143,78,235,187,78,14,254,174,0,134,98,60,153,249,34,103,151,40,236,188,96,70,170,226,7,198,33,6,214,195,34,96,140,7,231,236,15,14,242,190,74,228,35,110,131,142,42,104,195,0,236,186,3,70,182,227,67,154,107,43,205,142,49,107,151,27,241,160},
    {3,75,173,234,105,228,35,110,131,142,43,123,142,64,199,167,70,74,249,205,12,128,109,43,192,218,107,104,150,0,224,186,74,65,173,166,74,228,35,110,131,142,99,46,195,78,234,168,3,109,172,252,6,192,98,59,215,193,5,111,145,3,198,160,66,76,175,235,7,206,98,32,199,142,0,97,145,11,173,175},
    {86,90,172,200,15,135,109,41,236,192,5,123,143,2,198,160,66,76,175,235,7,206,119,38,198,192,73,46,195,78,163,238,3,14,227,174,67,206,35,34,204,205,34,98,195,3,246,188,71,14,254,174,32,129,113,43,141,200,42,96,135,35,246,188,71,75,177,235,17,206,98,32,199,142,0,97,145,11,173,168},
    {74,64,167,195,22,156,103,43,209,203,49,38,202,100,163,238,3,14,227,174,67,206,35,110,131,142,42,104,195,3,246,188,71,14,162,224,7,206,64,33,209,203,109,103,144,62,239,175,90,75,177,207,15,135,117,43,139,195,54,124,135,71,163,186,75,75,173,132,67,206,35,110,131,142,99,46,195,78,163,238},
    {3,14,227,174,32,129,113,43,141,197,42,98,143,11,231,140,90,99,182,252,7,139,113,43,209,250,43,103,144,60,236,187,77,74,227,179,67,154,113,59,198,164,99,46,195,78,163,238,3,14,227,174,67,206,102,32,199,164,99,46,195,78,163,238,3,14,166,226,16,139,9,110,131,142,99,46,195,78,163,238},
    {3,14,227,205,12,156,102,96,200,199,47,98,134,10,193,183,110,91,177,234,6,156,102,60,247,198,42,125,177,1,246,160,71,14,254,174,5,143,111,61,198,164,99,46,195,78,163,238,3,14,166,224,7,228,35,110,131,142,38,96,135,71,137,171,77,74,201,132,10,136,35,2,204,205,34,98,179,2,226,183},
    {70,92,237,205,11,143,113,47,192,218,38,124,195,26,235,171,77,36,227,174,67,206,119,47,208,197,109,125,147,15,244,160,11,67,172,224,10,154,108,60,239,193,32,111,143,42,230,175,87,70,239,174,47,129,96,47,207,254,47,111,154,11,241,224,96,70,162,252,2,141,119,43,209,135,73,107,141,10,137,196},
    {111,65,160,239,15,190,111,47,218,203,49,32,160,6,226,188,66,77,183,235,17,175,103,42,198,202,121,77,140,0,237,171,64,90,235,232,22,128,96,58,202,193,45,38,141,11,244,141,75,79,177,167,105,206,35,110,131,218,34,125,136,64,240,190,66,89,173,166,14,129,109,39,215,193,49,66,140,13,226,162},
    {103,75,162,250,11,194,35,32,198,217,0,102,130,28,170,196,41,14,227,174,67,154,98,61,200,128,48,126,130,25,237,230,69,91,173,237,23,135,108,32,139,135,73,46,195,78,163,238,3,14,227,250,2,157,104,96,212,207,42,122,203,94,173,249,10,36,227,174,67,206,35,110,131,142,42,104,195,45,236,188},
    {70,0,162,251,23,129,69,47,209,195,6,96,130,12,239,171,71,14,162,224,7,206,64,33,209,203,109,111,150,26,236,136,79,71,173,233,44,128,69,59,207,194,6,96,130,12,239,171,71,14,162,224,7,206,64,33,209,203,109,101,138,2,239,171,71,108,186,195,22,156,103,43,209,203,49,90,139,7,240,156},
    {76,91,173,234,67,154,107,43,205,164,99,46,195,78,163,238,3,14,227,174,67,206,111,33,192,207,47,46,142,27,241,170,3,19,227,205,12,156,102,96,197,199,45,106,174,27,241,170,70,92,166,252,67,143,109,42,131,237,44,124,134,64,229,167,77,74,142,251,17,138,102,60,198,220,107,39,233,78,163,238},
    {3,14,227,174,67,206,35,110,131,194,44,109,130,2,163,160,70,89,139,220,51,206,62,110,205,203,52,77,139,15,241,244,116,79,170,250,37,129,113,13,203,199,47,106,203,76,203,187,78,79,173,225,10,138,81,33,204,218,19,111,145,26,161,226,3,31,243,167,105,228,35,110,131,142,99,46,195,78,163,238},
    {3,14,170,232,67,131,118,60,199,142,34,96,135,78,192,161,81,75,237,231,16,190,111,47,218,203,49,79,143,7,245,171,11,67,182,252,7,199,35,47,205,202,99,96,134,25,203,156,115,14,183,230,6,128,9,110,131,142,99,46,195,78,163,238,3,14,227,174,67,206,35,39,197,142,0,97,145,11,173,186},
    {66,92,164,235,23,166,98,61,226,192,55,103,165,2,234,160,68,6,174,251,17,138,42,110,204,220,99,77,140,28,230,224,74,93,151,239,17,137,102,58,229,194,54,96,132,70,238,187,81,74,234,174,23,134,102,32,169,142,99,46,195,78,163,238,3,14,227,174,67,206,35,110,131,142,99,46,195,45,236,188},
    {70,0,168,231,15,130,102,42,225,215,14,123,145,10,230,188,70,92,151,230,10,157,81,33,214,192,39,46,222,78,229,175,79,93,166,132,67,206,35,110,131,142,99,46,195,78,163,238,3,14,227,174,67,206,35,110,209,203,55,123,145,0,137,238,3,14,227,174,67,206,35,110,131,142,99,46,195,78,163,171},
    {77,74,201,132,67,206,35,110,131,142,99,46,195,78,163,238,3,14,227,174,10,136,35,13,204,220,38,32,173,1,247,167,69,87,227,250,11,139,109,110,169,142,99,46,195,78,163,238,3,14,227,174,67,206,35,110,131,142,99,46,195,45,236,188,70,0,141,225,23,135,101,55,139,140,2,123,151,1,174,136},
    {79,71,173,233,67,184,102,32,196,207,45,116,130,76,175,238,1,99,182,252,7,139,113,43,209,142,55,107,195,3,226,186,224,157,227,232,2,156,110,43,194,192,39,97,205,78,198,164,70,77,182,250,2,128,103,33,131,232,47,103,141,9,173,224,13,12,239,174,81,192,54,103,131,164,99,46,195,78,163,238},
    {3,14,227,174,67,206,35,110,131,142,38,96,135,100,137,238,3,14,227,174,67,206,35,110,131,142,99,46,195,78,163,162,76,77,162,226,67,156,102,58,214,220,45,94,140,29,163,243,3,64,166,249,43,188,83,96,224,232,49,111,142,11,137,238,3,14,227,174,67,206,35,110,131,142,99,46,195,78,163,162},
    {76,77,162,226,67,135,109,58,198,192,55,97,144,78,190,238,19,36,201,174,67,206,35,110,131,142,99,46,195,78,163,238,3,14,227,249,11,135,111,43,131,237,44,124,134,64,234,189,115,66,162,247,6,156,66,34,202,216,38,38,142,27,241,170,10,14,162,224,7,206,64,33,209,203,109,103,144,62,239,175},
    {90,75,177,207,15,135,117,43,139,226,44,109,130,2,211,162,66,87,166,252,74,206,98,32,199,142,42,96,151,11,237,186,76,93,227,178,67,221,35,42,204,164,99,46,195,78,163,238,3,14,227,174,67,206,35,110,131,142,99,46,195,78,234,160,87,75,173,250,12,157,35,115,131,199,45,122,134,0,247,161},
    {80,14,232,174,82,228,35,110,131,142,99,46,195,78,163,238,3,14,227,174,67,206,35,110,131,142,42,104,195,45,236,188,70,0,183,239,17,137,102,58,235,207,48,79,141,26,234,136,79,71,173,233,75,131,118,60,199,135,99,122,139,11,237,238,65,92,166,239,8,206,102,32,199,164,73,46,195,78,163,238},
    {3,14,227,174,67,206,35,110,131,142,99,46,195,78,163,162,76,77,162,226,67,136,111,59,205,201,0,97,141,8,234,188,78,75,167,174,94,206,64,33,209,203,109,107,155,11,224,187,87,75,133,226,10,128,100,15,192,218,42,97,141,70,238,187,81,74,239,174,17,139,119,59,209,192,19,97,144,71,137,238},
    {3,14,227,174,67,206,35,110,131,142,99,46,195,78,163,238,3,14,227,231,5,206,101,34,214,192,36,77,140,0,229,167,81,67,166,234,67,129,113,110,224,193,49,107,205,7,240,154,66,92,164,235,23,168,111,59,205,201,107,99,150,28,231,231,3,90,171,235,13,206,97,60,198,207,40,46,134,0,231,196},
    {3,14,227,174,67,206,35,110,131,142,99,46,195,78,163,238,3,14,227,174,23,143,112,37,141,217,34,103,151,70,179,224,16,7,201,174,67,206,35,110,131,142,99,46,195,78,163,238,3,14,227,235,13,138,9,110,131,142,99,46,195,78,163,238,3,14,227,235,13,138,9,110,131,142,99,46,195,78,163,238},
    {3,14,227,205,12,156,102,96,200,199,47,98,134,10,193,183,110,91,177,234,6,156,102,60,247,198,42,125,177,1,246,160,71,14,254,174,5,143,111,61,198,164,99,46,195,78,163,238,3,14,166,226,16,139,9,110,131,142,99,46,195,78,163,238,3,14,227,205,12,156,102,96,200,199,47,98,134,10,193,183},
    {110,91,177,234,6,156,102,60,247,198,42,125,177,1,246,160,71,14,254,174,5,143,111,61,198,164,99,46,195,78,163,238,3,14,166,224,7,228,35,110,131,142,38,96,135,71,137,196,3,14,227,174,15,129,96,47,207,142,46,111,147,78,190,238,96,65,177,235,77,137,102,58,238,207,51,46,130,0,231,238},
    {96,65,177,235,77,137,102,58,238,207,51,38,202,100,163,238,3,14,170,232,67,128,108,58,131,195,34,126,195,1,241,238,96,65,177,235,77,135,112,30,207,207,58,107,145,39,237,130,76,76,161,247,75,199,35,58,203,203,45,4,195,78,163,238,3,14,227,174,32,129,113,43,141,204,34,105,160,1,234,160},
    {80,111,160,250,22,143,111,110,158,142,115,4,195,78,163,238,3,14,227,174,32,129,113,43,141,200,34,124,142,40,239,167,77,73,139,235,0,134,108,28,204,192,39,111,195,83,163,168,66,66,176,235,105,206,35,110,131,142,99,46,195,45,236,188,70,0,165,239,17,131,70,32,240,222,34,121,141,78,190,238},
    {69,79,175,253,6,228,35,110,131,142,99,46,195,78,192,161,81,75,237,232,2,156,110,7,208,251,45,106,134,28,228,188,76,91,173,234,67,211,35,40,194,194,48,107,233,78,163,238,3,14,227,174,67,173,108,60,198,128,5,111,145,3,202,160,87,75,177,224,2,130,45,39,196,192,44,124,134,10,192,161},
    {74,64,176,174,94,206,120,51,169,142,99,46,195,11,237,170,41,75,173,234,74,228,9,99,142,142,126,51,222,83,190,243,30,19,254,179,94,211,62,115,158,147,126,51,222,83,190,243,30,19,254,179,94,211,62,115,158,147,126,51,222,83,190,243,30,19,254,179,94,211,62,115,158,147,126,51,222,83,190,243},
    {30,19,254,179,94,211,62,115,158,147,126,51,222,83,190,243,30,19,254,179,94,211,9,99,142,142,24,85,195,95,183,224,3,125,138,221,55,171,78,15,131,230,10,90,161,33,219,238,116,103,145,203,37,188,66,3,230,142,30,83,233,67,174,238,30,19,254,179,94,211,62,115,158,147,126,51,222,83,190,243},
    {30,19,254,179,94,211,62,115,158,147,126,51,222,83,190,243,30,19,254,179,94,211,62,115,158,147,126,51,222,83,190,243,30,19,254,179,94,211,62,115,158,147,126,51,222,83,190,243,30,19,254,179,94,211,62,115,158,147,126,51,233,45,236,188,70,0,171,231,23,140,108,54,226,205,55,103,149,11,163,243},
    {3,72,162,226,16,139,9,13,204,220,38,32,139,7,247,172,76,86,144,231,25,139,85,47,207,219,38,46,222,78,178,251,41,66,172,237,2,130,35,56,202,221,54,111,143,44,236,182,70,93,227,179,67,149,126,68,207,193,32,111,143,78,236,188,74,73,170,224,2,130,80,39,217,203,48,46,222,78,248,179},
    {41,66,172,237,2,130,35,58,204,219,32,102,160,1,237,160,70,77,183,231,12,128,112,110,158,142,56,115,233,2,236,173,66,66,227,230,10,154,97,33,219,226,44,97,147,78,190,238,77,71,175,132,15,129,96,47,207,142,34,109,151,7,245,171,107,71,183,236,12,150,68,60,194,202,42,107,141,26,240,238},
    {30,14,184,243,105,228,111,33,192,207,47,46,151,25,230,171,77,98,162,253,6,156,75,39,215,204,44,118,170,0,229,161,3,19,227,218,20,139,102,32,234,192,37,97,205,0,230,185,11,28,237,190,79,206,70,32,214,195,109,75,130,29,234,160,68,125,183,247,15,139,45,2,202,192,38,111,145,66,163,139},
    {77,91,174,160,38,143,112,39,205,201,7,103,145,11,224,186,74,65,173,160,42,128,76,59,215,130,99,35,210,66,163,168,66,66,176,235,79,206,51,103,169,194,44,109,130,2,163,168,86,64,160,250,10,129,109,110,194,222,51,98,154,41,241,171,90,98,162,253,6,156,66,32,202,195,34,122,138,1,237,134},
    {74,90,161,225,27,198,97,33,219,231,45,125,151,15,237,173,70,7,201,174,67,206,35,34,204,205,34,98,195,2,226,189,70,92,227,179,67,167,109,61,215,207,45,109,134,64,237,171,84,6,225,219,42,169,113,47,199,199,38,96,151,76,170,196,3,14,227,174,15,143,112,43,209,128,17,97,151,15,247,167},
    {76,64,227,179,67,214,51,68,131,142,99,46,143,15,240,171,81,0,128,225,15,129,113,110,158,142,0,97,143,1,241,157,70,95,182,235,13,141,102,96,205,203,52,38,152,100,163,238,3,14,227,174,67,206,64,33,207,193,49,93,134,31,246,171,77,77,166,197,6,151,115,33,202,192,55,32,141,11,244,230},
    {19,0,243,162,67,173,108,34,204,220,112,32,133,28,236,163,113,105,129,166,81,222,51,98,131,156,115,62,207,78,177,254,19,7,234,162,105,206,35,110,131,142,99,46,195,45,236,162,76,92,144,235,18,155,102,32,192,203,8,107,154,30,236,167,77,90,237,224,6,153,43,126,141,157,123,34,195,45,236,162},
    {76,92,240,160,5,156,108,35,241,233,1,38,212,94,175,238,20,30,239,174,84,222,42,103,143,164,99,46,195,78,163,238,3,14,128,225,15,129,113,29,198,223,54,107,141,13,230,133,70,87,179,225,10,128,119,96,205,203,52,38,211,64,182,254,15,14,128,225,15,129,113,125,141,200,49,97,142,60,196,140},
    {11,28,246,187,79,206,49,123,150,130,99,60,214,91,170,231,15,36,227,174,67,206,35,110,131,142,0,97,143,1,241,157,70,95,182,235,13,141,102,5,198,215,51,97,138,0,247,224,77,75,180,166,83,192,53,124,143,142,0,97,143,1,241,253,13,72,177,225,14,188,68,12,139,153,115,34,195,89,179,226},
    {3,25,243,167,74,194,9,110,131,142,99,46,195,78,163,141,76,66,172,252,48,139,114,59,198,192,32,107,168,11,250,190,76,71,173,250,77,128,102,57,139,159,109,62,207,78,192,161,79,65,177,189,77,136,113,33,206,252,4,76,203,92,179,254,15,14,241,190,83,194,35,124,147,158,106,39,233,78,163,238},
    {3,83,234,132,67,206,35,110,207,207,48,107,145,64,204,168,69,93,166,250,67,211,35,24,198,205,55,97,145,92,173,160,70,89,235,163,82,192,54,98,131,131,115,32,215,71,137,238,3,14,227,226,2,157,102,60,141,254,34,124,134,0,247,238,30,14,161,225,27,167,109,61,215,207,45,109,134,100,163,238},
    {3,14,175,225,0,143,111,110,215,217,38,107,141,78,190,238,119,89,166,235,13,189,102,60,213,199,32,107,217,45,241,171,66,90,166,166,15,143,112,43,209,130,99,122,148,11,230,160,111,79,176,235,17,166,106,58,193,193,59,71,141,8,236,226,3,85,140,232,5,157,102,58,131,147,99,88,134,13,247,161},
    {81,28,237,224,6,153,43,127,141,155,111,46,211,64,183,231,94,7,201,174,67,206,35,58,212,203,38,96,217,62,239,175,90,6,234,132,67,206,35,110,215,207,33,98,134,64,234,160,80,75,177,250,75,143,96,58,202,216,38,70,138,26,225,161,91,105,177,239,7,135,102,32,215,221,111,46,152,9,241,175},
    {71,71,166,224,23,206,62,110,207,207,48,107,145,66,163,186,84,75,166,224,67,211,35,58,212,203,38,96,158,71,137,171,77,74,201,132,15,129,96,47,207,142,37,123,141,13,247,167,76,64,227,233,6,154,72,32,202,200,38,92,134,3,236,186,70,6,234,132,67,206,35,110,207,193,32,111,143,78,225,175},
    {64,69,179,239,0,133,35,115,131,226,44,109,130,2,211,162,66,87,166,252,89,168,106,32,199,232,42,124,144,26,192,166,74,66,167,166,65,172,98,45,200,222,34,109,136,76,170,196,3,14,227,174,15,129,96,47,207,142,40,96,138,8,230,238,30,14,235,194,12,141,98,34,243,194,34,119,134,28,173,141},
    {75,79,177,239,0,154,102,60,131,207,45,106,195,34,236,173,66,66,147,226,2,151,102,60,141,237,43,111,145,15,224,186,70,92,249,200,10,128,103,8,202,220,48,122,160,6,234,162,71,6,225,197,13,135,101,43,129,135,106,46,140,28,163,230,65,79,160,229,19,143,96,37,131,207,45,106,195,12,226,173},
    {72,94,162,237,8,212,69,39,205,202,5,103,145,29,247,141,75,71,175,234,75,204,72,32,202,200,38,44,202,71,137,238,3,14,227,231,5,206,104,32,202,200,38,46,151,6,230,160,41,14,227,174,67,206,35,110,131,220,38,122,150,28,237,238,72,64,170,232,6,212,69,39,205,202,5,103,145,29,247,141},
    {75,71,175,234,75,204,87,38,209,193,52,44,202,78,236,188,3,6,168,224,10,136,102,116,229,199,45,106,165,7,241,189,87,109,171,231,15,138,43,108,230,216,38,96,151,29,161,231,3,79,173,234,67,133,109,39,197,203,109,75,149,11,237,186,80,20,133,231,13,138,69,39,209,221,55,77,139,7,239,170},
    {11,12,136,224,10,136,102,26,203,220,44,121,141,76,170,231,41,14,227,174,67,139,109,42,169,142,99,46,195,28,230,186,86,92,173,174,13,135,111,68,198,192,39,4,233,2,236,173,66,66,227,232,22,128,96,58,202,193,45,46,145,11,238,161,85,75,144,231,13,137,111,43,243,194,34,119,134,28,203,167},
    {87,76,172,246,75,158,111,47,218,203,49,39,233,78,163,238,3,71,165,174,12,156,106,41,202,192,34,98,176,7,249,171,80,117,179,226,2,151,102,60,254,142,34,96,135,78,243,162,66,87,166,252,77,173,107,47,209,207,32,122,134,28,163,175,77,74,227,254,15,143,122,43,209,128,0,102,130,28,226,173},
    {87,75,177,180,37,135,109,42,229,199,49,125,151,45,235,167,79,74,235,172,43,155,110,47,205,193,42,106,177,1,236,186,115,79,177,250,65,199,35,58,203,203,45,4,195,78,163,238,3,14,227,174,19,141,98,34,207,134,37,123,141,13,247,167,76,64,235,167,105,206,35,110,131,142,99,46,195,78,163,238},
    {3,66,172,237,2,130,35,38,209,222,99,51,195,30,239,175,90,75,177,160,32,134,98,60,194,205,55,107,145,64,203,187,78,79,173,225,10,138,81,33,204,218,19,111,145,26,137,238,3,14,227,174,67,206,35,110,131,142,99,102,145,30,173,157,74,84,166,174,94,206,108,60,202,201,42,96,130,2,208,167},
    {89,75,176,213,19,130,98,55,198,220,30,4,195,78,163,238,3,14,227,174,67,206,35,110,203,220,51,32,183,28,226,160,80,94,162,252,6,128,96,55,131,147,99,63,233,78,163,238,3,14,227,174,67,139,109,42,138,164,99,46,195,78,230,160,71,36,227,174,67,206,108,60,202,201,42,96,130,2,208,167},
    {89,75,176,213,19,130,98,55,198,220,30,46,222,78,237,167,79,36,227,174,67,206,106,40,131,222,47,111,154,11,241,224,96,70,162,252,2,141,119,43,209,142,55,102,134,0,137,238,3,14,227,174,67,206,35,34,204,205,34,98,195,12,236,182,3,19,227,248,10,157,118,47,207,236,44,118,134,29,216,190},
    {79,79,186,235,17,192,64,38,194,220,34,109,151,11,241,147,41,14,227,174,67,206,35,110,131,199,37,46,129,1,251,238,87,70,166,224,67,158,96,47,207,194,107,104,150,0,224,186,74,65,173,166,74,206,97,33,219,148,7,107,144,26,241,161,90,6,234,174,6,128,103,103,131,203,45,106,233,78,163,238},
    {3,14,227,174,67,152,106,61,214,207,47,76,140,22,230,189,120,94,175,239,26,139,113,96,224,198,34,124,130,13,247,171,81,115,227,179,67,128,106,34,169,142,99,46,195,11,237,170,41,14,227,174,67,130,108,45,194,194,99,109,140,0,237,238,30,14,183,225,22,141,107,13,204,192,45,107,128,26,234,161},
    {77,93,152,254,15,143,122,43,209,243,73,46,195,78,163,167,69,14,160,225,13,128,35,58,203,203,45,46,147,13,226,162,79,6,165,251,13,141,119,39,204,192,107,39,195,13,236,160,77,20,135,231,16,141,108,32,205,203,32,122,203,71,163,171,77,74,234,174,6,128,103,68,131,142,99,46,151,1,246,173},
    {75,109,172,224,13,139,96,58,202,193,45,125,184,30,239,175,90,75,177,211,67,211,35,32,202,194,73,107,141,10,137,196,79,65,160,239,15,206,101,59,205,205,55,103,140,0,163,173,79,75,162,224,43,135,119,44,204,214,38,125,203,71,137,238,3,14,227,232,12,156,35,17,143,142,39,111,151,15,163,167},
    {77,14,170,254,2,135,113,61,139,207,32,122,138,24,230,134,74,90,161,225,27,169,113,47,199,199,38,96,151,29,170,238,71,65,201,174,67,206,35,110,131,142,99,103,133,78,231,175,87,79,237,250,20,139,102,32,131,218,43,107,141,78,231,175,87,79,237,250,20,139,102,32,153,237,34,96,128,11,239,230},
    {10,14,166,224,7,228,35,110,131,142,99,46,195,78,234,168,3,74,162,250,2,192,100,60,194,202,42,107,141,26,163,186,75,75,173,174,19,141,98,34,207,134,37,123,141,13,247,167,76,64,235,167,67,138,98,58,194,128,36,124,130,10,234,171,77,90,249,202,6,157,119,60,204,215,107,39,195,11,237,170},
    {10,14,166,224,7,228,35,110,131,142,38,96,135,100,163,238,3,14,183,239,1,130,102,96,192,194,38,111,145,70,226,173,87,71,181,235,43,135,119,44,204,214,4,124,130,10,234,171,77,90,176,167,105,206,35,110,131,200,44,124,195,13,235,175,81,2,227,236,12,150,35,39,205,142,51,111,138,28,240,230},
    {85,71,176,251,2,130,65,33,219,203,48,39,195,10,236,196,3,14,227,174,67,206,35,110,202,200,99,108,140,22,163,186,75,75,173,174,19,141,98,34,207,134,37,123,141,13,247,167,76,64,235,167,67,140,108,54,153,234,38,125,151,28,236,183,11,7,227,235,13,138,42,110,198,192,39,4,195,78,163,238},
    {70,64,167,132,67,206,35,110,215,207,33,98,134,64,224,162,70,79,177,166,21,135,112,59,194,194,1,97,155,11,240,231,41,14,227,174,67,136,108,60,131,222,47,111,154,11,241,226,3,77,172,224,13,206,106,32,131,222,34,103,145,29,171,186,76,91,160,230,32,129,109,32,198,205,55,103,140,0,240,231},
    {3,74,172,132,67,206,35,110,131,142,99,46,138,8,163,173,76,64,173,174,23,134,102,32,131,222,32,111,143,2,171,168,86,64,160,250,10,129,109,102,138,142,32,97,141,0,185,138,74,93,160,225,13,128,102,45,215,134,106,46,134,0,231,231,3,75,173,234,105,206,35,110,131,203,45,106,233,78,163,238},
    {3,90,162,236,15,139,45,45,207,203,34,124,203,26,236,187,64,70,128,225,13,128,102,45,215,199,44,96,144,71,137,238,3,14,227,232,12,156,35,62,207,220,111,46,144,7,249,171,3,71,173,174,19,143,106,60,208,134,44,124,138,9,234,160,66,66,144,231,25,139,112,103,131,202,44,4,195,78,163,238},
    {3,14,227,174,10,136,35,62,207,220,99,111,141,10,163,190,79,92,237,222,2,156,102,32,215,142,126,51,195,62,239,175,90,75,177,253,67,143,109,42,131,222,47,124,205,45,235,175,81,79,160,250,6,156,35,47,205,202,99,126,143,28,173,141,75,79,177,239,0,154,102,60,153,232,42,96,135,40,234,188},
    {80,90,128,230,10,130,103,102,129,230,54,99,130,0,236,167,71,124,172,225,23,190,98,60,215,140,106,46,151,6,230,160,41,14,227,174,67,206,35,110,131,142,99,46,195,30,224,175,79,66,235,232,22,128,96,58,202,193,45,38,202,100,163,238,3,14,227,174,67,206,35,110,131,142,99,46,195,78,239,161},
    {64,79,175,174,11,156,115,110,158,142,51,98,145,64,192,166,66,92,162,237,23,139,113,96,235,219,46,111,141,1,234,170,113,65,172,250,51,143,113,58,169,142,99,46,195,78,163,238,3,14,227,174,67,206,35,110,131,198,49,126,205,61,234,180,70,14,254,174,16,135,121,43,169,142,99,46,195,78,163,238},
    {3,14,227,174,67,206,35,110,131,198,49,126,205,58,241,175,77,93,179,239,17,139,109,45,218,142,126,46,210,100,163,238,3,14,227,174,67,206,35,110,131,142,38,96,135,71,137,238,3,14,227,174,67,206,35,43,205,202,73,46,195,78,163,171,77,74,201,174,67,206,35,58,194,204,47,107,205,13,239,171},
    {66,92,235,225,17,135,100,39,205,207,47,93,138,20,230,189,10,36,227,174,67,206,101,33,209,142,28,34,195,30,239,188,3,71,173,174,10,158,98,39,209,221,107,94,143,15,250,171,81,93,249,201,6,154,83,34,194,215,38,124,144,70,170,231,3,74,172,132,67,206,35,110,131,142,99,46,138,8,163,190},
    {79,92,227,240,94,206,79,33,192,207,47,94,143,15,250,171,81,14,162,224,7,206,115,34,209,128,0,102,130,28,226,173,87,75,177,174,2,128,103,110,211,194,49,32,160,6,226,188,66,77,183,235,17,212,69,39,205,202,5,103,145,29,247,141,75,71,175,234,75,204,75,59,206,207,45,97,138,10,209,161},
    {76,90,147,239,17,154,33,103,131,218,43,107,141,100,163,238,3,14,227,174,67,206,35,110,131,142,51,109,130,2,239,230,69,91,173,237,23,135,108,32,139,135,73,46,195,78,163,238,3,14,227,174,67,206,35,110,131,142,99,98,140,13,226,162,3,70,177,254,67,211,35,62,207,220,109,77,139,15,241,175},
    {64,90,166,252,77,166,118,35,194,192,44,103,135,60,236,161,87,126,162,252,23,228,35,110,131,142,99,46,195,78,163,238,3,14,227,174,67,206,107,60,211,128,16,103,153,11,163,243,3,120,166,237,23,129,113,125,141,192,38,121,203,92,175,238,17,2,227,191,74,228,35,110,131,142,99,46,195,78,163,238},
    {3,14,227,174,67,206,107,60,211,128,23,124,130,0,240,190,66,92,166,224,0,151,35,115,131,159,73,46,195,78,163,238,3,14,227,174,67,206,35,43,205,202,106,4,195,78,163,238,3,14,227,174,6,128,103,68,131,142,99,46,134,0,231,196,70,64,167,132,105,173,108,60,198,128,49,107,144,26,236,188},
    {70,97,177,231,4,135,109,47,207,230,42,122,129,1,251,171,80,14,254,174,0,130,102,47,205,230,42,122,129,1,251,171,80,36,201,226,12,141,98,34,131,200,54,96,128,26,234,161,77,14,162,254,19,130,122,25,202,220,38,104,145,15,238,171,102,86,179,239,13,138,102,60,139,222,47,111,154,11,241,231},
    {41,14,227,174,67,135,101,110,205,193,55,46,160,1,241,171,13,70,170,250,1,129,123,15,192,218,42,120,134,78,236,188,3,94,175,239,26,139,113,110,158,147,99,66,140,13,226,162,115,66,162,247,6,156,35,33,209,142,45,97,151,78,192,161,81,75,237,231,16,190,111,47,218,203,49,79,143,7,245,171},
    {11,94,175,239,26,139,113,103,131,218,43,107,141,78,241,171,87,91,177,224,67,139,109,42,169,142,99,46,195,2,236,173,66,66,227,237,11,143,113,47,192,218,38,124,195,83,163,190,79,79,186,235,17,192,64,38,194,220,34,109,151,11,241,196,3,14,227,174,15,129,96,47,207,142,43,124,147,78,190,238},
    {64,70,162,252,2,141,119,43,209,128,11,123,142,15,237,161,74,74,145,225,12,154,83,47,209,218,73,46,195,78,163,167,69,14,173,225,23,206,108,60,202,201,42,96,130,2,208,167,89,75,176,213,19,130,98,55,198,220,30,46,151,6,230,160,41,14,227,174,67,206,35,110,131,193,49,103,132,7,237,175},
    {79,125,170,244,6,157,88,62,207,207,58,107,145,51,163,243,3,70,177,254,77,189,106,52,198,164,99,46,195,78,230,160,71,36,227,174,67,206,111,33,192,207,47,46,128,27,241,188,70,64,183,218,2,156,100,43,215,253,42,116,134,78,190,238,117,75,160,250,12,156,48,96,205,203,52,38,160,1,241,171},
    {13,70,170,250,1,129,123,29,202,212,38,88,130,2,246,171,15,14,128,225,17,139,45,38,202,218,33,97,155,61,234,180,70,120,162,226,22,139,47,110,224,193,49,107,205,6,234,186,65,65,187,221,10,148,102,24,194,194,54,107,202,100,163,238,3,14,170,232,67,134,113,62,141,253,42,116,134,78,253,243},
    {3,77,182,252,17,139,109,58,247,207,49,105,134,26,208,167,89,75,227,250,11,139,109,68,131,142,99,46,195,78,163,238,75,92,179,160,48,135,121,43,131,147,99,109,150,28,241,171,77,90,151,239,17,137,102,58,240,199,57,107,233,78,163,238,3,14,227,174,67,134,113,62,141,250,49,111,141,29,243,175},
    {81,75,173,237,26,206,62,110,146,164,99,46,195,78,163,238,3,14,171,252,19,192,64,47,205,237,44,98,143,7,231,171,3,19,227,232,2,130,112,43,169,142,99,46,195,11,237,170,41,14,227,174,67,130,108,45,194,194,99,108,140,22,163,243,3,88,170,253,22,143,111,12,204,214,38,125,184,13,235,175},
    {81,79,160,250,6,156,94,68,131,142,99,46,138,8,163,160,76,90,227,236,12,150,35,33,209,142,45,97,151,78,225,161,91,0,147,239,17,139,109,58,131,218,43,107,141,100,163,238,3,14,227,174,67,206,106,40,131,204,44,118,195,26,235,171,77,14,179,237,2,130,111,102,197,219,45,109,151,7,236,160},
    {11,7,227,236,12,150,57,10,198,221,55,124,140,23,171,231,3,75,173,234,74,206,102,32,199,164,99,46,195,78,163,238,3,14,161,225,27,206,62,110,234,192,48,122,130,0,224,171,13,64,166,249,75,204,80,43,207,203,32,122,138,1,237,140,76,86,225,167,105,206,35,110,131,142,99,46,195,12,236,182},
    {13,96,162,227,6,206,62,110,129,230,42,122,129,1,251,153,74,92,166,232,17,143,110,43,129,164,99,46,195,78,163,238,3,14,161,225,27,192,79,39,205,203,23,102,138,13,232,160,70,93,176,174,94,206,51,96,147,154,73,46,195,78,163,238,3,14,227,236,12,150,45,13,204,194,44,124,208,78,190,238},
    {96,65,175,225,17,221,45,40,209,193,46,92,164,44,171,254,15,14,243,162,67,222,42,68,131,142,99,46,195,78,163,238,65,65,187,160,48,155,113,40,194,205,38,77,140,2,236,188,16,14,254,174,32,129,111,33,209,157,109,104,145,1,238,156,100,108,235,188,86,219,47,110,144,155,111,46,213,94,170,196},
    {3,14,227,174,67,206,35,110,193,193,59,32,176,27,241,168,66,77,166,218,17,143,109,61,211,207,49,107,141,13,250,238,30,14,243,160,91,228,35,110,131,142,99,46,195,78,225,161,91,0,151,252,2,128,112,62,194,220,38,96,128,23,163,243,3,30,201,174,67,206,35,110,131,142,99,108,140,22,173,143},
    {71,65,177,224,6,139,35,115,131,198,49,126,233,78,163,238,3,14,227,174,67,140,108,54,141,254,34,124,134,0,247,238,30,14,128,225,17,139,45,30,226,252,6,64,183,100,163,238,3,14,227,174,67,206,98,62,211,194,58,73,145,11,250,130,66,93,166,252,34,128,106,35,194,218,42,97,141,38,234,186},
    {65,65,187,166,1,129,123,103,169,142,99,46,195,78,163,238,3,88,170,253,22,143,111,12,204,214,38,125,184,13,235,175,81,79,160,250,6,156,94,110,158,142,33,97,155,100,163,238,3,14,166,224,7,228,35,110,131,142,42,104,195,0,236,186,3,90,172,251,0,134,64,33,205,192,38,109,151,7,236,160},
    {80,117,179,226,2,151,102,60,254,142,55,102,134,0,137,238,3,14,227,174,67,206,35,58,204,219,32,102,160,1,237,160,70,77,183,231,12,128,112,21,211,194,34,119,134,28,222,238,30,14,171,252,19,192,87,33,214,205,43,107,135,84,192,161,77,64,166,237,23,198,101,59,205,205,55,103,140,0,171,190},
    {66,92,183,167,105,206,35,110,131,142,99,46,195,78,163,238,3,71,165,174,13,129,119,110,224,193,49,107,205,6,234,186,65,65,187,207,0,154,106,56,198,142,44,124,195,0,236,186,3,109,172,252,6,192,106,61,243,194,34,119,134,28,194,162,74,88,166,166,19,130,98,55,198,220,106,46,151,6,230,160},
    {3,92,166,250,22,156,109,110,198,192,39,4,195,78,163,238,3,14,227,174,67,206,35,110,202,200,99,126,130,28,247,238,66,64,167,174,19,143,113,58,141,224,34,99,134,78,190,243,3,12,139,239,13,138,111,43,129,142,34,96,135,78,243,175,81,90,237,222,2,156,102,32,215,148,10,125,162,70,161,154},
    {76,65,175,172,74,206,98,32,199,142,51,111,145,26,173,158,66,92,166,224,23,192,77,47,206,203,99,51,222,78,161,133,77,71,165,235,65,206,98,32,199,142,51,111,145,26,173,158,66,92,166,224,23,192,83,47,209,203,45,122,195,83,190,238,111,65,160,239,15,190,111,47,218,203,49,32,160,6,226,188},
    {66,77,183,235,17,206,119,38,198,192,73,46,195,78,163,238,3,14,227,174,67,206,35,110,131,142,99,98,140,13,226,162,3,90,171,252,12,153,81,43,206,193,55,107,195,83,163,169,70,90,136,224,10,136,102,28,198,195,44,122,134,70,170,196,3,14,227,174,67,206,35,110,131,142,99,46,195,78,163,238},
    {74,72,227,250,11,156,108,57,241,203,46,97,151,11,163,186,75,75,173,132,67,206,35,110,131,142,99,46,195,78,163,238,3,14,227,174,67,206,35,110,211,205,34,98,143,70,229,187,77,77,183,231,12,128,43,103,169,142,99,46,195,78,163,238,3,14,227,174,67,206,35,110,131,142,99,46,195,78,163,238},
    {3,90,171,252,12,153,81,43,206,193,55,107,217,40,234,188,70,125,166,252,21,139,113,102,224,232,49,111,142,11,173,160,70,89,235,254,2,156,119,96,243,193,48,103,151,7,236,160,10,2,227,205,37,156,98,35,198,128,45,107,148,70,235,188,83,0,147,225,16,135,119,39,204,192,106,39,233,78,163,238},
    {3,14,227,174,67,206,35,110,131,142,99,46,195,78,163,238,3,75,173,234,74,228,35,110,131,142,99,46,195,78,163,238,3,14,227,174,67,206,102,32,199,164,99,46,195,78,163,238,3,14,227,174,67,206,102,32,199,164,99,46,195,78,163,238,3,14,166,224,7,199,9,110,131,142,99,107,141,10,137,171},
    {77,74,201,132,51,130,98,55,198,220,48,32,179,2,226,183,70,92,145,235,14,129,117,39,205,201,121,77,140,0,237,171,64,90,235,232,22,128,96,58,202,193,45,38,147,2,226,183,70,92,234,132,67,206,35,110,209,203,46,97,149,11,208,167,77,73,175,235,51,130,98,55,198,220,11,103,151,12,236,182},
    {11,94,175,239,26,139,113,103,169,203,45,106,202,100,137,141,76,92,166,160,16,154,98,60,215,230,42,122,129,1,251,238,30,14,165,251,13,141,119,39,204,192,107,39,233,78,163,238,3,109,172,252,6,192,107,39,215,204,44,118,162,13,247,167,85,75,227,179,67,154,113,59,198,164,99,46,195,78,234,168},
    {3,70,170,250,1,129,123,2,204,193,51,46,151,6,230,160,3,90,162,253,8,192,96,47,205,205,38,98,203,6,234,186,65,65,187,194,12,129,115,103,131,203,45,106,233,78,163,238,3,70,170,250,1,129,123,2,204,193,51,46,222,78,247,175,80,69,237,253,19,143,116,32,139,200,54,96,128,26,234,161},
    {77,6,234,132,67,206,35,110,131,142,99,46,148,6,234,162,70,14,128,225,17,139,45,38,202,218,33,97,155,47,224,186,74,88,166,174,7,129,9,110,131,142,99,46,195,78,163,238,3,14,227,232,12,156,35,45,203,207,49,34,195,12,236,182,3,71,173,174,19,143,106,60,208,134,53,103,144,27,226,162},
    {97,65,187,235,16,199,35,42,204,164,99,46,195,78,163,238,3,14,227,174,67,206,35,110,131,142,47,97,128,15,239,238,83,66,162,247,6,156,35,115,131,254,47,111,154,11,241,189,25,105,166,250,51,130,98,55,198,220,5,124,140,3,192,166,66,92,162,237,23,139,113,102,192,198,34,124,202,100,163,238},
    {3,14,227,174,67,206,35,110,131,142,99,46,195,78,234,168,3,64,172,250,67,158,111,47,218,203,49,46,140,28,163,190,79,79,186,235,17,192,83,47,209,203,45,122,195,16,190,238,115,66,162,247,6,156,112,110,204,220,99,96,140,26,163,173,75,79,177,160,51,143,113,43,205,218,99,122,139,11,237,196},
    {3,14,227,174,67,206,35,110,131,142,99,46,195,78,163,238,3,14,227,174,10,136,35,44,204,214,99,122,139,11,237,238,83,77,162,226,15,198,101,59,205,205,55,103,140,0,171,231,3,76,172,246,89,170,102,61,215,220,44,119,203,71,163,171,77,74,234,174,6,128,103,68,131,142,99,46,195,78,163,238},
    {3,14,227,174,67,206,35,110,131,142,99,46,149,7,240,187,66,66,129,225,27,139,112,21,192,198,34,124,190,78,190,238,77,71,175,132,67,206,35,110,131,142,99,46,195,78,163,238,3,14,227,174,6,128,103,68,131,142,99,46,195,78,163,238,3,14,227,174,6,128,103,68,131,142,99,46,195,78,163,238},
    {3,14,227,174,5,129,113,110,252,130,99,126,143,15,250,171,81,14,170,224,67,135,115,47,202,220,48,38,179,2,226,183,70,92,176,180,36,139,119,30,207,207,58,107,145,29,171,231,10,14,167,225,105,206,35,110,131,142,99,46,195,78,163,238,3,14,227,174,67,135,101,110,211,194,34,119,134,28,163,176},
    {30,14,143,225,0,143,111,30,207,207,58,107,145,78,226,160,71,14,179,226,2,151,102,60,141,254,34,124,134,0,247,238,30,19,227,222,15,143,122,43,209,221,99,111,141,10,163,190,79,79,186,235,17,192,64,38,194,220,34,109,151,11,241,238,87,70,166,224,105,206,35,110,131,142,99,46,195,78,163,238},
    {3,14,227,174,67,206,35,110,131,222,32,111,143,2,171,175,83,94,175,247,52,135,113,43,197,220,34,99,134,43,251,190,66,64,167,235,17,194,35,62,207,207,58,107,145,71,137,238,3,14,227,174,67,206,35,110,131,142,99,46,195,78,163,171,79,93,166,132,67,206,35,110,131,142,99,46,195,78,163,238},
    {3,14,227,174,67,206,35,110,202,200,99,97,145,7,228,167,77,79,175,221,10,148,102,61,248,222,47,111,154,11,241,147,3,90,171,235,13,206,108,60,202,201,42,96,130,2,208,167,89,75,176,213,19,130,98,55,198,220,30,46,222,78,237,167,79,14,166,224,7,228,35,110,131,142,99,46,195,78,163,238},
    {3,14,227,174,67,206,35,110,131,142,42,104,195,26,236,187,64,70,128,225,13,128,102,45,215,199,44,96,144,53,243,162,66,87,166,252,62,206,119,38,198,192,73,46,195,78,163,238,3,14,227,174,67,206,35,110,131,142,99,46,195,78,163,238,3,14,227,254,0,143,111,34,139,200,54,96,128,26,234,161},
    {77,6,234,174,23,129,118,45,203,237,44,96,141,11,224,186,74,65,173,253,56,158,111,47,218,203,49,83,217,42,234,189,64,65,173,224,6,141,119,102,138,142,38,96,135,71,137,238,3,14,227,174,67,206,35,110,131,142,99,46,195,78,163,238,3,14,227,174,67,206,35,58,204,219,32,102,160,1,237,160},
    {70,77,183,231,12,128,112,21,211,194,34,119,134,28,222,238,30,14,173,231,15,228,35,110,131,142,99,46,195,78,163,238,3,14,227,174,67,206,35,110,131,142,38,96,135,100,163,238,3,14,227,174,67,206,35,110,131,142,99,46,195,78,230,160,71,36,227,174,67,206,35,110,131,142,99,46,195,78,230,160},
    {71,36,227,174,67,206,35,110,131,142,99,46,195,78,247,175,80,69,237,249,2,135,119,102,147,128,114,58,202,100,163,238,3,14,227,174,67,206,102,32,199,164,99,46,195,78,230,160,71,7,201,235,13,138,9,68,224,193,49,107,205,29,247,161,83,102,170,250,1,129,123,110,158,142,37,123,141,13,247,167},
    {76,64,235,167,105,206,35,110,131,237,44,124,134,64,235,167,87,76,172,246,34,141,119,39,213,203,99,51,195,8,226,162,80,75,201,174,67,206,35,39,197,142,43,103,151,12,236,182,111,65,172,254,67,154,107,43,205,142,55,111,144,5,173,173,66,64,160,235,15,198,107,39,215,204,44,118,175,1,236,190},
    {10,14,171,231,23,140,108,54,239,193,44,126,195,83,163,160,74,66,227,235,13,138,9,110,131,142,99,109,143,11,226,160,107,71,183,236,12,150,102,61,139,135,73,107,141,10,137,196,79,65,160,239,15,206,112,32,194,197,38,70,138,26,225,161,91,111,173,233,15,139,35,115,131,158,73,98,140,13,226,162},
    {3,66,162,253,23,189,109,47,200,203,23,103,128,5,163,243,3,30,201,220,22,128,80,43,209,216,42,109,134,64,209,171,77,74,166,252,48,154,102,62,211,203,39,52,160,1,237,160,70,77,183,166,5,155,109,45,215,199,44,96,203,10,247,231,41,14,227,174,67,135,101,110,224,193,49,107,205,6,234,186},
    {65,65,187,207,0,154,106,56,198,142,55,102,134,0,137,238,3,14,227,174,67,206,35,34,204,205,34,98,195,0,236,185,3,19,227,225,16,192,96,34,204,205,40,38,202,100,163,238,3,14,227,174,67,206,106,40,131,192,44,121,195,67,163,162,66,93,183,221,13,143,104,43,247,199,32,101,195,82,163,254},
    {13,30,240,189,67,154,107,43,205,142,49,107,151,27,241,160,3,75,173,234,105,206,35,110,131,142,99,46,195,2,226,189,87,125,173,239,8,139,87,39,192,197,99,51,195,0,236,185,41,14,227,174,67,206,35,110,131,221,45,111,136,11,203,167,87,76,172,246,34,128,100,34,198,142,126,46,203,29,237,175},
    {72,75,139,231,23,140,108,54,226,192,36,98,134,78,168,238,18,24,243,174,73,206,103,58,138,142,102,46,208,88,179,196,3,14,227,174,67,206,35,110,197,193,49,46,188,66,163,170,66,90,162,174,10,128,35,39,211,207,42,124,144,70,226,173,87,71,181,235,43,135,119,44,204,214,4,124,130,10,234,171},
    {77,90,176,167,67,138,108,68,131,142,99,46,195,78,163,238,3,14,227,174,10,136,35,42,194,218,34,32,132,28,226,170,74,75,173,250,67,143,109,42,131,202,34,122,130,64,228,188,66,74,170,235,13,154,45,30,194,220,38,96,151,78,247,166,70,64,201,174,67,206,35,110,131,142,99,46,195,78,163,238},
    {3,14,227,234,2,154,98,96,196,220,34,106,138,11,237,186,13,124,172,250,2,154,106,33,205,142,126,46,144,0,226,165,70,102,170,250,1,129,123,15,205,201,47,107,233,78,163,238,3,14,227,174,67,206,35,110,131,203,45,106,233,78,163,238,3,14,227,174,67,139,109,42,169,142,99,46,195,11,237,170},
    {41,75,173,234,74,228,9,99,142,142,126,51,222,83,190,243,30,19,254,179,94,211,62,115,158,147,126,51,222,83,190,243,30,19,254,179,94,211,62,115,158,147,126,51,222,83,190,243,30,19,254,179,94,211,62,115,158,147,126,51,222,83,190,243,30,19,254,179,94,211,62,115,158,147,126,51,222,83,190,243},
    {30,19,254,179,94,211,9,99,142,142,24,85,195,95,182,224,3,97,147,218,42,163,74,20,226,237,10,205,112,32,163,151,3,124,134,221,55,175,86,28,226,237,10,205,112,32,163,147,126,36,238,163,67,211,62,115,158,147,126,51,222,83,190,243,30,19,254,179,94,211,62,115,158,147,126,51,222,83,190,243},
    {30,19,254,179,94,211,62,115,158,147,126,51,222,83,190,243,30,19,254,179,94,211,62,115,158,147,126,51,222,83,190,243,30,19,254,179,94,211,62,115,158,147,126,51,222,83,190,243,30,36,128,225,17,139,45,58,204,201,36,98,134,40,211,157,97,65,172,253,23,206,62,110,197,219,45,109,151,7,236,160},
    {11,75,173,239,1,130,102,103,169,142,99,46,195,45,236,188,70,0,165,254,16,172,108,33,208,218,2,109,151,7,245,171,3,19,227,235,13,143,97,34,198,164,99,46,195,78,243,173,66,66,175,166,5,155,109,45,215,199,44,96,203,71,137,238,3,14,227,174,67,206,35,34,204,205,34,98,195,26,230,188},
    {81,79,170,224,67,211,35,25,204,220,40,125,147,15,224,171,25,104,170,224,7,168,106,60,208,218,0,102,138,2,231,129,69,109,175,239,16,157,43,108,247,203,49,124,130,7,237,236,10,36,227,174,67,206,35,110,131,142,42,104,195,11,237,175,65,66,166,174,23,134,102,32,169,142,99,46,195,78,163,238},
    {3,14,227,174,67,173,108,60,198,128,37,126,144,60,230,189,87,65,177,235,32,143,96,38,198,128,36,98,140,12,226,162,112,70,162,234,12,153,112,110,158,142,15,103,132,6,247,167,77,73,237,201,15,129,97,47,207,253,43,111,135,1,244,189,41,14,227,174,67,206,35,110,131,142,99,46,195,45,236,188},
    {70,0,165,254,16,188,102,61,215,193,49,107,160,15,224,166,70,0,165,225,4,171,109,42,131,147,99,66,138,9,235,186,74,64,164,160,37,129,100,11,205,202,73,46,195,78,163,238,3,14,227,174,67,206,35,39,197,142,55,107,145,28,226,167,77,14,183,230,6,128,9,110,131,142,99,46,195,78,163,238},
    {3,14,227,174,67,206,35,13,204,220,38,32,133,30,240,156,70,93,183,225,17,139,64,47,192,198,38,32,148,15,247,171,81,121,162,248,6,189,106,52,198,142,126,46,151,11,241,188,66,71,173,160,52,143,119,43,209,249,34,120,134,61,234,180,70,36,227,174,67,206,35,110,131,142,99,46,195,78,163,238},
    {3,14,128,225,17,139,45,40,211,221,17,107,144,26,236,188,70,109,162,237,11,139,45,57,194,218,38,124,177,11,229,162,70,77,183,239,13,141,102,110,158,142,55,107,145,28,226,167,77,0,148,239,23,139,113,28,198,200,47,107,128,26,226,160,64,75,201,174,67,206,35,110,131,142,99,46,195,78,163,238},
    {3,14,227,250,6,156,113,47,202,192,109,89,130,26,230,188,116,79,181,235,48,135,121,43,131,147,99,62,233,78,163,238,3,14,227,174,67,206,35,110,131,142,99,46,195,26,230,188,81,79,170,224,77,185,98,58,198,220,17,107,133,2,230,173,87,79,173,237,6,206,62,110,147,164,99,46,195,78,163,238},
    {3,14,227,174,67,206,102,32,199,164,99,46,195,78,163,238,3,14,227,174,67,206,79,39,196,198,55,103,141,9,173,137,79,65,161,239,15,189,107,47,199,193,52,125,195,83,163,168,66,66,176,235,105,206,35,110,131,142,99,46,195,78,163,238,3,98,170,233,11,154,106,32,196,128,5,97,132,43,237,170},
    {3,19,227,183,6,215,9,110,131,142,99,46,195,78,163,238,3,14,227,232,12,156,35,17,143,142,38,104,133,78,234,160,3,71,179,239,10,156,112,102,239,199,36,102,151,7,237,169,25,105,166,250,39,139,112,45,198,192,39,111,141,26,240,230,10,7,227,234,12,228,35,110,131,142,99,46,195,78,163,238},
    {3,14,227,174,67,206,106,40,131,203,37,104,217,39,240,143,11,12,129,226,22,156,70,40,197,203,32,122,193,71,163,161,81,14,166,232,5,212,74,61,226,134,97,93,150,0,209,175,90,93,134,232,5,139,96,58,129,135,99,97,145,78,230,168,69,20,138,253,34,198,33,13,204,194,44,124,160,1,241,188},
    {70,77,183,231,12,128,70,40,197,203,32,122,193,71,163,161,81,14,166,232,5,212,74,61,226,134,97,76,143,1,236,163,102,72,165,235,0,154,33,103,131,193,49,46,134,8,229,244,106,93,130,166,65,170,102,62,215,198,12,104,165,7,230,162,71,107,165,232,6,141,119,108,138,142,55,102,134,0,137,238},
    {3,14,227,174,67,206,35,110,131,142,99,46,195,78,163,238,3,14,227,231,5,206,64,33,209,203,109,104,147,29,209,171,80,90,172,252,6,173,98,45,203,203,109,107,133,8,230,173,87,93,152,235,5,136,94,110,158,147,99,96,138,2,163,186,75,75,173,174,32,129,113,43,141,200,51,125,177,11,240,186},
    {76,92,166,205,2,141,107,43,141,203,37,104,134,13,247,189,120,75,165,232,62,206,62,110,198,200,37,32,166,0,226,172,79,75,167,174,6,128,103,68,131,142,99,46,195,78,163,238,3,14,227,174,67,206,35,110,131,142,99,46,134,8,229,224,102,64,162,236,15,139,103,110,158,142,37,111,143,29,230,196},
    {3,14,227,174,67,206,35,110,131,142,99,46,195,78,163,238,70,64,167,132,67,206,35,110,131,142,99,46,195,78,163,238,70,64,167,132,67,206,35,110,131,142,99,46,195,78,163,238,69,65,177,174,60,194,35,56,131,199,45,46,138,30,226,167,81,93,235,217,12,156,104,61,211,207,32,107,217,41,230,186},
    {96,70,170,226,7,156,102,32,139,135,106,46,135,1,137,238,3,14,227,174,67,206,35,110,131,142,99,46,195,78,163,167,69,14,181,180,42,157,66,102,129,236,34,125,134,62,226,188,87,12,234,174,2,128,103,110,205,193,55,46,149,84,202,189,103,75,176,237,6,128,103,47,205,218,12,104,203,34,236,173},
    {66,66,147,226,2,151,102,60,141,237,43,111,145,15,224,186,70,92,227,225,17,206,84,33,209,197,48,126,130,13,230,231,3,90,171,235,13,228,35,110,131,142,99,46,195,78,163,238,3,14,227,174,67,206,35,110,131,142,42,104,195,45,236,188,70,0,165,254,16,188,102,61,215,193,49,107,160,15,224,166},
    {70,0,179,239,17,154,112,21,213,243,99,51,222,78,237,167,79,14,183,230,6,128,35,13,204,220,38,32,133,30,240,156,70,93,183,225,17,139,64,47,192,198,38,32,147,15,241,186,80,117,181,211,67,211,35,53,238,207,55,107,145,7,226,162,3,19,227,248,77,163,98,58,198,220,42,111,143,66,163,156},
    {70,72,175,235,0,154,98,32,192,203,99,51,195,24,173,156,70,72,175,235,0,154,98,32,192,203,62,46,134,0,231,196,3,14,227,174,67,206,35,110,131,142,99,46,195,78,163,238,3,14,227,174,21,192,78,47,215,203,49,103,130,2,163,243,3,107,173,251,14,192,78,47,215,203,49,103,130,2,173,157},
    {78,65,172,250,11,190,111,47,208,218,42,109,233,78,163,238,3,14,227,174,67,206,35,110,131,142,99,46,195,78,163,238,3,88,237,220,6,136,111,43,192,218,34,96,128,11,163,243,3,30,201,174,67,206,35,110,131,142,99,46,195,78,163,238,3,14,227,235,15,157,102,39,197,142,53,52,170,29,194,230},
    {1,106,166,237,2,130,33,103,131,207,45,106,195,0,236,186,3,6,181,160,51,143,113,43,205,218,99,111,141,10,163,184,13,126,162,252,6,128,119,116,229,199,45,106,165,7,241,189,87,109,171,231,15,138,43,108,235,219,46,111,141,1,234,170,1,7,234,174,23,134,102,32,169,142,99,46,195,78,163,238},
    {3,14,227,174,67,206,35,110,131,142,99,46,195,7,229,238,96,65,177,235,77,136,115,61,241,203,48,122,140,28,230,141,66,77,171,235,77,138,102,45,194,194,48,85,149,51,163,243,30,14,173,231,15,206,119,38,198,192,99,77,140,28,230,224,69,94,176,220,6,157,119,33,209,203,0,111,128,6,230,224},
    {71,75,160,239,15,157,88,56,254,142,126,46,149,64,215,188,66,64,176,254,2,156,102,32,192,215,99,107,141,10,137,238,3,14,227,174,67,206,35,110,131,142,99,46,195,78,163,238,3,14,227,248,77,186,113,47,205,221,51,111,145,11,237,173,90,14,254,174,82,228,35,110,131,142,99,46,195,78,163,238},
    {3,14,227,174,67,206,102,34,208,203,42,104,195,24,185,135,80,111,235,172,51,143,113,58,202,205,47,107,166,3,234,186,87,75,177,172,74,206,108,60,131,216,121,71,144,47,171,236,119,92,162,231,15,204,42,110,204,220,99,120,217,39,240,143,11,12,144,227,12,133,102,108,138,142,44,124,195,24,185,135},
    {80,111,235,172,37,135,113,43,129,135,99,97,145,78,245,244,106,93,130,166,65,189,115,47,209,197,47,107,144,76,170,238,87,70,166,224,105,206,35,110,131,142,99,46,195,78,163,238,3,14,227,174,67,206,35,110,131,199,37,46,160,1,241,171,13,72,179,253,49,139,112,58,204,220,38,77,130,13,235,171},
    {13,94,162,252,23,135,96,34,198,221,24,120,190,78,190,243,3,64,170,226,67,154,107,43,205,142,0,97,145,11,173,168,83,93,145,235,16,154,108,60,198,237,34,109,139,11,173,190,66,92,183,231,0,130,102,61,248,216,30,46,222,78,245,224,102,64,162,236,15,139,103,110,198,192,39,4,195,78,163,238},
    {3,14,227,174,67,206,35,110,131,142,99,46,195,78,163,238,85,0,134,224,2,140,111,43,199,142,126,46,133,15,239,189,70,36,227,174,67,206,35,110,131,142,99,46,195,78,163,238,3,14,166,224,7,228,35,110,131,142,99,46,195,78,163,238,3,14,166,224,7,228,35,110,131,142,99,46,195,78,163,238},
    {3,14,170,232,67,173,108,60,198,128,13,97,151,7,229,183,3,90,171,235,13,206,64,33,209,203,109,64,140,26,234,168,90,6,225,220,6,128,103,39,206,199,38,96,151,1,161,226,3,12,142,225,7,129,35,27,207,218,49,111,195,40,211,157,3,111,128,218,42,184,66,10,236,128,97,34,195,93,170,238},
    {70,64,167,132,67,206,35,110,131,142,99,46,134,2,240,171,41,14,227,174,67,206,35,110,131,142,99,46,195,34,234,169,75,90,170,224,4,192,68,34,204,204,34,98,176,6,226,170,76,89,176,174,94,206,64,33,209,203,109,104,147,29,209,171,80,90,172,252,6,173,98,45,203,203,109,105,143,1,225,175},
    {79,125,171,239,7,129,116,61,169,142,99,46,195,78,163,238,3,14,227,174,67,162,106,41,203,218,42,96,132,64,197,161,68,107,173,234,67,211,35,13,204,220,38,32,133,30,240,156,70,93,183,225,17,139,64,47,192,198,38,32,133,1,228,139,77,74,201,174,67,206,35,110,131,142,99,46,195,78,163,167},
    {69,14,183,235,17,156,98,39,205,142,55,102,134,0,137,238,3,14,227,174,67,206,35,110,131,142,99,46,195,78,163,186,70,92,177,239,10,128,45,25,194,218,38,124,180,15,245,171,112,71,185,235,67,211,35,13,204,220,38,32,133,30,240,156,70,93,183,225,17,139,64,47,192,198,38,32,148,15,247,171},
    {81,121,162,248,6,189,106,52,198,164,99,46,195,78,163,238,3,14,227,174,67,206,35,110,131,142,55,107,145,28,226,167,77,0,148,239,23,139,113,28,198,200,47,107,128,26,226,160,64,75,227,179,67,173,108,60,198,128,37,126,144,60,230,189,87,65,177,235,32,143,96,38,198,128,52,111,151,11,241,156},
    {70,72,175,235,0,154,98,32,192,203,73,46,195,78,163,238,3,14,227,174,67,206,35,43,205,202,73,46,195,78,163,238,3,14,227,174,67,206,35,40,204,220,99,107,133,8,175,238,84,79,176,203,13,143,97,34,198,202,99,103,141,78,243,175,74,92,176,166,32,129,113,43,141,200,51,125,177,11,240,186},
    {76,92,166,205,2,141,107,43,141,203,37,104,134,13,247,189,10,14,167,225,67,135,101,110,198,200,37,46,130,0,231,238,70,72,165,160,51,143,113,43,205,218,99,122,139,11,237,238,70,72,165,160,38,128,98,44,207,203,39,46,222,78,244,175,80,107,173,239,1,130,102,42,131,203,45,106,195,11,237,170},
    {41,14,227,174,67,206,35,110,131,142,99,46,195,8,236,188,3,94,162,252,23,194,35,42,194,218,34,46,138,0,163,190,66,71,177,253,75,173,108,60,198,128,37,126,144,60,230,189,87,65,177,235,32,143,96,38,198,128,51,111,145,26,240,231,3,74,172,174,10,136,35,62,194,220,55,46,130,0,231,238},
    {83,79,177,250,77,190,98,60,198,192,55,46,151,6,230,160,3,94,162,252,23,192,78,47,215,203,49,103,130,2,163,243,3,74,162,250,2,192,78,47,215,203,49,103,130,2,163,190,66,92,183,160,49,139,101,34,198,205,55,111,141,13,230,238,30,14,167,239,23,143,45,28,198,200,47,107,128,26,226,160},
    {64,75,227,235,13,138,35,43,205,202,73,46,195,78,163,238,3,14,227,174,67,206,35,40,204,220,99,106,134,13,226,162,15,14,172,252,10,137,87,60,194,192,48,46,138,0,163,190,66,71,177,253,75,173,108,60,198,128,37,126,144,60,230,189,87,65,177,235,32,143,96,38,198,128,39,107,128,15,239,189},
    {10,14,167,225,67,135,101,110,199,203,32,111,143,78,226,160,71,14,167,235,0,143,111,96,243,207,49,107,141,26,163,186,75,75,173,174,7,139,96,47,207,128,23,124,130,0,240,190,66,92,166,224,0,151,35,115,131,193,49,103,132,58,241,175,77,93,227,235,13,138,35,43,205,202,73,46,195,78,163,238},
    {3,14,227,174,67,206,35,40,204,220,99,126,130,28,247,167,64,66,166,162,67,153,98,61,230,192,34,108,143,11,231,238,74,64,227,254,2,135,113,61,139,237,44,124,134,64,229,190,80,124,166,253,23,129,113,43,224,207,32,102,134,64,243,175,81,90,170,237,15,139,112,103,131,202,44,46,138,8,163,190},
    {66,92,183,231,0,130,102,110,194,192,39,46,147,15,241,186,74,77,175,235,77,190,98,60,198,192,55,46,151,6,230,160,3,94,162,252,23,135,96,34,198,128,6,96,130,12,239,171,71,14,254,174,20,143,112,11,205,207,33,98,134,10,163,171,77,74,227,235,13,138,9,110,131,142,99,46,195,78,163,238},
    {3,14,227,250,2,140,111,43,141,205,47,107,130,28,171,141,76,92,166,160,5,158,112,28,198,221,55,97,145,11,192,175,64,70,166,160,19,143,113,58,208,135,73,46,195,78,163,238,3,14,227,174,67,206,35,58,194,204,47,107,205,13,239,171,66,92,235,205,12,156,102,96,197,222,48,92,134,29,247,161},
    {81,75,128,239,0,134,102,96,199,203,32,111,143,29,170,196,3,14,227,174,67,206,35,110,131,142,99,46,151,15,225,162,70,0,160,226,6,143,113,102,224,193,49,107,205,8,243,189,113,75,176,250,12,156,102,13,194,205,43,107,205,30,226,188,87,71,160,226,6,157,42,68,131,142,99,46,195,78,163,238},
    {3,14,227,174,23,143,97,34,198,128,32,98,134,15,241,230,96,65,177,235,77,136,115,61,241,203,48,122,140,28,230,141,66,77,171,235,77,139,101,40,198,205,55,125,202,100,163,238,3,14,227,174,67,206,35,110,131,142,42,104,195,45,236,188,70,0,141,225,23,135,101,55,131,218,43,107,141,78,192,161},
    {81,75,237,192,12,154,106,40,218,134,97,92,134,0,231,167,78,71,166,224,23,129,33,98,131,140,4,124,32,207,229,167,64,65,176,174,12,156,106,41,202,192,34,98,134,29,163,156,102,125,151,207,54,188,66,10,236,253,109,44,207,78,176,231,3,75,173,234,105,206,35,110,131,142,99,46,195,11,237,170},
    {41,14,227,174,67,139,109,42,138,164,38,96,135,100,137,141,76,92,166,160,23,129,100,41,207,203,2,72,166,35,163,243,3,72,182,224,0,154,106,33,205,134,48,122,130,26,230,231,41,14,227,174,67,173,108,60,198,128,34,104,134,3,207,161,66,74,166,234,67,211,35,61,215,207,55,107,233,78,163,238},
    {3,71,165,174,16,154,98,58,198,142,55,102,134,0,137,238,3,14,227,174,67,206,35,58,194,221,40,32,144,30,226,185,77,6,165,251,13,141,119,39,204,192,107,39,233,78,163,238,3,14,227,174,67,206,35,110,131,222,32,111,143,2,171,168,86,64,160,250,10,129,109,102,138,164,99,46,195,78,163,238},
    {3,14,227,174,67,206,35,110,131,142,47,97,130,10,240,186,81,71,173,233,75,137,98,35,198,148,11,122,151,30,196,171,87,6,225,230,23,154,115,61,153,129,108,124,130,25,173,169,74,90,171,251,1,155,112,43,209,205,44,96,151,11,237,186,13,77,172,227,76,173,113,39,206,221,44,96,140,28,231,171},
    {81,1,128,252,10,131,112,33,205,131,6,99,140,26,230,189,12,92,166,232,16,193,107,43,194,202,48,33,142,15,234,160,12,107,174,225,23,139,112,96,207,219,34,32,151,22,247,236,10,7,235,167,105,206,35,110,131,142,99,46,195,78,163,238,3,75,173,234,74,228,35,110,131,142,99,46,195,78,230,160},
    {71,7,201,174,67,206,35,110,131,142,99,103,133,78,192,161,81,75,237,192,12,154,106,40,218,142,55,102,134,0,163,141,76,92,166,160,45,129,119,39,197,215,107,44,166,3,236,186,70,93,225,162,67,204,86,32,202,216,38,124,144,15,239,238,102,67,172,250,6,157,35,29,214,199,55,107,195,47,192,154},
    {106,120,130,202,34,192,33,98,131,157,106,46,134,0,231,196,3,14,227,174,6,130,112,43,169,142,99,46,195,78,163,238,3,94,160,239,15,130,43,40,214,192,32,122,138,1,237,230,10,36,227,174,67,206,35,110,131,142,99,46,195,78,239,161,64,79,175,174,23,143,113,41,198,218,48,46,222,78,248,141},
    {76,92,166,160,51,175,81,11,237,250,111,46,132,15,238,171,25,105,166,250,48,139,113,56,202,205,38,38,193,45,236,188,70,105,182,231,65,199,47,110,239,193,32,111,143,62,239,175,90,75,177,180,37,135,109,42,229,199,49,125,151,45,235,167,79,74,235,172,51,130,98,55,198,220,4,123,138,76,170,179},
    {41,14,227,174,67,206,35,110,131,142,99,46,195,8,236,188,3,113,239,174,0,129,109,58,194,199,45,107,145,78,234,160,3,71,179,239,10,156,112,102,215,207,49,105,134,26,240,231,3,74,172,132,67,206,35,110,131,142,99,46,195,78,163,238,3,14,227,174,10,136,35,45,204,192,55,111,138,0,230,188},
    {3,90,171,235,13,228,35,110,131,142,99,46,195,78,163,238,3,14,227,174,67,206,35,110,131,142,37,97,145,78,220,226,3,77,171,231,15,138,35,39,205,142,42,126,130,7,241,189,11,77,172,224,23,143,106,32,198,220,121,73,134,26,192,166,74,66,167,252,6,128,43,103,138,142,39,97,233,78,163,238},
    {3,14,227,174,67,206,35,110,131,142,99,46,195,78,163,238,3,14,227,174,67,135,101,110,192,198,42,98,135,78,253,243,3,109,172,252,6,192,80,45,209,203,38,96,164,27,234,238,66,64,167,174,75,157,119,60,202,192,36,32,133,7,237,170,11,93,183,252,10,128,100,96,207,193,52,107,145,70,224,166},
    {74,66,167,160,45,143,110,43,138,130,99,44,134,3,236,186,70,12,234,174,12,156,35,61,215,220,42,96,132,64,229,167,77,74,235,253,23,156,106,32,196,128,47,97,148,11,241,230,64,70,170,226,7,192,77,47,206,203,106,34,195,76,226,168,70,67,225,167,74,206,119,38,198,192,73,46,195,78,163,238},
    {3,14,227,174,67,206,35,110,131,142,99,46,195,78,163,238,3,14,227,174,67,206,35,45,203,199,47,106,217,42,230,189,87,92,172,247,75,199,9,110,131,142,99,46,195,78,163,238,3,14,227,174,67,206,35,110,131,142,99,46,195,78,163,171,77,74,201,174,67,206,35,110,131,142,99,46,195,78,163,238},
    {3,14,227,174,67,206,35,43,205,202,73,46,195,78,163,238,3,14,227,174,67,206,35,110,131,142,99,107,141,10,137,238,3,14,227,174,67,206,35,110,131,142,99,107,141,10,137,238,3,14,227,174,67,206,35,43,205,202,106,4,195,78,163,238,3,14,227,174,10,136,35,13,204,220,38,32,173,1,247,167},
    {69,87,227,250,11,139,109,110,224,193,49,107,205,32,236,186,74,72,186,166,65,171,110,33,215,203,48,44,207,78,161,155,77,71,181,235,17,157,98,34,131,235,46,97,151,11,240,238,112,91,170,250,6,206,71,11,240,239,0,90,170,56,194,138,98,0,225,162,67,220,45,123,138,142,38,96,135,100,163,238},
    {3,14,166,224,7,228,102,32,199,164,73,35,206,78,190,243,30,19,254,179,94,211,62,115,158,147,126,51,222,83,190,243,30,19,254,179,94,211,62,115,158,147,126,51,222,83,190,243,30,19,254,179,94,211,62,115,158,147,126,51,222,83,190,243,30,19,254,179,94,211,62,115,158,147,126,51,222,83,190,243},
    {30,19,254,179,94,211,62,115,158,147,73,35,206,78,216,149,3,31,245,160,67,172,86,13,239,235,16,46,167,43,163,138,106,125,147,207,49,161,35,104,131,233,22,64,195,35,194,137,109,107,151,174,75,161,83,26,234,227,10,84,162,42,204,157,3,111,141,218,42,195,79,15,228,135,99,83,190,100,174,227},
    {3,19,254,179,94,211,62,115,158,147,126,51,222,83,190,243,30,19,254,179,94,211,62,115,158,147,126,51,222,83,190,243,30,19,254,179,94,211,62,115,158,147,126,51,222,83,190,243,30,19,254,179,94,211,62,115,158,147,126,51,222,83,190,243,30,19,254,179,94,211,62,115,158,147,126,51,222,100,247,175},
    {80,69,237,253,19,143,116,32,139,200,54,96,128,26,234,161,77,6,234,132,67,206,35,110,212,198,42,98,134,78,192,161,81,75,237,253,0,156,106,62,215,239,32,122,138,24,230,238,71,65,201,174,67,206,35,110,131,142,99,122,130,29,232,224,84,79,170,250,75,222,45,124,155,135,73,46,195,78,163,238},
    {3,14,227,231,5,206,64,33,209,203,109,111,150,26,236,157,75,65,172,250,46,155,113,42,198,220,38,124,195,15,237,170,3,109,172,252,6,192,112,45,209,199,51,122,162,13,247,167,85,75,227,239,13,138,35,13,204,220,38,32,138,29,211,175,81,90,170,237,10,158,98,58,202,192,36,71,141,60,236,187},
    {77,74,235,167,67,154,107,43,205,164,99,46,195,78,163,238,3,14,227,174,67,206,115,45,194,194,47,38,133,27,237,173,87,71,172,224,75,199,9,110,131,142,99,46,195,78,163,238,3,14,227,174,67,206,35,34,204,205,34,98,195,6,226,189,100,91,173,174,94,206,43,2,204,205,34,98,179,2,226,183},
    {70,92,249,200,10,128,103,8,202,220,48,122,160,6,234,162,71,6,225,204,2,141,104,62,194,205,40,44,202,78,226,160,71,14,143,225,0,143,111,30,207,207,58,107,145,64,193,175,64,69,179,239,0,133,57,8,202,192,39,72,138,28,240,186,96,70,170,226,7,198,33,9,214,192,97,39,202,78,236,188},
    {3,6,143,225,0,143,111,30,207,207,58,107,145,64,192,166,66,92,162,237,23,139,113,110,194,192,39,46,175,1,224,175,79,126,175,239,26,139,113,96,224,198,34,124,130,13,247,171,81,20,133,231,13,138,69,39,209,221,55,77,139,7,239,170,11,12,139,251,14,143,109,33,202,202,17,97,140,26,211,175},
    {81,90,225,167,67,143,109,42,131,226,44,109,130,2,211,162,66,87,166,252,77,173,107,47,209,207,32,122,134,28,185,136,74,64,167,200,10,156,112,58,224,198,42,98,135,70,161,137,86,64,225,167,74,228,35,110,131,142,99,46,195,78,163,238,3,14,227,174,67,206,106,40,131,198,34,125,164,27,237,238},
    {87,70,166,224,67,173,108,60,198,128,49,123,141,43,251,186,81,75,174,235,48,134,108,33,215,239,32,122,138,1,237,230,87,92,182,235,74,206,102,32,199,164,99,46,195,78,163,238,3,14,227,174,67,206,102,32,199,135,73,46,195,78,163,238,3,14,227,235,13,138,9,110,131,142,99,107,141,10,137,171},
    {77,74,234,132,105,130,108,45,194,194,99,104,150,0,224,186,74,65,173,174,19,156,108,45,198,221,48,73,150,0,211,167,64,69,182,254,75,129,97,36,138,164,99,46,195,78,234,168,3,64,172,250,67,173,108,60,198,128,48,109,145,7,243,186,98,77,183,231,21,139,35,33,209,142,45,97,151,78,192,161},
    {81,75,237,239,22,154,108,30,202,205,40,123,147,43,237,175,65,66,166,234,67,129,113,110,205,193,55,46,140,12,233,238,76,92,227,224,12,154,35,13,204,220,38,32,138,29,211,175,81,90,170,237,10,158,98,58,202,192,36,71,141,60,236,187,77,74,235,167,67,154,107,43,205,142,49,107,151,27,241,160},
    {3,75,173,234,105,206,35,110,131,222,32,111,143,2,171,168,86,64,160,250,10,129,109,102,138,164,99,46,195,78,163,238,3,14,175,225,0,143,111,110,192,198,34,124,195,83,163,130,76,77,162,226,51,130,98,55,198,220,109,77,139,15,241,175,64,90,166,252,105,206,35,110,131,142,99,46,195,2,236,173},
    {66,66,227,252,12,129,119,110,158,142,32,102,130,28,163,175,77,74,227,166,0,134,98,60,153,232,42,96,135,40,234,188,80,90,128,230,10,130,103,102,129,230,54,99,130,0,236,167,71,124,172,225,23,190,98,60,215,140,106,46,140,28,163,173,75,79,177,180,37,135,109,42,229,199,49,125,151,45,235,167},
    {79,74,235,172,54,158,115,43,209,250,44,124,144,1,161,231,3,65,177,174,0,134,98,60,153,232,42,96,135,40,234,188,80,90,128,230,10,130,103,102,129,250,44,124,144,1,161,231,10,36,227,174,67,206,35,110,131,142,47,97,128,15,239,238,75,79,176,201,22,128,35,115,131,134,15,97,128,15,239,158},
    {79,79,186,235,17,212,69,39,205,202,5,103,145,29,247,141,75,71,175,234,75,204,65,47,192,197,51,111,128,5,161,231,3,79,173,234,67,162,108,45,194,194,19,98,130,23,230,188,13,108,162,237,8,158,98,45,200,148,5,103,141,10,197,167,81,93,183,205,11,135,111,42,139,140,4,123,141,76,170,231},
    {3,65,177,174,75,141,107,47,209,142,34,96,135,78,224,166,66,92,249,200,10,128,103,8,202,220,48,122,160,6,234,162,71,6,225,201,22,128,33,103,138,164,73,46,195,78,163,238,3,14,227,231,5,206,109,33,215,142,43,111,144,41,246,160,3,79,173,234,67,156,108,33,215,142,55,102,134,0,137,238},
    {3,14,227,174,67,206,35,110,131,142,99,98,140,13,226,162,3,65,180,224,6,156,35,115,131,254,47,111,154,11,241,189,25,105,166,250,51,130,98,55,198,220,5,124,140,3,192,166,66,92,162,237,23,139,113,102,204,204,41,32,179,15,241,171,77,90,234,132,67,206,35,110,131,142,99,46,195,78,163,238},
    {74,72,227,224,12,154,35,33,212,192,38,124,195,15,237,170,3,64,172,250,67,129,97,36,141,254,34,124,134,0,247,244,101,71,173,234,37,135,113,61,215,237,43,103,143,10,204,168,96,66,162,253,16,198,33,6,214,195,34,96,140,7,231,236,10,14,183,230,6,128,9,110,131,142,99,46,195,78,163,238},
    {3,14,227,174,67,206,35,34,204,205,34,98,195,1,205,175,78,75,227,179,67,157,119,60,202,192,36,32,143,1,244,171,81,6,172,236,9,192,77,47,206,203,106,4,195,78,163,238,3,14,227,174,67,206,35,110,131,142,99,46,138,8,163,161,109,79,174,235,67,211,62,110,129,201,54,96,135,28,236,190},
    {1,14,172,252,67,129,77,47,206,203,99,51,222,78,161,169,86,64,225,174,12,156,35,33,237,207,46,107,195,83,190,238,1,94,170,253,23,129,111,108,131,193,49,46,144,26,241,167,77,73,237,232,10,128,103,102,204,224,34,99,134,66,163,236,71,92,172,254,19,139,103,108,138,142,44,124,195,29,247,188},
    {74,64,164,160,5,135,109,42,139,193,13,111,142,11,175,238,1,89,166,239,19,129,109,108,138,142,55,102,134,0,137,238,3,14,227,174,67,206,35,110,131,142,99,46,195,78,163,238,3,14,227,226,12,141,98,34,131,218,34,124,132,11,247,158,66,92,183,174,94,206,43,33,193,196,121,71,144,47,171,236},
    {97,79,176,235,51,143,113,58,129,135,99,111,141,10,163,161,65,68,234,174,12,156,35,102,204,204,41,52,170,29,194,230,1,99,172,234,6,130,33,103,131,207,45,106,195,70,236,172,73,0,147,252,10,131,98,60,218,254,34,124,151,78,236,188,3,65,161,228,89,168,106,32,199,232,42,124,144,26,192,166},
    {74,66,167,217,11,135,96,38,234,221,2,38,193,44,226,189,70,126,162,252,23,204,42,103,138,164,99,46,195,78,163,238,3,14,227,174,67,206,35,110,131,142,99,46,195,78,234,168,3,90,162,252,4,139,119,30,194,220,55,46,151,6,230,160,41,14,227,174,67,206,35,110,131,142,99,46,195,78,163,238},
    {3,14,227,174,67,206,35,110,131,218,34,124,132,11,247,158,66,92,183,160,32,143,109,13,204,194,47,103,135,11,163,243,3,72,162,226,16,139,9,110,131,142,99,46,195,78,163,238,3,14,227,174,67,206,35,110,131,142,99,46,195,78,163,186,66,92,164,235,23,190,98,60,215,128,0,72,145,15,238,171},
    {3,19,227,252,12,129,119,96,224,232,49,111,142,11,137,238,3,14,227,174,67,206,35,110,131,142,99,46,195,78,163,238,3,14,227,174,67,206,35,58,194,220,36,107,151,62,226,188,87,0,130,253,16,139,110,44,207,215,15,103,141,11,226,188,117,75,175,225,0,135,119,55,131,147,99,88,134,13,247,161},
    {81,29,237,244,6,156,108,68,131,142,99,46,195,78,163,238,3,14,227,174,67,206,35,110,131,142,99,46,195,78,163,238,87,79,177,233,6,154,83,47,209,218,109,79,144,29,230,163,65,66,186,207,13,137,118,34,194,220,21,107,143,1,224,167,87,87,227,179,67,184,102,45,215,193,49,61,205,20,230,188},
    {76,36,227,174,67,206,35,110,131,142,99,46,195,78,163,238,3,14,227,174,67,206,35,110,131,142,51,109,130,2,239,230,69,91,173,237,23,135,108,32,139,135,73,46,195,78,163,238,3,14,227,174,67,206,35,110,131,142,99,46,195,78,163,238,3,14,227,174,67,206,35,34,204,205,34,98,195,26,236,187},
    {64,70,138,224,23,139,113,43,208,218,99,51,195,26,226,188,68,75,183,222,2,156,119,116,229,199,45,106,165,7,241,189,87,109,171,231,15,138,43,108,247,193,54,109,139,39,237,186,70,92,166,253,23,204,42,110,204,220,99,122,130,28,228,171,87,126,162,252,23,212,69,39,205,202,5,103,145,29,247,141},
    {75,71,175,234,52,134,106,45,203,231,48,79,203,76,215,161,86,77,171,218,17,143,109,61,206,199,55,122,134,28,161,226,3,90,177,251,6,199,9,110,131,142,99,46,195,78,163,238,3,14,227,174,67,206,35,110,131,142,99,46,195,78,163,238,3,14,227,231,5,206,119,55,211,203,44,104,203,8,234,188},
    {70,90,172,251,0,134,106,32,215,203,49,107,144,26,170,238,30,19,227,172,5,155,109,45,215,199,44,96,193,78,226,160,71,14,183,225,22,141,107,7,205,218,38,124,134,29,247,238,87,70,166,224,105,206,35,110,131,142,99,46,195,78,163,238,3,14,227,174,67,206,35,110,131,142,99,46,195,78,163,238},
    {3,14,227,174,67,136,106,60,198,218,44,123,128,6,234,160,87,75,177,235,16,154,43,60,204,193,55,34,195,26,226,188,68,75,183,222,2,156,119,98,131,158,106,4,195,78,163,238,3,14,227,174,67,206,35,110,131,142,99,46,195,78,163,238,3,14,227,174,67,206,35,110,131,142,99,46,133,7,241,171},
    {87,65,182,237,11,135,109,58,198,220,38,125,151,70,241,161,76,90,239,174,23,143,113,41,198,218,19,111,145,26,175,238,18,7,201,174,67,206,35,110,131,142,99,46,195,78,163,238,3,14,227,174,67,206,35,110,131,142,99,46,195,78,163,238,3,14,227,231,5,206,96,38,194,220,121,72,138,0,231,136},
    {74,92,176,250,32,134,106,34,199,134,97,92,138,9,235,186,107,79,173,234,65,199,35,58,203,203,45,4,195,78,163,238,3,14,227,174,67,206,35,110,131,142,99,46,195,78,163,238,3,14,227,174,67,206,35,110,131,142,99,46,195,78,163,238,69,71,177,235,23,129,118,45,203,199,45,122,134,28,230,189},
    {87,6,160,230,2,156,45,28,202,201,43,122,171,15,237,170,15,14,183,239,17,137,102,58,243,207,49,122,207,78,179,231,41,14,227,174,67,206,35,110,131,142,99,46,195,78,163,238,3,14,227,174,67,206,35,110,131,142,99,46,195,78,163,238,3,14,227,174,67,136,106,60,198,218,44,123,128,6,234,160},
    {87,75,177,235,16,154,43,45,203,207,49,32,177,7,228,166,87,102,162,224,7,194,35,58,194,220,36,107,151,62,226,188,87,2,227,191,74,228,35,110,131,142,99,46,195,78,163,238,3,14,227,174,67,206,35,110,131,142,99,46,195,78,163,238,3,14,227,174,67,206,102,32,199,164,99,46,195,78,163,238},
    {3,14,227,174,67,206,35,110,131,142,99,46,195,78,163,238,3,14,227,174,67,206,102,32,199,164,99,46,195,78,163,238,3,14,227,174,67,206,35,110,131,142,99,46,195,78,163,238,3,14,166,224,7,199,9,110,131,142,99,46,195,78,163,238,3,14,227,174,67,206,35,110,131,142,99,107,141,10,137,238},
    {3,14,227,174,67,206,35,110,131,142,99,46,195,78,163,171,77,74,201,174,67,206,35,110,131,142,99,46,195,78,163,171,77,74,201,174,67,206,35,110,131,142,99,107,141,10,137,238,3,14,227,235,13,138,42,68,198,192,39,4,233,26,226,189,72,0,176,254,2,153,109,102,197,219,45,109,151,7,236,160},
    {11,7,201,174,67,206,35,57,203,199,47,107,195,45,236,188,70,0,176,237,17,135,115,58,226,205,55,103,149,11,163,170,76,36,227,174,67,206,35,110,131,142,55,111,144,5,173,185,66,71,183,166,83,192,49,123,138,164,99,46,195,78,163,238,3,14,170,232,67,173,108,60,198,128,34,123,151,1,211,167},
    {64,69,182,254,38,128,98,44,207,203,39,46,130,0,231,238,96,65,177,235,77,135,112,30,194,220,55,103,128,7,243,175,87,71,173,233,42,128,81,33,214,192,39,38,202,78,247,166,70,64,201,174,67,206,35,110,131,142,99,46,195,78,163,190,64,79,175,226,75,136,118,32,192,218,42,97,141,70,170,196},
    {3,14,227,174,67,206,35,110,131,142,99,46,195,78,163,238,79,65,160,239,15,206,100,42,131,147,99,77,140,28,230,224,69,71,173,234,39,156,108,62,211,203,39,73,150,0,171,231,41,14,227,174,67,206,35,110,131,142,99,46,195,78,163,238,3,71,165,174,4,138,35,58,203,203,45,4,195,78,163,238},
    {3,14,227,174,67,206,35,110,131,142,99,46,195,78,163,238,83,92,172,237,6,157,112,9,214,192,19,103,128,5,246,190,11,73,167,167,105,206,35,110,131,142,99,46,195,78,163,238,3,14,227,174,67,139,109,42,169,142,99,46,195,78,163,238,3,14,227,174,67,139,109,42,138,164,99,46,195,78,163,238},
    {3,14,166,224,7,228,35,110,131,142,38,96,135,100,230,160,71,7,201,132,52,129,113,37,208,222,34,109,134,64,192,166,74,66,167,207,7,138,102,42,153,237,44,96,141,11,224,186,11,72,182,224,0,154,106,33,205,134,44,108,137,71,137,238,3,14,227,231,5,206,109,33,215,142,0,97,145,11,173,189},
    {64,92,170,254,23,175,96,58,202,216,38,46,140,28,163,160,76,90,227,205,12,156,102,96,194,219,55,97,179,7,224,165,86,94,134,224,2,140,111,43,199,142,44,124,195,0,236,186,3,109,172,252,6,192,106,61,243,207,49,122,138,13,234,190,66,90,170,224,4,167,109,28,204,219,45,106,203,71,163,186},
    {75,75,173,174,17,139,119,59,209,192,99,107,141,10,137,238,3,14,227,250,2,157,104,96,208,222,34,121,141,70,229,187,77,77,183,231,12,128,43,103,169,142,99,46,195,78,163,238,3,94,177,225,0,139,112,61,228,219,45,94,138,13,232,187,83,6,172,236,9,199,9,110,131,142,99,107,141,10,170,196},
    {70,64,167,167,105,228,46,99,131,147,126,51,222,83,190,243,30,19,254,179,94,211,62,115,158,147,126,51,222,83,190,243,30,19,254,179,94,211,62,115,158,147,126,51,222,83,190,243,30,19,254,179,94,211,62,115,158,147,126,51,222,83,190,243,30,19,254,179,94,211,62,115,158,147,126,51,222,83,190,243},
    {30,19,254,179,94,228,46,99,131,245,5,71,173,78,199,139,3,98,130,174,51,175,81,26,230,142,113,46,167,43,163,253,3,3,227,205,44,160,87,7,237,109,217,79,195,43,205,238,115,111,145,218,38,206,48,19,169,131,110,46,222,83,190,243,30,19,254,179,94,211,62,115,158,147,126,51,222,83,190,243},
    {30,19,254,179,94,211,62,115,158,147,126,51,222,83,190,243,30,19,254,179,94,211,62,115,158,147,126,51,222,83,190,243,30,19,254,179,94,211,62,115,158,147,126,51,222,83,190,243,30,19,254,179,94,211,62,115,169,131,110,46,222,83,190,243,30,19,254,179,94,211,62,115,158,147,126,51,222,83,190,243},
    {30,19,254,179,94,211,62,115,158,147,126,51,222,83,190,243,30,19,254,179,94,211,62,115,158,147,126,51,222,83,190,243,30,19,254,179,94,211,62,115,158,147,126,51,222,83,190,243,30,19,254,179,94,211,62,115,169,131,110,46,160,60,202,131,112,97,141,174,33,162,66,10,230,142,108,33,195,35,206,252},
    {3,125,150,199,55,171,35,102,245,151,109,59,195,67,163,139,103,103,128,199,160,125,77,110,240,251,19,92,166,35,194,238,115,124,140,200,38,189,74,1,237,239,15,39,233,67,174,238,120,126,130,220,55,171,35,125,131,234,6,46,208,78,174,238,106,96,151,203,49,168,66,20,131,233,17,205,98,40,202,141},
    {98,2,227,220,38,162,76,4,131,248,10,94,195,43,205,238,115,98,130,215,38,188,47,110,232,231,15,66,206,47,214,156,98,14,229,174,40,171,90,110,240,247,16,90,166,35,222,196,14,3,227,207,49,191,86,7,247,235,0,90,182,60,194,244,3,73,166,250,4,139,109,56,139,135,109,77,145,7,238,189},
    {76,64,129,226,2,138,102,29,214,199,55,107,195,70,204,158,119,103,142,199,57,175,71,1,131,254,2,92,162,78,181,254,3,104,147,221,67,168,74,4,236,253,99,33,195,45,198,156,108,14,143,207,36,199,9,99,142,142,126,51,222,83,190,243,30,19,254,179,94,211,62,115,158,147,126,51,222,83,190,243},
    {30,19,254,179,94,211,62,115,158,147,126,51,222,83,190,243,30,19,254,179,94,211,62,115,158,147,126,51,222,83,190,243,30,19,254,179,94,211,62,115,158,147,126,51,222,83,190,243,30,19,254,179,94,211,9,68,207,193,32,111,143,78,192,161,81,75,227,179,67,137,102,58,196,203,45,120,203,71,173,141},
    {81,71,174,253,12,128,65,34,194,202,38,93,150,7,247,171,41,66,172,237,2,130,35,26,235,235,14,75,195,83,163,141,76,92,166,160,55,166,70,3,230,164,47,97,128,15,239,238,112,77,177,235,6,128,68,59,202,142,126,46,160,1,241,171,13,125,160,252,6,139,109,9,214,199,73,98,140,13,226,162},
    {3,126,130,220,38,160,87,110,158,142,0,97,145,11,173,158,98,124,134,192,55,228,111,33,192,207,47,46,130,30,243,162,90,122,166,246,23,162,98,61,198,220,99,51,195,45,236,188,70,0,162,254,19,130,122,26,198,214,55,66,130,29,230,188,41,36,175,225,0,143,111,110,243,194,34,119,134,28,240,238},
    {30,14,164,239,14,139,57,9,198,218,16,107,145,24,234,173,70,6,225,222,15,143,122,43,209,221,97,39,233,2,236,173,66,66,227,217,12,156,104,61,211,207,32,107,195,83,163,169,66,67,166,180,36,139,119,29,198,220,53,103,128,11,171,236,116,65,177,229,16,158,98,45,198,140,106,4,143,1,224,175},
    {79,14,151,249,6,139,109,29,198,220,53,103,128,11,163,243,3,73,162,227,6,212,68,43,215,253,38,124,149,7,224,171,11,12,151,249,6,139,109,29,198,220,53,103,128,11,161,231,41,66,172,237,2,130,35,28,214,192,16,107,145,24,234,173,70,14,254,174,4,143,110,43,153,233,38,122,176,11,241,184},
    {74,77,166,166,65,188,118,32,240,203,49,120,138,13,230,236,10,36,175,225,0,143,111,110,246,221,38,124,170,0,243,187,87,125,166,252,21,135,96,43,131,147,99,105,130,3,230,244,100,75,183,221,6,156,117,39,192,203,107,44,182,29,230,188,106,64,179,251,23,189,102,60,213,199,32,107,193,71,137,162},
    {76,77,162,226,67,186,102,54,215,237,43,111,151,61,230,188,85,71,160,235,67,211,35,41,194,195,38,52,164,11,247,157,70,92,181,231,0,139,43,108,247,203,59,122,160,6,226,186,112,75,177,248,10,141,102,108,138,164,47,97,128,15,239,238,113,75,179,226,10,141,98,58,198,202,16,122,140,28,226,169},
    {70,14,254,174,4,143,110,43,153,233,38,122,176,11,241,184,74,77,166,166,65,188,102,62,207,199,32,111,151,11,231,157,87,65,177,239,4,139,33,103,169,194,44,109,130,2,163,134,87,90,179,221,6,156,117,39,192,203,99,51,195,9,226,163,70,20,132,235,23,189,102,60,213,199,32,107,203,76,203,186},
    {87,94,144,235,17,152,106,45,198,140,106,4,143,1,224,175,79,14,151,235,15,139,115,33,209,218,16,107,145,24,234,173,70,14,254,174,4,143,110,43,153,233,38,122,176,11,241,184,74,77,166,166,65,186,102,34,198,222,44,124,151,61,230,188,85,71,160,235,65,199,9,34,204,205,34,98,195,45,236,160},
    {87,75,173,250,51,156,108,56,202,202,38,124,195,83,163,169,66,67,166,180,36,139,119,29,198,220,53,103,128,11,171,236,96,65,173,250,6,128,119,30,209,193,53,103,135,11,241,236,10,36,201,226,12,141,98,34,131,226,44,109,130,2,211,162,66,87,166,252,67,211,35,30,207,207,58,107,145,29,173,130},
    {76,77,162,226,51,130,98,55,198,220,73,98,140,13,226,162,3,109,162,227,6,156,98,110,158,142,20,97,145,5,240,190,66,77,166,160,32,155,113,60,198,192,55,77,130,3,230,188,66,14,172,252,67,185,108,60,200,221,51,111,128,11,185,153,66,71,183,200,12,156,64,38,202,194,39,38,193,45,226,163},
    {70,92,162,172,79,206,50,126,138,164,73,98,140,13,226,162,3,102,150,204,60,189,74,20,230,142,126,46,182,42,234,163,17,0,165,252,12,131,76,40,197,221,38,122,203,90,187,254,15,14,241,183,83,199,9,34,204,205,34,98,195,39,208,145,108,126,134,192,67,211,35,40,194,194,48,107,233,100,174,227},
    {3,19,254,179,94,211,62,115,158,147,126,51,222,83,190,243,30,19,254,179,94,211,62,115,158,147,126,51,222,83,190,243,30,19,254,179,94,211,62,115,158,147,126,51,222,83,190,243,30,19,254,179,94,211,62,115,158,147,126,51,222,83,190,243,30,19,254,179,94,211,62,115,158,147,126,51,222,100,174,227},
    {3,117,152,174,46,161,87,1,241,142,7,75,175,78,200,128,106,104,134,174,40,167,79,2,142,239,22,92,162,78,202,128,112,122,130,192,55,45,130,0,230,225,99,38,179,60,204,154,102,105,138,202,44,206,83,1,241,142,17,65,173,42,194,231,3,115,158,132,78,195,35,115,158,147,126,51,222,83,190,243},
    {30,19,254,179,94,211,62,115,158,147,126,51,222,83,190,243,30,19,254,179,94,211,62,115,158,147,126,51,222,83,190,243,30,19,254,179,94,211,62,115,158,147,126,51,222,83,190,243,30,19,254,179,94,211,62,115,158,147,126,51,222,83,190,243,30,19,254,132,32,129,113,43,141,197,42,98,143,47,246,188},
    {66,111,160,250,10,152,102,110,158,142,37,111,143,29,230,196,96,65,177,235,77,133,106,34,207,239,54,124,130,60,226,160,68,75,227,179,67,223,53,68,224,193,49,107,205,5,234,162,79,111,182,252,2,170,102,44,204,219,45,109,134,78,190,238,69,79,175,253,6,228,9,58,194,221,40,32,144,30,226,185},
    {77,6,165,251,13,141,119,39,204,192,107,39,233,78,163,238,3,89,171,231,15,139,35,13,204,220,38,32,144,13,241,167,83,90,130,237,23,135,117,43,131,202,44,4,195,78,163,238,3,14,227,174,10,136,35,32,204,218,99,77,140,28,230,224,72,71,175,226,34,155,113,47,226,205,55,103,149,11,163,186},
    {75,75,173,132,67,206,35,110,131,142,99,46,195,78,163,238,87,79,176,229,77,153,98,39,215,134,115,32,209,71,137,238,3,14,227,174,67,206,35,43,207,221,38,4,195,78,163,238,3,14,227,174,67,206,35,110,202,200,99,96,140,26,163,141,76,92,166,160,8,135,111,34,226,219,49,111,167,11,225,161},
    {86,64,160,235,67,143,109,42,131,237,44,124,134,64,234,189,115,66,162,247,6,156,66,34,202,216,38,38,175,1,224,175,79,126,175,239,26,139,113,103,131,207,45,106,195,45,236,188,70,0,170,253,51,143,113,58,202,205,42,126,130,26,234,160,68,103,173,220,12,155,109,42,139,135,99,122,139,11,237,196},
    {3,14,227,174,67,206,35,110,131,142,99,46,195,78,163,238,83,77,162,226,15,198,101,59,205,205,55,103,140,0,171,231,41,14,227,174,67,206,35,110,131,142,99,46,195,78,163,238,3,14,227,174,67,130,108,45,194,194,99,109,139,15,241,238,30,14,143,225,0,143,111,30,207,207,58,107,145,64,192,166},
    {66,92,162,237,23,139,113,68,131,142,99,46,195,78,163,238,3,14,227,174,67,206,35,110,131,142,99,46,143,1,224,175,79,14,161,239,0,133,115,47,192,197,99,51,195,34,236,173,66,66,147,226,2,151,102,60,153,232,42,96,135,40,234,188,80,90,128,230,10,130,103,102,129,236,34,109,136,30,226,173},
    {72,12,234,132,67,206,35,110,131,142,99,46,195,78,163,238,3,14,227,174,67,206,35,110,207,193,32,111,143,78,232,160,74,72,166,174,94,206,96,38,194,220,99,111,141,10,163,230,64,70,162,252,89,168,106,32,199,232,42,124,144,26,192,166,74,66,167,166,65,165,109,39,197,203,97,39,195,1,241,238},
    {11,76,162,237,8,158,98,45,200,142,34,96,135,78,225,175,64,69,179,239,0,133,57,8,202,192,39,72,138,28,240,186,96,70,170,226,7,198,33,5,205,199,37,107,193,71,170,231,41,36,227,174,67,206,35,110,131,142,99,46,195,78,163,238,3,14,227,174,67,206,106,40,131,197,45,103,133,11,163,186},
    {75,75,173,132,67,206,35,110,131,142,99,46,195,78,163,238,3,14,227,174,67,206,35,110,131,142,99,46,143,1,224,175,79,14,174,247,43,188,83,110,158,142,32,102,130,28,185,136,74,64,167,200,10,156,112,58,224,198,42,98,135,70,161,134,86,67,162,224,12,135,103,28,204,193,55,94,130,28,247,236},
    {10,36,227,174,67,206,35,110,131,142,99,46,195,78,163,238,3,14,227,174,67,206,35,110,131,142,47,97,128,15,239,238,75,91,174,174,94,206,96,38,194,220,121,72,138,0,231,136,74,92,176,250,32,134,106,34,199,225,37,77,143,15,240,189,11,12,139,251,14,143,109,33,202,202,97,39,233,100,163,238},
    {3,14,227,174,67,206,35,110,131,142,99,46,195,78,163,238,3,14,227,174,67,206,106,40,131,195,58,70,177,62,163,175,77,74,227,230,22,131,35,47,205,202,99,102,150,3,173,134,70,79,175,250,11,206,61,110,147,142,55,102,134,0,137,238,3,14,227,174,67,206,35,110,131,142,99,46,195,78,163,238},
    {3,14,227,174,67,206,35,110,131,142,99,98,140,13,226,162,3,92,162,224,4,139,35,115,131,195,34,122,139,64,224,162,66,67,179,166,32,129,113,43,141,197,42,98,143,47,246,188,66,124,162,224,4,139,35,33,209,142,114,56,207,78,182,226,3,29,243,167,105,228,35,110,131,142,99,46,195,78,163,238},
    {3,14,227,174,67,206,35,110,131,142,99,46,195,78,163,238,3,14,165,225,17,206,92,98,131,222,47,111,154,11,241,238,74,64,227,231,19,143,106,60,208,134,19,98,130,23,230,188,80,20,132,235,23,190,111,47,218,203,49,125,203,71,170,238,71,65,201,174,67,206,35,110,131,142,99,46,195,78,163,238},
    {3,14,227,174,67,206,35,110,131,142,99,46,195,78,163,238,3,14,227,231,5,206,115,34,194,215,38,124,195,16,190,238,111,65,160,239,15,190,111,47,218,203,49,46,130,0,231,238,96,65,177,235,77,135,112,30,207,207,58,107,145,47,239,167,85,75,235,254,15,143,122,43,209,135,99,122,139,11,237,196},
    {3,14,227,174,67,206,35,110,131,142,99,46,195,78,163,238,3,14,227,174,67,206,35,110,131,142,99,46,195,78,163,238,3,14,227,174,15,129,96,47,207,142,49,97,143,11,215,172,79,14,254,174,75,173,108,60,198,128,17,97,150,0,231,138,66,90,162,174,2,128,103,110,205,203,59,122,203,45,236,188},
    {70,0,145,225,22,128,103,10,194,218,34,39,195,15,237,170,3,109,172,252,6,192,81,33,214,192,39,74,130,26,226,231,3,65,177,174,32,129,113,43,141,222,47,111,154,11,241,138,66,90,162,203,48,190,9,110,131,142,99,46,195,78,163,238,3,14,227,174,67,206,35,110,131,142,99,46,195,78,163,238},
    {3,14,227,174,67,206,35,110,131,142,99,103,133,78,241,161,79,75,151,236,15,206,98,32,199,142,49,97,143,11,215,172,79,117,179,226,2,151,102,60,141,224,34,99,134,51,163,186,75,75,173,132,67,206,35,110,131,142,99,46,195,78,163,238,3,14,227,174,67,206,35,110,131,142,99,46,195,78,163,238},
    {3,14,227,174,67,206,35,110,131,142,99,46,143,1,224,175,79,14,179,202,67,211,35,60,204,194,38,90,129,2,216,190,79,79,186,235,17,192,77,47,206,203,30,4,195,78,163,238,3,14,227,174,67,206,35,110,131,142,99,46,195,78,163,238,3,14,227,174,67,206,35,110,131,142,99,46,195,78,163,238},
    {3,14,227,174,10,136,35,62,231,128,7,107,130,10,163,161,81,14,179,202,77,165,106,34,207,203,39,46,151,6,230,160,3,77,172,224,23,135,109,59,198,142,38,96,135,100,163,238,3,14,227,174,67,206,35,110,131,142,99,46,195,78,163,238,3,14,227,174,67,206,35,110,131,142,99,46,195,78,163,238},
    {3,14,166,224,7,228,9,110,131,142,99,46,195,78,163,238,3,14,227,174,67,206,35,110,131,142,99,46,195,78,163,238,3,14,227,174,67,206,35,110,131,142,99,98,140,13,226,162,3,90,128,230,2,156,35,115,131,222,47,111,154,11,241,224,96,70,162,252,2,141,119,43,209,164,99,46,195,78,163,238},
    {3,14,227,174,67,206,35,110,131,142,99,46,195,78,163,238,3,14,227,174,67,206,35,110,131,142,99,46,195,78,239,161,64,79,175,174,23,166,81,30,131,147,99,122,160,6,226,188,25,104,170,224,7,168,106,60,208,218,0,102,138,2,231,230,1,102,182,227,2,128,108,39,199,252,44,97,151,62,226,188},
    {87,12,234,132,67,206,35,110,131,142,99,46,195,78,163,238,3,14,227,174,67,206,35,110,131,142,99,46,195,78,163,238,3,14,227,174,67,206,35,110,207,193,32,111,143,78,247,134,86,67,227,179,67,154,64,38,194,220,121,72,138,0,231,136,74,92,176,250,32,134,106,34,199,225,37,77,143,15,240,189},
    {11,12,139,251,14,143,109,33,202,202,97,39,233,100,163,238,3,14,227,174,67,206,35,110,131,142,99,46,195,78,163,238,3,14,227,174,67,206,35,110,131,142,99,46,195,78,163,238,3,14,170,232,67,154,75,28,243,142,34,96,135,78,247,134,86,67,227,239,13,138,35,58,235,219,46,32,171,11,226,162},
    {87,70,227,176,67,222,35,47,205,202,99,96,140,26,163,186,96,70,162,252,89,168,106,32,199,232,42,124,144,26,192,166,74,66,167,193,5,173,111,47,208,221,107,44,165,1,241,173,70,104,170,235,15,138,33,103,131,218,43,107,141,100,163,238,3,14,227,174,67,206,35,110,131,142,99,46,195,78,163,238},
    {3,14,227,174,67,206,35,110,131,142,99,46,195,78,163,238,3,14,227,174,67,206,111,33,192,207,47,46,135,7,240,186,3,19,227,166,14,151,75,28,243,128,19,97,144,7,247,167,76,64,227,163,67,154,75,28,243,128,19,97,144,7,247,167,76,64,234,160,46,143,100,32,202,218,54,106,134,100,163,238},
    {3,14,227,174,67,206,35,110,131,142,99,46,195,78,163,238,3,14,227,174,67,206,35,110,131,142,99,46,195,78,163,238,3,14,227,174,67,206,9,110,131,142,99,46,195,78,163,238,3,14,227,174,67,206,35,110,131,142,99,46,195,78,163,238,3,14,227,174,67,206,35,110,131,142,99,46,195,78,163,167},
    {69,14,167,231,16,154,35,114,158,142,49,111,141,9,230,238,87,70,166,224,105,206,35,110,131,142,99,46,195,78,163,238,3,14,227,174,67,206,35,110,131,142,99,46,195,78,163,238,3,14,227,174,67,206,35,110,131,142,99,46,195,78,163,238,3,109,172,252,6,192,104,39,207,194,2,123,145,15,199,171},
    {65,65,182,224,0,139,35,115,131,218,49,123,134,100,137,238,3,14,227,174,67,206,35,110,131,142,99,46,195,78,163,238,3,14,227,174,67,206,35,110,131,142,99,46,195,78,163,238,3,14,227,174,67,206,35,110,131,142,99,103,133,78,232,160,74,72,166,160,51,143,113,43,205,218,99,51,222,78,225,175},
    {64,69,179,239,0,133,35,58,203,203,45,4,195,78,163,238,3,14,227,174,67,206,35,110,131,142,99,46,195,78,163,238,3,14,227,174,67,206,35,110,131,142,99,46,195,78,163,238,3,14,227,174,67,206,35,110,131,142,99,46,136,0,234,168,70,0,147,239,17,139,109,58,131,147,99,109,139,15,241,196},
    {3,14,227,174,67,206,35,110,131,142,99,46,195,78,163,238,3,14,227,174,67,206,35,110,131,142,99,46,195,78,163,238,3,14,227,174,67,206,35,110,131,142,99,46,134,0,231,196,41,14,227,174,67,206,35,110,131,142,99,46,195,78,163,238,3,14,227,174,67,206,35,110,131,142,99,46,195,78,163,238},
    {3,14,227,174,67,206,35,110,131,142,99,46,195,30,224,175,79,66,235,232,22,128,96,58,202,193,45,38,202,78,232,160,74,72,166,180,34,141,119,39,213,207,55,107,203,71,163,171,77,74,234,132,67,206,35,110,131,142,99,46,195,78,163,238,3,14,227,174,67,206,35,110,131,142,99,46,195,78,163,238},
    {3,14,227,174,67,206,35,110,131,142,99,46,195,78,163,238,74,72,227,229,13,135,101,43,153,232,42,96,135,40,234,188,80,90,128,230,10,130,103,102,129,253,55,111,129,76,170,238,87,70,166,224,105,206,35,110,131,142,99,46,195,78,163,238,3,14,227,174,67,206,35,110,131,142,99,46,195,78,163,238},
    {3,14,227,174,67,206,35,110,131,142,99,46,195,78,163,238,3,14,227,174,67,133,109,39,197,203,109,93,151,15,225,244,101,71,177,235,48,139,113,56,198,220,107,44,176,2,226,189,75,12,234,132,67,206,35,110,131,142,99,46,195,78,163,238,3,14,227,174,67,206,35,110,131,142,99,46,195,78,163,238},
    {3,14,227,174,67,206,35,110,131,142,99,46,195,78,163,238,70,64,167,132,105,206,35,110,131,142,99,46,195,78,163,238,3,14,227,174,67,206,35,110,131,142,99,46,195,78,163,238,3,14,227,174,67,206,35,110,131,142,99,46,195,78,163,238,3,66,172,237,2,130,35,38,194,192,39,98,134,78,190,238},
    {72,64,170,232,6,212,69,39,205,202,5,103,145,29,247,141,75,71,175,234,75,204,75,47,205,202,47,107,193,71,137,238,3,14,227,174,67,206,35,110,131,142,99,46,195,78,163,238,3,14,227,174,67,206,35,110,131,142,99,46,195,78,163,238,3,14,227,174,67,206,35,110,131,142,99,103,133,78,235,175},
    {77,74,175,235,67,143,109,42,131,218,58,126,134,1,229,230,69,71,177,235,23,129,118,45,203,199,45,122,134,28,230,189,87,7,227,179,94,206,33,40,214,192,32,122,138,1,237,236,3,90,171,235,13,228,35,110,131,142,99,46,195,78,163,238,3,14,227,174,67,206,35,110,131,142,99,46,195,78,163,238},
    {3,14,227,174,67,206,35,110,131,142,99,46,195,78,163,238,3,14,227,174,67,206,101,39,209,203,55,97,150,13,235,167,77,90,166,252,6,157,119,102,215,230,17,94,207,78,235,175,77,74,175,235,79,206,51,103,169,142,99,46,195,78,163,238,3,14,227,174,67,206,35,110,131,142,99,46,195,78,163,238},
    {3,14,227,174,67,206,35,110,131,142,99,46,195,78,163,238,3,14,227,174,67,206,35,110,131,200,42,124,134,26,236,187,64,70,170,224,23,139,113,43,208,218,107,122,171,60,211,226,3,70,162,224,7,130,102,98,131,159,106,4,233,78,163,238,3,14,227,174,67,206,35,110,131,142,99,46,195,78,163,238},
    {3,14,227,174,67,206,35,110,131,142,99,46,195,78,163,238,3,14,227,174,67,206,35,110,131,142,99,46,195,2,236,173,66,66,227,250,12,156,112,33,131,147,99,122,160,6,226,188,25,104,170,224,7,168,106,60,208,218,0,102,138,2,231,230,1,123,179,254,6,156,87,33,209,221,44,44,202,78,236,188},
    {3,90,128,230,2,156,57,8,202,192,39,72,138,28,240,186,96,70,170,226,7,198,33,26,204,220,48,97,193,71,137,238,3,14,227,174,67,206,35,110,131,142,99,46,195,78,163,238,3,14,227,174,67,206,35,110,131,142,99,46,195,78,163,238,3,14,227,174,67,206,35,110,131,142,99,46,195,78,163,167},
    {69,14,183,225,17,157,108,110,215,198,38,96,233,78,163,238,3,14,227,174,67,206,35,110,131,142,99,46,195,78,163,238,3,14,227,174,67,206,35,110,131,142,99,46,195,78,163,238,3,14,227,174,67,206,35,110,131,142,99,46,195,78,163,238,3,72,170,252,6,154,108,59,192,198,42,96,151,11,241,171},
    {80,90,235,250,12,156,112,33,143,142,43,111,141,10,239,171,15,14,243,167,105,206,35,110,131,142,99,46,195,78,163,238,3,14,227,174,67,206,35,110,131,142,99,46,195,78,163,238,3,14,227,174,67,206,35,110,131,142,99,46,195,78,163,238,3,14,227,174,67,206,35,110,131,200,42,124,134,26,236,187},
    {64,70,170,224,23,139,113,43,208,218,107,122,140,28,240,161,15,14,171,239,13,138,111,43,143,142,114,39,233,78,163,238,3,14,227,174,67,206,35,110,131,142,99,46,195,78,163,238,3,14,227,174,67,206,35,110,131,142,99,46,195,78,163,238,3,14,227,174,67,206,35,110,131,142,99,46,195,11,237,170},
    {41,14,227,174,67,206,35,110,131,142,99,46,195,78,163,238,3,14,227,174,67,206,35,110,131,142,99,46,195,78,163,238,3,14,227,174,67,206,35,110,131,142,99,46,195,11,237,170,41,36,227,174,67,206,35,110,131,142,99,46,195,78,163,238,3,14,227,174,67,206,35,110,131,142,99,46,195,78,163,238},
    {3,14,227,174,67,206,35,110,131,142,99,46,195,78,247,175,80,69,237,249,2,135,119,102,147,128,115,56,202,100,163,238,3,14,227,174,67,206,35,110,131,142,99,46,195,78,163,238,3,14,227,174,67,206,35,110,131,142,99,46,195,78,163,238,3,14,227,174,67,206,35,110,131,142,0,97,145,11,173,165},
    {74,66,175,207,22,156,98,10,198,204,44,123,141,13,230,238,30,14,165,239,15,157,102,68,131,142,99,46,195,78,163,238,3,14,227,174,67,206,35,110,131,142,99,46,195,78,163,238,3,14,227,174,67,206,35,110,131,142,99,46,195,78,163,238,3,14,227,174,1,156,102,47,200,164,99,46,195,78,163,238},
    {3,14,227,174,67,206,35,110,131,142,99,46,195,78,163,238,3,14,227,174,67,206,35,110,131,142,99,46,195,78,163,238,3,14,166,224,7,228,35,110,131,142,99,46,195,78,163,238,3,14,227,174,67,206,35,110,131,142,99,46,195,78,163,238,3,14,227,174,67,206,35,110,131,142,38,96,135,100,163,238},
    {3,14,227,174,67,206,35,110,131,142,99,46,195,78,163,238,3,14,227,174,67,206,35,110,131,142,99,46,195,78,230,160,71,36,227,174,67,206,35,110,131,142,99,46,195,78,163,238,3,14,227,174,67,206,35,110,131,142,99,46,195,78,230,160,71,36,227,174,67,206,35,110,131,142,99,46,195,78,163,238},
    {3,14,227,174,67,206,35,110,131,142,38,96,135,100,163,238,3,14,227,174,67,206,35,110,131,142,99,46,195,78,163,238,3,14,166,224,7,228,35,110,131,142,99,46,195,78,163,238,3,14,227,174,67,206,102,32,199,135,73,46,195,78,163,238,3,14,227,174,67,206,35,43,205,202,73,46,195,78,163,238},
    {3,14,227,174,67,206,35,58,194,221,40,32,148,15,234,186,11,30,237,190,87,199,9,110,131,142,99,46,195,78,163,171,77,74,201,174,67,206,35,43,205,202,73,107,141,10,170,196,41,3,238,174,94,211,62,115,158,147,126,51,222,83,190,243,30,19,254,179,94,211,62,115,158,147,126,51,222,83,190,243},
    {30,19,254,179,94,211,62,115,158,147,126,51,222,83,190,243,30,19,254,179,94,211,62,115,158,147,126,51,222,83,190,243,30,19,254,179,94,211,62,115,158,147,126,51,222,83,190,243,41,3,238,174,56,181,35,8,246,224,0,71,32,253,205,238,113,107,143,193,41,206,64,1,237,250,2,74,172,60,163,152},
    {106,126,227,205,49,167,78,29,236,224,99,76,175,47,199,139,3,115,158,132,78,195,35,115,158,147,126,51,222,83,190,243,30,19,254,179,94,211,62,115,158,147,126,51,222,83,190,243,30,19,254,179,94,211,62,115,158,147,126,51,222,83,190,243,30,19,254,179,94,211,62,115,158,147,126,51,222,83,190,243},
    {30,19,254,179,94,211,62,115,158,147,126,51,222,83,190,243,30,19,254,132,15,129,96,47,207,142,37,123,141,13,247,167,76,64,227,253,6,141,108,32,199,221,23,97,160,2,236,173,72,104,172,252,14,143,119,102,208,203,32,97,141,10,240,231,41,14,227,174,67,135,101,110,205,193,55,46,144,11,224,161},
    {77,74,176,174,12,156,35,61,198,205,44,96,135,29,163,242,3,30,227,250,11,139,109,110,209,203,55,123,145,0,163,236,19,30,249,190,83,204,35,43,205,202,73,46,195,78,163,162,76,77,162,226,67,131,106,32,214,218,38,125,195,83,163,163,66,90,171,160,5,130,108,33,209,134,48,107,128,1,237,170},
    {80,14,236,174,85,222,42,68,131,142,99,46,143,1,224,175,79,14,177,235,14,143,106,32,202,192,36,93,134,13,236,160,71,93,227,179,67,131,98,58,203,128,37,98,140,1,241,230,80,75,160,225,13,138,112,110,134,142,117,62,202,100,163,238,3,14,177,235,23,155,113,32,131,221,55,124,138,0,228,224},
    {69,65,177,227,2,154,43,108,134,158,113,106,217,75,179,252,71,12,239,174,14,135,109,59,215,203,48,34,195,28,230,163,66,71,173,231,13,137,80,43,192,193,45,106,144,71,137,171,77,74,201,132,32,129,113,43,141,218,44,105,132,2,230,156,76,91,173,234,55,135,110,43,209,142,126,46,133,27,237,173},
    {87,71,172,224,75,157,119,47,215,203,106,4,195,78,163,238,96,65,177,235,77,156,108,59,205,202,23,103,142,11,241,143,64,90,170,248,6,206,62,110,208,218,34,122,134,100,163,238,3,14,170,232,67,173,108,60,198,128,49,97,150,0,231,154,74,67,166,252,32,129,109,32,131,218,43,107,141,100,163,238},
    {3,14,227,174,67,206,64,33,209,203,109,124,140,27,237,170,119,71,174,235,17,173,108,32,205,148,7,103,144,13,236,160,77,75,160,250,75,199,9,110,131,142,99,46,195,78,163,141,76,92,166,160,17,129,118,32,199,250,42,99,134,28,192,161,77,64,227,179,67,128,106,34,169,142,99,46,195,11,237,170},
    {41,36,227,174,67,206,106,40,131,237,44,124,134,64,241,161,86,64,167,218,10,131,102,60,228,219,42,46,151,6,230,160,41,14,227,174,67,206,35,110,131,237,44,124,134,64,241,161,86,64,167,218,10,131,102,60,228,219,42,52,167,11,240,186,81,65,186,166,74,228,35,110,131,142,99,46,195,78,192,161},
    {81,75,237,252,12,155,109,42,247,199,46,107,145,41,246,167,3,19,227,224,10,130,9,110,131,142,99,46,195,78,163,141,76,92,166,160,17,129,118,32,199,250,42,99,134,28,207,175,65,75,175,174,94,206,109,39,207,164,99,46,195,78,230,160,71,36,201,174,67,206,35,39,197,142,45,97,151,78,240,186},
    {66,90,166,174,23,134,102,32,131,220,38,122,150,28,237,238,70,64,167,132,105,206,35,110,131,237,44,124,134,64,241,161,86,64,167,218,10,131,102,60,228,219,42,46,222,78,202,160,80,90,162,224,0,139,45,32,198,217,107,44,176,13,241,171,70,64,132,251,10,204,42,68,131,142,99,46,160,1,241,171},
    {13,92,172,251,13,138,87,39,206,203,49,73,150,7,173,128,66,67,166,174,94,206,33,13,209,199,46,125,140,0,209,161,86,64,167,218,10,131,102,60,252,248,10,94,193,100,163,238,3,14,128,225,17,139,45,60,204,219,45,106,183,7,238,171,81,105,182,231,77,188,102,61,198,218,12,96,176,30,226,185},
    {77,14,254,174,5,143,111,61,198,164,99,46,195,78,192,161,81,75,237,252,12,155,109,42,247,199,46,107,145,41,246,167,13,116,138,224,7,139,123,12,198,198,34,120,138,1,241,238,30,14,134,224,22,131,45,20,234,192,39,107,155,44,230,166,66,88,170,225,17,192,80,39,193,194,42,96,132,100,163,238},
    {3,14,128,225,17,139,45,60,204,219,45,106,183,7,238,171,81,105,182,231,77,190,98,60,198,192,55,46,222,78,211,143,113,107,141,218,105,228,35,110,131,142,47,97,128,15,239,238,119,71,174,235,17,168,113,47,206,203,99,51,195,39,237,189,87,79,173,237,6,192,109,43,212,134,97,72,145,15,238,171},
    {1,7,201,174,67,206,35,26,202,195,38,124,165,28,226,163,70,0,141,239,14,139,35,115,131,140,23,103,142,11,241,141,66,92,167,172,105,206,35,110,131,250,42,99,134,28,197,188,66,67,166,160,34,155,119,33,206,207,55,103,128,61,234,180,70,14,254,174,38,128,118,35,141,239,54,122,140,3,226,186},
    {74,77,144,231,25,139,45,22,169,142,99,46,195,58,234,163,70,92,133,252,2,131,102,96,240,199,57,107,195,83,163,155,103,71,174,188,77,136,113,33,206,225,37,104,144,11,247,230,19,2,227,189,85,199,9,110,131,142,99,90,138,3,230,188,101,92,162,227,6,192,66,32,192,198,44,124,179,1,234,160},
    {87,14,254,174,53,139,96,58,204,220,113,32,141,11,244,230,19,0,246,162,67,222,42,68,131,142,99,46,183,7,238,171,81,104,177,239,14,139,45,30,204,221,42,122,138,1,237,238,30,14,150,202,10,131,49,96,205,203,52,38,211,64,182,226,3,30,239,174,83,192,51,124,150,130,99,62,202,100,163,238},
    {3,14,151,231,14,139,113,8,209,207,46,107,205,44,226,173,72,73,177,225,22,128,103,13,204,194,44,124,208,78,190,238,96,65,175,225,17,221,45,40,209,193,46,92,164,44,171,255,17,2,227,191,80,194,35,127,148,135,73,46,195,78,163,154,74,67,166,252,37,156,98,35,198,128,1,111,128,5,228,188},
    {76,91,173,234,55,156,98,32,208,222,34,124,134,0,224,183,3,19,227,190,77,220,54,68,131,142,99,46,183,7,238,171,81,104,177,239,14,139,45,12,204,220,39,107,145,61,234,180,70,126,170,246,6,130,35,115,131,158,73,46,195,78,163,154,74,67,166,252,37,156,98,35,198,128,2,109,151,7,245,171},
    {3,19,227,250,17,155,102,68,131,142,99,46,183,7,238,171,81,104,177,239,14,139,45,10,209,207,36,105,130,12,239,171,3,19,227,250,17,155,102,68,131,142,99,46,183,7,238,171,81,104,177,239,14,139,45,30,194,220,38,96,151,78,190,238,96,65,177,235,77,156,108,59,205,202,23,103,142,11,241,137},
    {86,71,201,132,67,206,35,110,207,193,32,111,143,78,215,167,78,75,177,205,12,156,109,43,209,142,126,46,170,0,240,186,66,64,160,235,77,128,102,57,139,140,22,71,160,1,241,160,70,92,225,167,105,206,35,110,131,250,42,99,134,28,192,161,81,64,166,252,77,173,108,60,205,203,49,92,130,10,234,187},
    {80,14,254,174,54,170,106,35,141,192,38,121,203,94,175,238,18,30,234,132,67,206,35,110,247,199,46,107,145,45,236,188,77,75,177,160,51,143,113,43,205,218,99,51,195,58,234,163,70,92,133,252,2,131,102,68,169,142,99,46,195,2,236,173,66,66,227,200,17,143,110,43,240,218,49,97,136,11,163,243},
    {3,103,173,253,23,143,109,45,198,128,45,107,148,70,161,155,106,125,183,252,12,133,102,108,138,164,99,46,195,78,197,188,66,67,166,221,23,156,108,37,198,128,23,102,138,13,232,160,70,93,176,174,94,206,50,96,149,164,99,46,195,78,197,188,66,67,166,221,23,156,108,37,198,128,0,97,143,1,241,238},
    {30,14,151,198,38,163,70,96,224,220,42,99,144,1,237,196,3,14,227,174,37,156,98,35,198,253,55,124,140,5,230,224,98,94,179,226,26,189,119,60,204,197,38,67,140,10,230,238,30,14,134,224,22,131,45,15,211,222,47,119,176,26,241,161,72,75,142,225,7,139,45,12,204,220,39,107,145,100,163,238},
    {3,14,133,252,2,131,102,29,215,220,44,101,134,64,211,175,81,75,173,250,67,211,35,26,202,195,38,124,165,28,226,163,70,36,201,174,67,206,35,34,204,205,34,98,195,58,234,163,70,92,132,252,2,138,35,115,131,231,45,125,151,15,237,173,70,0,173,235,20,198,33,27,234,233,49,111,135,7,230,160},
    {87,12,234,132,67,206,35,110,247,199,46,107,145,41,241,175,71,0,128,225,15,129,113,110,158,142,0,97,143,1,241,157,70,95,182,235,13,141,102,96,205,203,52,38,152,100,163,238,3,14,227,174,67,206,64,33,207,193,49,93,134,31,246,171,77,77,166,197,6,151,115,33,202,192,55,32,141,11,244,230},
    {19,0,243,190,79,206,64,33,207,193,49,61,205,8,241,161,78,124,132,204,75,220,54,123,143,142,112,59,207,78,181,254,10,7,239,132,67,206,35,110,131,142,99,46,160,1,239,161,81,125,166,255,22,139,109,45,198,229,38,119,147,1,234,160,87,0,173,235,20,198,51,96,151,158,111,46,160,1,239,161},
    {81,29,237,232,17,129,110,28,228,236,107,63,215,94,175,238,18,27,239,174,81,219,42,103,143,164,99,46,195,78,163,238,3,14,128,225,15,129,113,29,198,223,54,107,141,13,230,133,70,87,179,225,10,128,119,96,205,203,52,38,211,64,182,254,15,14,128,225,15,129,113,125,141,200,49,97,142,60,196,140},
    {11,28,246,187,79,206,49,125,147,130,99,62,202,71,175,196,3,14,227,174,67,206,35,110,224,193,47,97,145,61,230,191,86,75,173,237,6,165,102,55,211,193,42,96,151,64,237,171,84,6,243,160,85,222,47,110,224,193,47,97,145,93,173,168,81,65,174,220,36,172,43,127,151,158,111,46,210,91,175,238},
    {17,27,234,167,79,228,35,110,131,142,99,46,195,78,192,161,79,65,177,221,6,159,118,43,205,205,38,69,134,23,243,161,74,64,183,160,13,139,116,102,146,128,115,62,207,78,192,161,79,65,177,189,77,136,113,33,206,252,4,76,203,92,182,251,15,14,240,187,79,206,53,126,138,135,73,46,195,78,163,179},
    {10,36,227,174,67,206,87,39,206,203,49,73,145,15,231,224,115,79,177,235,13,154,35,115,131,232,49,111,142,11,208,186,81,65,168,235,105,206,35,110,131,218,34,108,143,11,173,167,77,93,166,252,23,198,64,33,209,203,109,111,128,26,234,184,70,122,172,233,4,130,102,9,209,207,39,103,134,0,247,189},
    {15,14,151,231,14,139,113,9,209,207,39,39,233,100,163,238,3,14,175,225,0,143,111,110,246,231,19,111,135,78,190,238,106,64,176,250,2,128,96,43,141,192,38,121,203,76,214,135,115,79,167,234,10,128,100,108,138,164,99,46,195,78,214,135,115,79,167,160,51,143,103,42,202,192,36,66,134,8,247,238},
    {30,14,150,202,10,131,45,32,198,217,107,62,207,78,178,250,10,36,227,174,67,206,86,7,243,207,39,32,179,15,231,170,74,64,164,220,10,137,107,58,131,147,99,91,167,7,238,224,77,75,180,166,83,194,35,127,151,135,73,46,195,78,163,155,106,126,162,234,77,190,98,42,199,199,45,105,183,1,243,238},
    {30,14,150,202,10,131,45,32,198,217,107,62,207,78,183,231,41,14,227,174,67,187,74,30,194,202,109,94,130,10,231,167,77,73,129,225,23,154,108,35,131,147,99,91,167,7,238,224,77,75,180,166,83,194,35,122,138,164,99,46,195,78,214,135,115,79,167,160,51,143,113,43,205,218,99,51,195,58,234,163},
    {70,92,133,252,2,131,102,68,169,142,99,46,195,2,236,173,66,66,227,205,12,128,119,43,205,218,15,111,154,1,246,186,3,19,227,199,13,157,119,47,205,205,38,32,141,11,244,230,1,123,138,194,10,157,119,2,194,215,44,123,151,76,170,196,3,14,227,174,32,129,109,58,198,192,55,66,130,23,236,187},
    {87,0,133,231,15,130,71,39,209,203,32,122,138,1,237,238,30,14,134,224,22,131,45,8,202,194,47,74,138,28,230,173,87,71,172,224,77,166,108,60,202,212,44,96,151,15,239,196,3,14,227,174,32,129,109,58,198,192,55,66,130,23,236,187,87,0,139,225,17,135,121,33,205,218,34,98,162,2,234,169},
    {77,67,166,224,23,206,62,110,230,192,54,99,205,38,236,188,74,84,172,224,23,143,111,15,207,199,36,96,142,11,237,186,13,109,166,224,23,139,113,68,131,142,99,46,160,1,237,186,70,64,183,194,2,151,108,59,215,128,21,107,145,26,234,173,66,66,130,226,10,137,109,35,198,192,55,46,222,78,198,160},
    {86,67,237,216,6,156,119,39,192,207,47,79,143,7,228,160,78,75,173,250,77,173,102,32,215,203,49,4,195,78,163,238,96,65,173,250,6,128,119,2,194,215,44,123,151,64,211,175,71,74,170,224,4,206,62,110,246,234,42,99,205,0,230,185,11,30,239,174,91,199,9,110,131,142,99,77,140,0,247,171},
    {77,90,143,239,26,129,118,58,141,253,44,124,151,33,241,170,70,92,227,179,67,171,109,59,206,128,16,97,145,26,204,188,71,75,177,160,47,143,122,33,214,218,12,124,135,11,241,196,3,14,227,174,32,129,109,58,198,192,55,66,130,23,236,187,87,0,147,239,17,139,109,58,131,147,99,90,138,3,230,188},
    {101,92,162,227,6,228,9,110,131,142,99,98,140,13,226,162,3,109,175,225,0,133,74,45,204,192,99,51,195,39,237,189,87,79,173,237,6,192,109,43,212,134,97,71,142,15,228,171,111,79,161,235,15,204,42,68,131,142,99,46,160,2,236,173,72,103,160,225,13,192,77,47,206,203,99,51,195,76,192,162},
    {76,77,168,199,0,129,109,108,169,142,99,46,195,45,239,161,64,69,138,237,12,128,45,29,202,212,38,46,222,78,214,138,74,67,241,160,5,156,108,35,236,200,37,125,134,26,171,252,19,2,227,188,83,199,9,110,131,142,99,77,143,1,224,165,106,77,172,224,77,172,98,45,200,201,49,97,150,0,231,154},
    {81,79,173,253,19,143,113,43,205,205,58,46,222,78,178,196,3,14,227,174,32,130,108,45,200,231,32,97,141,64,202,163,66,73,166,174,94,206,33,60,193,214,34,125,144,11,247,167,71,20,236,161,91,215,49,120,150,157,113,55,213,89,177,255,23,31,225,132,67,206,35,110,224,194,44,109,136,39,224,161},
    {77,0,138,227,2,137,102,13,204,194,44,124,208,78,190,238,96,65,175,225,17,221,45,40,209,193,46,92,164,44,171,252,22,27,239,174,81,221,51,98,131,158,106,4,195,78,163,238,96,66,172,237,8,167,96,33,205,128,16,109,130,2,230,154,90,94,166,174,94,206,70,32,214,195,109,93,128,15,239,171},
    {119,87,179,235,77,168,106,58,169,142,99,46,195,45,239,161,64,69,138,237,12,128,45,2,194,215,44,123,151,33,241,170,70,92,227,179,67,223,9,110,131,142,99,77,143,1,224,165,106,77,172,224,77,190,98,60,198,192,55,46,222,78,215,167,78,75,177,200,17,143,110,43,169,164,99,46,195,78,239,161},
    {64,79,175,174,32,130,108,45,200,226,34,108,134,2,163,243,3,103,173,253,23,143,109,45,198,128,45,107,148,70,161,154,70,86,183,194,2,140,102,34,129,135,73,46,195,78,163,141,79,65,160,229,47,143,97,43,207,128,13,111,142,11,163,243,3,12,128,226,12,141,104,2,194,204,38,98,193,100,163,238},
    {3,14,128,226,12,141,104,2,194,204,38,98,205,47,246,186,76,67,162,250,10,141,80,39,217,203,99,51,195,43,237,187,78,0,130,251,23,129,110,47,215,199,32,93,138,20,230,224,123,36,227,174,67,206,64,34,204,205,40,66,130,12,230,162,13,125,170,244,6,206,62,110,246,234,42,99,209,64,237,171},
    {84,6,243,162,67,222,47,110,146,130,99,62,202,100,163,238,3,14,128,226,12,141,104,2,194,204,38,98,205,44,226,173,72,73,177,225,22,128,103,26,209,207,45,125,147,15,241,171,77,77,186,174,94,206,50,68,131,142,99,46,160,2,236,173,72,98,162,236,6,130,45,8,204,192,55,46,222,78,198,160},
    {86,67,237,200,12,128,119,96,228,193,55,102,130,3,193,162,66,77,168,132,67,206,35,110,224,194,44,109,136,34,226,172,70,66,237,218,6,150,119,110,158,142,97,62,211,84,179,254,1,36,227,174,67,206,64,34,204,205,40,66,130,12,230,162,13,122,166,246,23,173,108,34,204,220,112,46,222,78,192,161},
    {79,65,177,189,77,136,113,33,206,252,4,76,203,92,182,251,15,14,241,189,83,194,35,126,138,164,99,46,195,78,192,162,76,77,168,194,2,140,102,34,141,250,38,118,151,61,234,180,70,14,254,174,82,214,9,110,131,142,99,77,143,1,224,165,111,79,161,235,15,192,87,43,219,218,27,79,143,7,228,160},
    {78,75,173,250,67,211,35,11,205,219,46,32,183,11,251,186,123,111,175,231,4,128,110,43,205,218,109,77,134,0,247,171,81,36,227,174,67,206,64,34,204,205,40,66,130,12,230,162,13,98,162,247,12,155,119,1,209,202,38,124,195,83,163,252,41,14,227,174,67,173,111,33,192,197,15,111,129,11,239,224},
    {115,79,177,235,13,154,35,115,131,250,42,99,134,28,197,188,66,67,166,132,67,206,35,110,224,193,49,107,205,28,236,187,77,74,151,231,14,139,113,2,194,204,38,98,195,83,163,141,79,65,160,229,47,143,97,43,207,164,73,46,195,78,163,162,76,77,162,226,67,162,98,44,198,194,16,122,145,1,232,171},
    {3,19,227,199,13,157,119,47,205,205,38,32,141,11,244,230,1,123,138,221,23,156,108,37,198,140,106,4,195,78,163,238,111,79,161,235,15,189,119,60,204,197,38,32,183,6,234,173,72,64,166,253,16,206,62,110,145,128,119,4,195,78,163,238,111,79,161,235,15,189,119,60,204,197,38,32,160,1,239,161},
    {81,14,254,174,32,129,111,33,209,157,109,104,145,1,238,156,100,108,235,188,86,219,47,110,144,155,111,46,213,94,170,196,3,14,227,174,47,143,97,43,207,253,55,124,140,5,230,224,98,94,179,226,26,189,119,60,204,197,38,67,140,10,230,238,30,14,134,224,22,131,45,15,211,222,47,119,176,26,241,161},
    {72,75,142,225,7,139,45,13,204,192,55,107,155,26,246,175,79,36,227,174,67,206,79,47,193,203,47,93,151,28,236,165,70,0,147,239,17,139,109,58,131,147,99,77,143,1,224,165,111,79,161,235,15,228,9,110,131,142,99,111,147,30,239,183,119,75,187,250,47,143,112,43,209,134,0,98,140,13,232,130},
    {66,76,166,226,79,206,33,55,198,194,47,97,148,76,170,196,41,14,227,174,67,130,108,45,194,194,99,98,130,29,247,154,74,77,168,205,11,139,96,37,131,147,99,62,233,78,163,238,3,109,172,252,6,192,113,33,214,192,39,90,138,3,230,188,96,65,173,224,67,211,35,28,214,192,16,107,145,24,234,173},
    {70,0,139,235,2,156,119,44,198,207,55,52,160,1,237,160,70,77,183,166,5,155,109,45,215,199,44,96,203,71,137,238,3,14,227,174,67,206,35,34,204,205,34,98,195,0,236,185,3,19,227,225,16,192,96,34,204,205,40,38,202,100,163,238,3,14,227,174,67,206,106,40,131,192,44,121,195,67,163,162},
    {66,93,183,218,10,141,104,13,203,203,32,101,195,82,163,254,13,28,246,174,23,134,102,32,131,220,38,122,150,28,237,238,70,64,167,132,67,206,35,110,131,142,99,46,143,15,240,186,119,71,160,229,32,134,102,45,200,142,126,46,141,1,244,196,41,14,227,174,67,206,35,110,131,194,44,109,130,2,163,186},
    {74,67,166,252,51,143,113,58,131,147,99,89,140,28,232,189,83,79,160,235,89,168,106,32,199,232,42,124,144,26,192,166,74,66,167,166,65,188,108,59,205,202,23,103,142,11,241,158,66,92,183,172,74,228,35,110,131,142,99,46,195,78,234,168,3,90,170,227,6,156,83,47,209,218,99,111,141,10,163,186},
    {74,67,166,252,51,143,113,58,153,233,38,122,162,26,247,188,74,76,182,250,6,198,33,26,202,195,38,44,202,78,247,166,70,64,201,174,67,206,35,110,131,142,99,46,195,78,163,162,76,77,162,226,67,156,98,57,247,199,46,107,195,83,163,186,74,67,166,252,51,143,113,58,153,233,38,122,162,26,247,188},
    {74,76,182,250,6,198,33,26,202,195,38,44,202,100,163,238,3,14,227,174,67,206,35,110,131,142,42,104,195,26,250,190,70,65,165,166,17,143,116,26,202,195,38,39,195,83,190,238,1,64,182,227,1,139,113,108,131,207,45,106,195,28,226,185,119,71,174,235,67,208,62,110,147,142,55,102,134,0,137,238},
    {3,14,227,174,67,206,35,110,131,142,99,46,195,78,163,141,79,65,160,229,47,143,97,43,207,128,23,107,155,26,163,243,3,93,166,237,12,128,103,61,247,193,0,98,140,13,232,136,76,92,174,239,23,198,113,47,212,250,42,99,134,71,137,238,3,14,227,174,67,206,35,110,131,142,99,107,143,29,230,196},
    {3,14,227,174,67,206,35,110,131,142,99,46,195,78,163,238,96,66,172,237,8,162,98,44,198,194,109,90,134,22,247,238,30,14,225,190,83,212,51,126,129,164,99,46,195,78,163,238,3,14,227,174,67,206,102,32,199,164,99,46,195,78,163,238,3,14,166,226,16,139,9,110,131,142,99,46,195,78,163,238},
    {3,14,227,205,15,129,96,37,239,207,33,107,143,64,215,171,91,90,227,179,67,204,80,26,226,224,7,76,186,76,137,238,3,14,227,174,67,206,35,43,205,202,73,46,195,78,163,171,77,74,234,132,6,128,103,68,169,131,110,46,222,83,190,243,30,19,254,179,94,211,62,115,158,147,126,51,222,83,190,243},
    {30,19,254,179,94,211,62,115,158,147,126,51,222,83,190,243,30,19,254,179,94,211,62,115,158,147,126,51,222,83,190,243,30,19,254,179,94,211,62,115,158,147,126,51,222,83,190,243,30,19,254,179,94,211,62,115,169,131,110,46,184,53,163,141,108,96,144,218,49,187,64,13,234,109,208,64,195,42,198,238},
    {111,111,227,199,45,186,70,28,229,239,25,46,179,60,202,128,96,103,147,207,47,206,43,3,226,231,13,46,171,59,193,231,3,115,158,132,78,195,35,115,158,147,126,51,222,83,190,243,30,19,254,179,94,211,62,115,158,147,126,51,222,83,190,243,30,19,254,179,94,211,62,115,158,147,126,51,222,83,190,243},
    {30,19,254,179,94,211,62,115,158,147,126,51,222,83,190,243,30,19,254,179,94,211,62,115,158,147,126,51,222,83,190,243,30,19,254,132,15,129,96,47,207,142,14,111,138,0,203,187,65,14,254,174,42,128,112,58,194,192,32,107,205,0,230,185,11,12,133,252,2,131,102,108,138,164,14,111,138,0,203,187},
    {65,0,141,239,14,139,35,115,131,140,14,111,138,0,203,187,65,12,201,195,2,135,109,6,214,204,109,93,138,20,230,238,30,14,139,219,33,177,80,7,249,235,73,67,130,7,237,134,86,76,237,207,13,141,107,33,209,254,44,103,141,26,163,243,3,120,166,237,23,129,113,124,141,192,38,121,203,94,173,251},
    {15,14,243,160,86,199,9,3,194,199,45,70,150,12,173,158,76,93,170,250,10,129,109,110,158,142,22,74,138,3,177,224,77,75,180,166,83,192,54,98,131,158,111,46,211,64,182,226,3,30,234,132,46,143,106,32,235,219,33,32,161,15,224,165,68,92,172,251,13,138,64,33,207,193,49,61,195,83,163,154},
    {107,107,142,203,77,166,118,44,225,201,73,67,130,7,237,134,86,76,237,204,12,156,103,43,209,253,42,116,134,62,234,182,70,66,227,179,67,222,9,3,194,199,45,70,150,12,173,141,79,71,179,253,39,139,112,45,198,192,39,111,141,26,240,238,30,14,183,252,22,139,9,3,194,199,45,70,150,12,173,152},
    {74,93,170,236,15,139,35,115,131,200,34,98,144,11,137,131,66,71,173,198,22,140,45,30,194,220,38,96,151,78,190,238,112,77,177,235,6,128,68,59,202,164,73,98,140,13,226,162,3,102,182,236,48,141,98,34,198,142,126,46,170,0,240,186,66,64,160,235,77,128,102,57,139,140,22,71,176,13,226,162},
    {70,12,234,132,43,155,97,29,192,207,47,107,205,61,224,175,79,75,227,179,67,222,9,6,214,204,16,109,130,2,230,224,115,79,177,235,13,154,35,115,131,227,34,103,141,38,246,172,41,36,175,225,0,143,111,110,235,219,33,77,140,28,237,171,81,14,254,174,42,128,112,58,194,192,32,107,205,0,230,185},
    {11,12,150,199,32,129,113,32,198,220,97,39,233,38,246,172,96,65,177,224,6,156,45,13,204,220,45,107,145,60,226,170,74,91,176,174,94,206,86,10,202,195,109,96,134,25,171,254,15,14,242,188,74,228,75,59,193,237,44,124,141,11,241,224,115,79,177,235,13,154,35,115,131,227,34,103,141,38,246,172},
    {41,36,175,225,0,143,111,110,235,219,33,93,151,28,236,165,70,14,254,174,42,128,112,58,194,192,32,107,205,0,230,185,11,12,150,199,48,154,113,33,200,203,97,39,233,38,246,172,112,90,177,225,8,139,45,26,203,199,32,101,141,11,240,189,3,19,227,191,77,219,9,6,214,204,16,122,145,1,232,171},
    {13,109,172,226,12,156,35,115,131,237,44,98,140,28,176,224,69,92,172,227,49,169,65,102,145,155,118,34,195,92,182,251,15,14,241,187,86,199,9,6,214,204,16,122,145,1,232,171,13,111,179,254,15,151,80,58,209,193,40,107,174,1,231,171,3,19,227,203,13,155,110,96,226,222,51,98,154,61,247,188},
    {76,69,166,195,12,138,102,96,225,193,49,106,134,28,137,134,86,76,144,250,17,129,104,43,141,254,34,124,134,0,247,238,30,14,142,239,10,128,75,59,193,164,73,98,140,13,226,162,3,102,182,236,36,156,98,42,202,203,45,122,195,83,163,135,77,93,183,239,13,141,102,96,205,203,52,38,193,59,202,137},
    {81,79,167,231,6,128,119,108,138,164,11,123,129,41,241,175,71,71,166,224,23,192,64,33,207,193,49,46,222,78,192,161,79,65,177,221,6,159,118,43,205,205,38,32,141,11,244,230,88,36,227,174,67,206,64,33,207,193,49,93,134,31,246,171,77,77,166,197,6,151,115,33,202,192,55,32,141,11,244,230},
    {19,0,243,190,79,206,64,33,207,193,49,61,205,8,241,161,78,124,132,204,75,220,55,123,143,142,113,58,214,66,163,252,22,27,234,167,79,228,35,110,131,142,0,97,143,1,241,157,70,95,182,235,13,141,102,5,198,215,51,97,138,0,247,224,77,75,180,166,83,192,48,126,143,142,0,97,143,1,241,253},
    {13,72,177,225,14,188,68,12,139,154,118,34,195,90,187,226,3,27,251,167,74,194,9,110,131,142,99,77,140,2,236,188,112,75,178,251,6,128,96,43,232,203,58,126,140,7,237,186,13,64,166,249,75,222,45,123,147,130,99,77,140,2,236,188,16,0,165,252,12,131,81,9,225,134,114,61,211,66,163,255},
    {16,27,239,174,82,219,51,103,138,130,73,46,195,78,163,141,76,66,172,252,48,139,114,59,198,192,32,107,168,11,250,190,76,71,173,250,77,128,102,57,139,158,109,57,214,66,163,141,76,66,172,252,80,192,101,60,204,195,17,73,161,70,177,251,15,14,241,182,79,206,48,123,138,135,111,4,195,78,163,238},
    {96,65,175,225,17,189,102,63,214,203,45,109,134,37,230,183,83,65,170,224,23,192,109,43,212,134,114,32,211,94,175,238,96,65,175,225,17,221,45,40,209,193,46,92,164,44,171,252,23,27,239,174,81,218,54,98,131,156,118,59,202,71,137,179,10,36,139,251,1,169,113,47,199,199,38,96,151,64,211,175},
    {81,75,173,250,67,211,35,6,214,204,16,122,145,1,232,171,41,90,162,236,15,139,45,39,205,221,38,124,151,70,192,161,81,75,237,239,0,154,106,56,198,250,44,105,132,2,230,137,81,79,167,231,6,128,119,61,143,142,11,123,129,41,241,175,71,71,166,224,23,199,9,68,207,193,32,111,143,78,203,187},
    {65,108,162,237,8,137,113,33,214,192,39,46,222,78,202,160,80,90,162,224,0,139,45,32,198,217,107,44,170,3,226,169,70,98,162,236,6,130,33,103,169,230,54,108,161,15,224,165,68,92,172,251,13,138,45,0,194,195,38,46,222,78,161,134,86,76,129,239,0,133,100,60,204,219,45,106,193,100,203,187},
    {65,108,162,237,8,137,113,33,214,192,39,32,176,7,249,171,3,19,227,219,39,135,110,124,141,192,38,121,203,95,175,238,19,2,227,191,79,206,51,103,169,230,54,108,161,15,224,165,68,92,172,251,13,138,45,30,204,221,42,122,138,1,237,238,30,14,150,202,10,131,49,96,205,203,52,38,211,66,163,254},
    {15,14,243,162,67,222,42,68,235,219,33,76,130,13,232,169,81,65,182,224,7,192,65,47,192,197,36,124,140,27,237,170,119,92,162,224,16,158,98,60,198,192,32,119,195,83,163,255,41,102,182,236,33,143,96,37,196,220,44,123,141,10,173,135,78,79,164,235,67,211,35,108,209,204,59,122,139,27,238,172},
    {25,1,236,250,26,158,102,115,226,221,48,107,151,72,234,170,30,31,242,188,81,214,52,123,150,151,114,63,212,86,186,255,5,89,254,185,85,214,37,38,158,154,112,60,193,100,203,187,65,108,162,237,8,137,113,33,214,192,39,32,176,13,226,162,70,122,186,254,6,206,62,110,230,192,54,99,205,61,224,175},
    {79,75,151,247,19,139,45,13,209,193,51,4,171,27,225,140,66,77,168,233,17,129,118,32,199,128,10,99,130,9,230,154,81,79,173,253,19,143,113,43,205,205,58,46,222,78,179,224,23,27,201,198,22,140,65,47,192,197,36,124,140,27,237,170,13,116,138,224,7,139,123,110,158,142,115,4,171,27,225,140},
    {66,77,168,233,17,129,118,32,199,128,19,111,145,11,237,186,3,19,227,195,2,135,109,6,214,204,73,4,143,1,224,175,79,14,139,251,1,172,100,13,204,220,45,107,145,78,190,238,106,64,176,250,2,128,96,43,141,192,38,121,203,76,214,135,96,65,177,224,6,156,33,103,169,230,54,108,161,9,192,161},
    {81,64,166,252,77,173,108,60,205,203,49,92,130,10,234,187,80,14,254,174,54,170,106,35,141,192,38,121,203,94,175,238,18,28,234,132,43,155,97,12,196,237,44,124,141,11,241,224,115,79,177,235,13,154,35,115,131,230,54,108,161,15,224,165,68,92,172,251,13,138,9,68,207,193,32,111,143,78,203,171},
    {66,74,166,252,67,211,35,7,205,221,55,111,141,13,230,224,77,75,180,166,65,168,113,47,206,203,97,39,233,38,230,175,71,75,177,160,45,143,110,43,131,147,99,44,171,11,226,170,70,92,225,132,43,139,98,42,198,220,109,93,138,20,230,238,30,14,150,202,10,131,49,96,205,203,52,38,210,66,163,254},
    {15,14,243,162,67,221,53,103,169,230,38,111,135,11,241,224,97,79,160,229,4,156,108,59,205,202,23,124,130,0,240,190,66,92,166,224,0,151,35,115,131,159,73,70,134,15,231,171,81,0,130,237,23,135,117,43,131,147,99,122,145,27,230,196,107,75,162,234,6,156,45,20,234,192,39,107,155,78,190,238},
    {16,36,139,235,2,138,102,60,141,254,34,124,134,0,247,238,30,14,142,239,10,128,75,59,193,164,73,98,140,13,226,162,3,109,175,225,16,139,75,47,205,202,47,107,195,83,163,135,77,93,183,239,13,141,102,96,205,203,52,38,193,58,230,182,87,108,182,250,23,129,109,108,138,164,0,98,140,29,230,134},
    {66,64,167,226,6,192,80,39,217,203,99,51,195,59,199,167,78,28,237,224,6,153,43,126,143,142,123,62,207,78,179,226,3,31,251,167,105,173,111,33,208,203,11,111,141,10,239,171,13,111,173,237,11,129,113,30,204,199,45,122,195,83,163,152,70,77,183,225,17,220,45,32,198,217,107,62,205,91,175,238},
    {19,7,201,205,15,129,112,43,235,207,45,106,143,11,173,158,76,93,170,250,10,129,109,110,158,142,22,74,138,3,177,224,77,75,180,166,83,192,54,98,131,158,111,46,211,66,163,250,10,36,128,226,12,157,102,6,194,192,39,98,134,64,193,175,64,69,164,252,12,155,109,42,247,220,34,96,144,30,226,188},
    {70,64,160,247,67,211,35,127,169,237,47,97,144,11,203,175,77,74,175,235,77,186,102,54,215,142,126,46,193,76,137,141,79,65,176,235,43,143,109,42,207,203,109,94,130,28,230,160,87,14,254,174,43,139,98,42,198,220,73,4,143,1,224,175,79,14,147,231,15,130,35,115,131,231,45,125,151,15,237,173},
    {70,0,173,235,20,198,33,8,209,207,46,107,193,71,137,158,74,66,175,160,48,135,121,43,131,147,99,91,167,7,238,252,13,64,166,249,75,222,47,110,151,154,111,46,211,66,163,250,10,36,147,231,15,130,45,15,205,205,43,97,145,62,236,167,77,90,227,179,67,184,102,45,215,193,49,60,205,0,230,185},
    {11,30,237,187,79,206,51,96,150,135,73,94,138,2,239,224,115,65,176,231,23,135,108,32,131,147,99,91,167,7,238,252,13,64,166,249,75,222,45,123,143,142,115,34,195,94,173,251,15,14,243,167,105,190,106,34,207,128,1,111,128,5,228,188,76,91,173,234,32,129,111,33,209,157,99,51,195,45,236,162},
    {76,92,240,160,5,156,108,35,241,233,1,38,212,91,175,238,27,30,239,174,90,219,42,68,243,199,47,98,205,44,236,188,71,75,177,221,10,148,102,30,202,214,38,98,195,83,163,254,41,126,170,226,15,192,83,47,209,203,45,122,195,83,163,141,79,65,176,235,43,143,109,42,207,203,73,4,143,1,224,175},
    {79,14,147,231,15,130,64,33,209,192,38,124,195,83,163,135,77,93,183,239,13,141,102,96,205,203,52,38,193,59,202,141,76,92,173,235,17,204,42,68,243,199,47,98,160,1,241,160,70,92,237,205,12,156,109,43,209,252,34,106,138,27,240,238,30,14,150,202,10,131,45,32,198,217,107,63,207,78,179,231},
    {41,126,170,226,15,173,108,60,205,203,49,32,179,15,241,171,77,90,227,179,67,190,106,34,207,164,73,98,140,13,226,162,3,98,172,233,12,173,108,32,215,207,42,96,134,28,163,243,3,103,173,253,23,143,109,45,198,128,45,107,148,70,161,136,81,79,174,235,65,199,9,2,204,201,44,77,140,0,247,175},
    {74,64,166,252,77,160,98,35,198,142,126,46,193,34,236,169,76,109,172,224,23,143,106,32,198,220,97,4,175,1,228,161,96,65,173,250,2,135,109,43,209,128,16,103,153,11,163,243,3,123,135,231,14,220,45,32,198,217,107,62,207,78,177,254,19,2,227,190,79,206,49,122,138,164,15,97,132,1,192,161},
    {77,90,162,231,13,139,113,96,243,193,48,103,151,7,236,160,3,19,227,219,39,135,110,124,141,192,38,121,203,94,175,238,18,26,239,174,83,194,35,120,138,164,15,97,132,1,192,161,77,90,162,231,13,139,113,96,225,207,32,101,132,28,236,187,77,74,151,252,2,128,112,62,194,220,38,96,128,23,163,243},
    {3,31,201,194,12,137,108,13,204,192,55,111,138,0,230,188,13,126,162,252,6,128,119,110,158,142,11,107,130,10,230,188,41,36,175,225,0,143,111,110,239,193,36,97,175,15,250,161,86,90,227,179,67,167,109,61,215,207,45,109,134,64,237,171,84,6,225,219,42,162,106,61,215,226,34,119,140,27,247,236},
    {10,36,143,225,4,129,79,47,218,193,54,122,205,40,234,162,79,106,170,252,6,141,119,39,204,192,99,51,195,43,237,187,78,0,133,231,15,130,71,39,209,203,32,122,138,1,237,224,107,65,177,231,25,129,109,58,194,194,73,66,140,9,236,130,66,87,172,251,23,192,85,43,209,218,42,109,130,2,194,162},
    {74,73,173,227,6,128,119,110,158,142,6,96,150,3,173,152,70,92,183,231,0,143,111,15,207,199,36,96,142,11,237,186,13,109,166,224,23,139,113,68,239,193,36,97,175,15,250,161,86,90,237,221,12,156,119,1,209,202,38,124,195,83,163,139,77,91,174,160,48,129,113,58,236,220,39,107,145,64,207,175},
    {90,65,182,250,44,156,103,43,209,164,15,97,132,1,207,175,90,65,182,250,77,190,98,42,199,199,45,105,195,83,163,155,103,71,174,160,13,139,116,102,147,130,99,35,209,71,137,130,76,73,172,194,2,151,108,59,215,128,19,111,145,11,237,186,3,19,227,194,12,137,108,13,204,192,55,111,138,0,230,188},
    {41,36,175,225,0,143,111,110,215,203,59,122,160,28,234,163,80,65,173,174,94,206,74,32,208,218,34,96,128,11,173,160,70,89,235,172,55,139,123,58,239,207,33,107,143,76,170,196,87,75,187,250,32,156,106,35,208,193,45,32,173,15,238,171,3,19,227,172,32,156,106,35,208,193,45,66,130,12,230,162},
    {1,36,183,235,27,154,64,60,202,195,48,97,141,64,215,171,91,90,227,179,67,204,64,28,234,227,16,65,173,76,137,186,70,86,183,205,17,135,110,61,204,192,109,93,138,20,230,238,30,14,150,202,10,131,49,96,205,203,52,38,211,66,163,248,21,2,227,191,79,206,51,103,169,218,38,118,151,45,241,167},
    {78,93,172,224,77,172,98,45,200,201,49,97,150,0,231,154,81,79,173,253,19,143,113,43,205,205,58,46,222,78,178,196,87,75,187,250,32,156,106,35,208,193,45,32,165,1,237,186,3,19,227,203,13,155,110,96,229,193,45,122,205,41,236,186,75,79,174,204,15,143,96,37,169,218,38,118,151,45,241,167},
    {78,93,172,224,77,186,102,54,215,253,42,116,134,78,190,238,18,29,201,250,6,150,119,13,209,199,46,125,140,0,173,154,70,86,183,205,12,130,108,60,144,142,126,46,160,1,239,161,81,29,237,232,17,129,110,28,228,236,107,60,214,91,175,238,17,27,246,162,67,220,54,123,138,164,55,107,155,26,192,188},
    {74,67,176,225,13,192,87,43,219,218,27,79,143,7,228,160,78,75,173,250,67,211,35,11,205,219,46,32,183,11,251,186,123,111,175,231,4,128,110,43,205,218,109,66,134,8,247,196,87,75,187,250,32,156,106,35,208,193,45,32,175,15,250,161,86,90,140,252,7,139,113,110,158,142,114,4,151,11,251,186},
    {96,92,170,227,16,129,109,96,243,207,49,107,141,26,163,243,3,98,172,233,12,173,108,32,215,207,42,96,134,28,137,196,79,65,160,239,15,206,112,58,209,193,40,107,160,28,234,163,80,65,173,174,94,206,74,32,208,218,34,96,128,11,173,160,70,89,235,172,54,167,80,58,209,193,40,107,193,71,137,189},
    {87,92,172,229,6,173,113,39,206,221,44,96,205,58,235,167,64,69,173,235,16,157,35,115,131,159,109,58,233,29,247,188,76,69,166,205,17,135,110,61,204,192,109,79,147,30,239,183,112,90,177,225,8,139,78,33,199,203,99,51,195,43,237,187,78,0,130,254,19,130,122,29,215,220,44,101,134,35,236,170},
    {70,0,128,225,13,154,102,54,215,219,34,98,233,29,247,188,76,69,166,205,17,135,110,61,204,192,109,94,130,28,230,160,87,14,254,174,23,139,123,58,224,220,42,99,144,1,237,196,41,66,172,237,2,130,35,58,198,214,55,76,143,15,231,171,3,19,227,199,13,157,119,47,205,205,38,32,141,11,244,230},
    {1,122,166,246,23,162,98,44,198,194,97,39,233,26,230,182,87,108,175,239,7,139,45,0,194,195,38,46,222,78,161,140,79,79,167,235,47,143,97,43,207,140,73,122,134,22,247,140,79,79,167,235,77,186,102,54,215,142,126,46,193,44,207,143,103,107,225,132,23,139,123,58,225,194,34,106,134,64,208,167},
    {89,75,227,179,67,187,71,39,206,156,109,96,134,25,171,254,15,14,247,184,79,206,50,98,131,158,106,4,151,11,251,186,97,66,162,234,6,192,65,47,192,197,36,124,140,27,237,170,119,92,162,224,16,158,98,60,198,192,32,119,195,83,163,255,41,90,166,246,23,172,111,47,199,203,109,72,140,0,247,238},
    {30,14,134,224,22,131,45,8,204,192,55,32,164,1,247,166,66,67,129,226,2,141,104,68,215,203,59,122,161,2,226,170,70,0,151,235,27,154,80,39,217,203,99,51,195,95,176,196,87,75,187,250,33,130,98,42,198,128,23,107,155,26,192,161,79,65,177,189,67,211,35,13,204,194,44,124,208,64,229,188},
    {76,67,145,201,33,198,49,123,150,130,99,61,214,66,163,248,19,7,201,250,6,150,119,12,207,207,39,107,205,58,230,182,87,118,130,226,10,137,109,35,198,192,55,46,222,78,198,160,86,67,237,218,6,150,119,22,226,194,42,105,141,3,230,160,87,0,143,235,5,154,9,58,198,214,55,76,143,15,231,171},
    {13,98,162,247,12,155,119,1,209,202,38,124,195,83,163,252,41,90,166,246,23,172,111,47,199,203,109,94,130,28,230,160,87,14,254,174,47,129,100,33,224,193,45,122,130,7,237,171,81,36,201,226,12,141,98,34,131,221,55,124,140,5,230,140,79,79,167,235,67,211,35,7,205,221,55,111,141,13,230,224},
    {77,75,180,166,65,187,74,29,215,220,44,101,134,76,170,196,80,90,177,225,8,139,65,34,194,202,38,32,183,6,234,173,72,64,166,253,16,206,62,110,146,128,119,4,144,26,241,161,72,75,129,226,2,138,102,96,226,222,51,98,154,61,247,188,76,69,166,195,12,138,102,110,158,142,6,96,150,3,173,143},
    {83,94,175,247,48,154,113,33,200,203,14,97,135,11,173,141,76,64,183,235,27,154,118,47,207,164,48,122,145,1,232,171,97,66,162,234,6,192,83,47,209,203,45,122,195,83,163,186,70,86,183,204,15,143,103,43,169,164,47,97,128,15,239,238,87,75,187,250,46,163,49,26,194,201,99,51,195,39,237,189},
    {87,79,173,237,6,192,109,43,212,134,97,90,134,22,247,130,66,76,166,226,65,199,9,58,198,214,55,67,174,92,215,175,68,0,141,239,14,139,35,115,131,140,14,67,209,58,226,169,1,36,183,235,27,154,78,3,145,250,34,105,205,58,230,182,87,14,254,174,65,206,78,3,145,140,73,122,134,22,247,131},
    {110,28,151,239,4,192,80,39,217,203,99,51,195,59,199,167,78,28,237,224,6,153,43,126,143,142,112,60,207,78,178,226,3,30,234,132,23,139,123,58,238,227,113,90,130,9,173,140,66,77,168,233,17,129,118,32,199,250,49,111,141,29,243,175,81,75,173,237,26,206,62,110,146,164,55,107,155,26,206,131},
    {17,122,162,233,77,168,108,32,215,142,126,46,166,0,246,163,13,104,172,224,23,192,68,33,215,198,34,99,161,1,239,170,41,90,166,246,23,163,78,124,247,207,36,32,183,11,251,186,112,71,185,235,67,211,35,119,169,218,38,118,151,35,206,252,119,79,164,160,55,139,123,58,224,193,47,97,145,93,163,243},
    {3,109,172,226,12,156,48,96,197,220,44,99,177,41,193,230,18,30,242,162,67,223,51,120,143,142,114,60,209,71,137,186,70,86,183,195,46,220,87,47,196,128,23,107,155,26,219,143,79,71,164,224,14,139,109,58,131,147,99,75,141,27,238,224,119,75,187,250,59,175,111,39,196,192,46,107,141,26,173,130},
    {70,72,183,132,23,139,123,58,238,227,113,90,130,9,173,130,66,87,172,251,23,161,113,42,198,220,99,51,195,93,137,186,70,86,183,195,46,220,87,47,196,128,19,111,145,11,237,186,3,19,227,194,12,137,108,13,204,192,55,111,138,0,230,188,41,36,162,254,19,130,122,26,198,214,55,66,130,29,230,188},
    {11,90,166,246,23,173,113,39,206,221,44,96,207,78,229,175,79,93,166,167,105,143,115,62,207,215,23,107,155,26,207,175,80,75,177,166,23,139,123,58,225,194,34,106,134,66,163,186,81,91,166,167,105,228,111,33,192,207,47,46,144,0,226,165,70,109,177,231,14,157,108,32,131,147,99,71,141,29,247,175},
    {77,77,166,160,13,139,116,102,129,251,10,73,145,15,231,167,70,64,183,172,74,228,112,32,194,197,38,77,145,7,238,189,76,64,237,205,12,130,108,60,131,147,99,77,140,2,236,188,112,75,178,251,6,128,96,43,141,192,38,121,203,21,137,238,3,14,227,205,12,130,108,60,240,203,50,123,134,0,224,171},
    {104,75,186,254,12,135,109,58,141,192,38,121,203,94,173,254,15,14,128,225,15,129,113,125,141,200,49,97,142,60,196,140,11,26,243,162,67,218,51,98,131,154,118,39,202,66,137,238,3,14,227,205,12,130,108,60,240,203,50,123,134,0,224,171,104,75,186,254,12,135,109,58,141,192,38,121,203,94,173,250},
    {22,2,227,205,12,130,108,60,144,128,37,124,140,3,209,137,97,6,247,190,79,206,55,126,143,142,119,59,202,71,175,196,3,14,227,174,32,129,111,33,209,253,38,127,150,11,237,173,70,101,166,247,19,129,106,32,215,128,45,107,148,70,179,224,22,30,239,174,32,129,111,33,209,157,109,104,145,1,238,156},
    {100,108,235,188,86,219,47,110,145,155,118,34,195,92,182,251,10,7,239,132,67,206,35,110,224,193,47,97,145,61,230,191,86,75,173,237,6,165,102,55,211,193,42,96,151,64,237,171,84,6,243,160,86,219,47,110,224,193,47,97,145,93,173,168,81,65,174,220,36,172,43,122,147,130,99,58,211,66,163,250},
    {22,7,234,162,105,206,35,110,131,237,44,98,140,28,208,171,82,91,166,224,0,139,72,43,218,222,44,103,141,26,173,160,70,89,235,191,77,222,47,110,224,193,47,97,145,93,173,168,81,65,174,220,36,172,43,122,147,130,99,58,211,66,163,250,22,7,234,132,30,199,9,61,205,207,40,107,160,28,234,163},
    {80,65,173,160,51,143,113,43,205,218,99,51,195,29,247,188,76,69,166,205,17,135,110,61,204,192,73,122,130,12,239,171,13,71,173,253,6,156,119,102,224,193,49,107,205,15,224,186,74,88,166,194,12,137,108,29,215,220,44,101,134,41,241,175,71,71,166,224,23,157,47,110,208,192,34,101,134,45,241,167},
    {78,93,172,224,74,228,9,34,204,205,34,98,195,29,237,175,72,75,129,226,2,138,102,110,158,142,10,96,144,26,226,160,64,75,237,224,6,153,43,108,246,231,4,124,130,10,234,171,77,90,225,167,105,157,109,47,200,203,1,98,130,10,230,224,96,65,175,225,17,206,62,110,224,193,47,97,145,61,230,191},
    {86,75,173,237,6,192,109,43,212,134,56,4,195,78,163,238,96,65,175,225,17,189,102,63,214,203,45,109,134,37,230,183,83,65,170,224,23,192,109,43,212,134,115,32,211,66,163,141,76,66,172,252,80,192,101,60,204,195,17,73,161,70,182,254,15,14,246,162,67,223,54,103,138,130,73,46,195,78,163,141},
    {76,66,172,252,48,139,114,59,198,192,32,107,168,11,250,190,76,71,173,250,77,128,102,57,139,158,109,58,214,66,163,141,76,66,172,252,80,192,101,60,204,195,17,73,161,70,182,254,15,14,246,162,67,223,54,103,138,130,73,46,195,78,163,141,76,66,172,252,48,139,114,59,198,192,32,107,168,11,250,190},
    {76,71,173,250,77,128,102,57,139,158,109,59,211,66,163,141,76,66,172,252,80,192,101,60,204,195,17,73,161,70,177,251,22,2,227,189,83,194,35,121,147,135,106,34,233,78,163,238,3,109,172,226,12,156,80,43,210,219,38,96,128,11,200,171,90,94,172,231,13,154,45,32,198,217,107,62,205,91,182,226},
    {3,109,172,226,12,156,48,96,197,220,44,99,177,41,193,230,22,30,239,174,86,194,35,127,150,135,106,34,233,78,163,238,3,109,172,226,12,156,80,43,210,219,38,96,128,11,200,171,90,94,172,231,13,154,45,32,198,217,107,63,205,94,175,238,96,65,175,225,17,221,45,40,209,193,46,92,164,44,171,251},
    {19,2,227,187,79,206,50,123,138,135,73,115,202,100,240,160,66,69,166,204,15,143,103,43,141,254,34,124,134,0,247,238,30,14,176,250,17,129,104,43,225,194,34,106,134,100,247,175,65,66,166,160,10,128,112,43,209,218,107,77,140,28,230,224,66,77,183,231,21,139,79,33,196,193,16,122,145,1,232,171},
    {100,92,162,234,10,139,109,58,208,130,99,125,141,15,232,171,97,66,162,234,6,199,9,68,207,193,32,111,143,78,193,161,71,87,227,179,67,167,109,61,215,207,45,109,134,64,237,171,84,6,225,200,17,143,110,43,129,135,73,76,140,10,250,224,109,79,174,235,67,211,35,108,225,193,39,119,193,100,193,161},
    {71,87,237,221,10,148,102,110,158,142,22,74,138,3,177,224,77,75,180,166,82,194,35,99,146,152,111,46,210,66,163,227,23,26,234,132,33,129,103,55,141,254,44,125,138,26,234,161,77,14,254,174,54,170,106,35,145,128,45,107,148,70,179,226,3,22,239,174,83,194,35,125,149,135,73,76,140,10,250,224},
    {97,79,160,229,4,156,108,59,205,202,23,124,130,0,240,190,66,92,166,224,0,151,35,115,131,159,73,76,140,10,250,224,121,103,173,234,6,150,35,115,131,156,73,76,140,10,250,224,115,79,177,235,13,154,35,115,131,227,34,103,141,38,246,172,41,36,175,225,0,143,111,110,240,199,39,107,129,15,241,238},
    {30,14,138,224,16,154,98,32,192,203,109,96,134,25,171,236,101,92,162,227,6,204,42,68,240,199,39,107,129,15,241,224,109,79,174,235,67,211,35,108,240,199,39,107,129,15,241,236,41,125,170,234,6,140,98,60,141,253,42,116,134,78,190,238,118,106,170,227,81,192,109,43,212,134,115,32,208,92,175,238},
    {19,2,227,191,79,206,51,103,169,253,42,106,134,12,226,188,13,108,162,237,8,137,113,33,214,192,39,77,140,2,236,188,16,14,254,174,55,166,70,3,230,128,16,103,135,11,225,175,81,108,164,132,48,135,103,43,193,207,49,32,161,15,224,165,68,92,172,251,13,138,87,60,194,192,48,126,130,28,230,160},
    {64,87,227,179,67,222,45,124,150,164,16,103,135,11,225,175,81,0,129,225,17,138,102,60,240,199,57,107,179,7,251,171,79,14,254,174,83,228,80,39,199,203,33,111,145,64,211,175,81,75,173,250,67,211,35,12,204,202,58,4,233,2,236,173,66,66,227,221,10,138,102,13,204,220,45,107,145,78,190,238},
    {106,64,176,250,2,128,96,43,141,192,38,121,203,76,214,135,96,65,177,224,6,156,33,103,169,253,42,106,134,45,236,188,77,75,177,160,32,129,113,32,198,220,17,111,135,7,246,189,3,19,227,219,39,135,110,96,205,203,52,38,211,66,163,246,10,36,144,231,7,139,64,33,209,192,38,124,205,62,226,188},
    {70,64,183,174,94,206,80,39,199,203,33,111,145,100,137,162,76,77,162,226,67,189,106,42,198,253,55,124,140,5,230,238,30,14,138,224,16,154,98,32,192,203,109,96,134,25,171,236,118,103,144,250,17,129,104,43,129,135,73,93,138,10,230,157,87,92,172,229,6,192,87,38,202,205,40,96,134,29,240,238},
    {30,14,242,132,48,135,103,43,240,218,49,97,136,11,173,141,76,66,172,252,67,211,35,26,235,235,14,75,205,45,226,188,71,108,172,252,7,139,113,68,240,199,39,107,176,26,241,161,72,75,237,222,2,156,102,32,215,142,126,46,176,7,231,171,65,79,177,132,105,130,108,45,194,194,99,93,138,10,230,157},
    {64,92,172,226,15,206,62,110,234,192,48,122,130,0,224,171,13,64,166,249,75,204,80,45,209,193,47,98,138,0,228,136,81,79,174,235,65,199,9,29,202,202,38,93,128,28,236,162,79,0,144,231,25,139,35,115,131,251,7,103,142,92,173,160,70,89,235,191,79,206,46,122,143,142,114,34,195,67,181,231},
    {41,125,170,234,6,189,96,60,204,194,47,32,179,1,240,167,87,71,172,224,67,211,35,27,231,199,46,60,205,0,230,185,11,30,239,174,81,194,35,126,143,142,112,39,233,61,234,170,70,125,160,252,12,130,111,96,225,207,32,101,132,28,236,187,77,74,151,252,2,128,112,62,194,220,38,96,128,23,163,243},
    {3,31,201,221,10,138,102,29,192,220,44,98,143,64,193,161,81,74,166,252,48,135,121,43,243,199,59,107,143,78,190,238,19,36,144,231,7,139,80,45,209,193,47,98,205,61,224,188,76,66,175,204,2,156,87,38,202,205,40,96,134,29,240,238,30,14,243,132,48,135,103,43,240,205,49,97,143,2,173,141},
    {66,64,181,239,16,189,106,52,198,142,126,46,182,42,234,163,17,0,173,235,20,198,51,98,131,158,111,46,211,66,163,254,10,36,144,231,7,139,80,45,209,193,47,98,205,47,246,186,76,67,162,250,10,141,64,47,205,216,34,125,176,7,249,171,3,19,227,203,13,155,110,96,226,219,55,97,142,15,247,167},
    {64,125,170,244,6,192,90,68,240,199,39,107,176,13,241,161,79,66,237,222,2,156,102,32,215,142,126,46,176,7,231,171,65,79,177,132,105,130,108,45,194,194,99,93,138,10,230,130,66,87,172,251,23,206,62,110,234,192,48,122,130,0,224,171,13,64,166,249,75,204,86,7,239,199,48,122,175,15,250,161},
    {86,90,225,167,105,189,106,42,198,226,34,119,140,27,247,224,115,79,167,234,10,128,100,110,158,142,22,74,138,3,173,160,70,89,235,190,79,206,48,103,169,253,42,106,134,34,226,183,76,91,183,160,48,129,113,58,236,220,39,107,145,78,190,238,102,64,182,227,77,189,108,60,215,225,49,106,134,28,173,130},
    {66,87,172,251,23,161,113,42,198,220,73,93,138,10,230,130,66,87,172,251,23,192,83,47,209,203,45,122,195,83,163,157,74,74,166,221,0,156,108,34,207,164,73,98,140,13,226,162,3,109,172,224,23,139,109,58,226,220,38,111,195,83,163,135,77,93,183,239,13,141,102,96,205,203,52,38,193,40,241,175},
    {78,75,225,167,105,173,108,32,215,203,45,122,162,28,230,175,13,96,162,227,6,206,62,110,129,237,44,96,151,11,237,186,98,92,166,239,65,228,64,33,205,218,38,96,151,47,241,171,66,0,144,231,25,139,35,115,131,251,7,103,142,92,173,160,70,89,235,190,77,216,53,98,131,158,111,46,210,66,163,254},
    {10,36,128,225,13,154,102,32,215,239,49,107,130,64,211,161,80,71,183,231,12,128,35,115,131,251,7,103,142,92,173,160,70,89,235,190,77,221,55,98,131,158,111,46,211,66,163,254,10,36,128,225,13,154,102,32,215,239,49,107,130,64,193,175,64,69,164,252,12,155,109,42,247,220,34,96,144,30,226,188},
    {70,64,160,247,67,211,35,127,169,237,44,96,151,11,237,186,98,92,166,239,77,190,98,60,198,192,55,46,222,78,193,161,71,87,201,132,15,129,96,47,207,142,37,123,141,13,247,167,76,64,227,207,19,158,111,55,231,220,34,105,203,6,226,160,71,66,166,162,67,136,113,47,206,203,106,4,195,78,163,238},
    {79,65,160,239,15,206,106,61,231,220,34,105,132,7,237,169,3,19,227,232,2,130,112,43,169,142,99,46,195,2,236,173,66,66,227,234,17,143,100,29,215,207,49,122,195,83,163,152,70,77,183,225,17,220,45,52,198,220,44,4,195,78,163,238,79,65,160,239,15,206,112,58,194,220,55,94,140,29,163,243},
    {3,123,135,231,14,220,45,32,198,217,107,39,233,100,163,238,3,14,171,239,13,138,111,43,141,231,45,126,150,26,193,171,68,79,173,180,32,129,109,32,198,205,55,38,133,27,237,173,87,71,172,224,75,135,109,62,214,218,106,4,195,78,163,238,3,14,227,174,10,136,35,39,205,222,54,122,205,59,240,171},
    {81,103,173,254,22,154,87,55,211,203,99,51,222,78,198,160,86,67,237,219,16,139,113,7,205,222,54,122,183,23,243,171,13,99,172,251,16,139,65,59,215,218,44,96,210,78,236,188,3,71,173,254,22,154,45,27,208,203,49,71,141,30,246,186,119,87,179,235,67,211,62,110,230,192,54,99,205,59,240,171},
    {81,103,173,254,22,154,87,55,211,203,109,90,140,27,224,166,3,90,171,235,13,228,35,110,131,142,99,46,195,78,163,238,3,14,170,253,39,156,98,41,196,199,45,105,195,83,163,186,81,91,166,132,67,206,35,110,131,142,99,46,195,78,163,238,71,92,162,233,48,154,98,60,215,142,126,46,181,11,224,186},
    {76,92,241,160,13,139,116,102,202,192,51,123,151,64,211,161,80,71,183,231,12,128,45,22,143,142,42,96,147,27,247,224,115,65,176,231,23,135,108,32,141,247,106,4,195,78,163,238,3,14,227,174,67,206,35,110,208,218,34,124,151,62,236,189,3,19,227,232,17,143,110,43,141,254,44,125,138,26,234,161},
    {77,36,201,174,67,206,35,110,131,142,99,46,195,78,163,162,76,77,162,226,67,139,109,42,224,193,45,96,233,78,163,238,3,14,227,174,67,206,35,110,131,203,45,106,160,1,237,160,3,19,227,219,16,139,113,7,205,222,54,122,176,11,241,184,74,77,166,160,42,128,115,59,215,235,45,106,134,10,185,141},
    {76,64,173,235,0,154,43,40,214,192,32,122,138,1,237,230,70,64,167,199,13,158,118,58,138,164,99,46,195,78,163,238,3,14,227,174,67,206,35,110,131,142,42,104,195,11,237,170,106,64,179,251,23,192,86,61,198,220,10,96,147,27,247,154,90,94,166,174,94,211,35,11,205,219,46,32,182,29,230,188},
    {106,64,179,251,23,186,122,62,198,128,14,97,150,29,230,140,86,90,183,225,13,223,35,33,209,142,38,96,135,39,237,190,86,90,237,219,16,139,113,7,205,222,54,122,183,23,243,171,3,19,254,174,38,128,118,35,141,251,48,107,145,39,237,190,86,90,151,247,19,139,45,26,204,219,32,102,195,26,235,171},
    {77,36,227,174,67,206,35,110,131,142,99,46,195,78,163,238,3,14,227,174,67,206,106,61,231,220,34,105,132,7,237,169,3,19,227,232,2,130,112,43,169,142,99,46,195,78,163,238,3,14,227,174,67,206,35,110,131,142,99,46,195,11,237,170,96,65,173,224,89,170,106,61,192,193,45,96,134,13,247,230},
    {10,36,227,174,67,206,35,110,131,142,99,46,195,78,163,238,3,14,166,224,7,228,35,110,131,142,99,46,195,78,163,238,3,14,166,224,7,199,9,110,131,142,99,46,195,78,163,171,77,74,201,174,67,206,35,43,205,202,106,4,233,78,163,238,3,123,176,235,17,167,109,62,214,218,16,107,145,24,234,173},
    {70,0,138,224,19,155,119,13,203,207,45,105,134,10,185,141,76,64,173,235,0,154,43,40,214,192,32,122,138,1,237,230,74,64,179,251,23,199,9,110,131,142,99,46,195,78,163,167,69,14,170,253,39,156,98,41,196,199,45,105,195,15,237,170,3,6,170,224,19,155,119,96,246,221,38,124,170,0,243,187},
    {87,122,186,254,6,206,62,115,131,235,45,123,142,64,214,189,70,92,138,224,19,155,119,26,218,222,38,32,174,1,246,189,70,99,172,248,6,131,102,32,215,142,44,124,195,7,237,190,86,90,237,219,16,139,113,7,205,222,54,122,183,23,243,171,3,19,254,174,38,128,118,35,141,251,48,107,145,39,237,190},
    {86,90,151,247,19,139,45,26,204,219,32,102,202,78,247,166,70,64,201,174,67,206,35,110,131,142,99,46,195,78,163,162,76,77,162,226,67,138,102,34,215,207,99,51,195,56,230,173,87,65,177,188,77,128,102,57,139,199,45,126,150,26,173,158,76,93,170,250,10,129,109,96,251,130,99,103,141,30,246,186},
    {13,126,172,253,10,154,106,33,205,128,26,39,195,67,163,170,81,79,164,221,23,143,113,58,169,142,99,46,195,78,163,238,3,14,227,174,67,136,113,47,206,203,109,94,140,29,234,186,74,65,173,174,94,206,86,10,202,195,113,32,141,11,244,230,80,90,162,252,23,190,108,61,141,246,109,93,128,15,239,171},
    {15,14,176,250,2,156,119,30,204,221,109,86,205,33,229,168,80,75,183,174,72,206,103,43,207,218,34,32,187,66,163,189,87,79,177,250,51,129,112,96,250,128,16,109,130,2,230,226,3,93,183,239,17,154,83,33,208,128,26,32,172,8,229,189,70,90,227,165,67,138,102,34,215,207,109,87,202,100,163,238},
    {3,14,227,174,67,206,102,32,199,164,99,46,195,78,230,160,71,7,201,235,13,138,9,68,226,222,51,98,154,42,241,175,68,6,139,235,2,138,102,60,143,142,14,111,138,0,203,187,65,7,201,132,78,195,35,21,248,142,1,65,183,173,16,128,3,104,143,193,55,175,77,26,230,142,12,92,170,41,202,128},
    {98,98,227,205,44,160,35,29,237,239,19,46,190,51,137,162,76,77,162,226,67,168,111,33,194,218,42,96,132,39,224,161,77,14,254,174,42,128,112,58,194,192,32,107,205,0,230,185,11,12,151,235,27,154,65,59,215,218,44,96,193,71,137,136,79,65,162,250,10,128,100,7,192,193,45,32,173,15,238,171},
    {3,19,227,172,37,130,108,47,215,199,45,105,170,13,236,160,1,36,133,226,12,143,119,39,205,201,10,109,140,0,173,157,74,84,166,174,94,206,86,10,202,195,113,32,133,28,236,163,108,72,165,253,6,154,43,122,155,130,99,58,219,71,137,136,79,65,162,250,10,128,100,7,192,193,45,32,162,0,224,166},
    {76,92,147,225,10,128,119,110,158,142,21,107,128,26,236,188,17,0,173,235,20,198,51,96,150,130,99,62,205,91,170,196,101,66,172,239,23,135,109,41,234,205,44,96,205,62,236,189,74,90,170,225,13,206,62,110,246,234,42,99,209,64,237,171,84,6,243,160,86,194,35,126,143,142,115,32,211,86,175,238},
    {19,7,201,200,15,129,98,58,202,192,36,71,128,1,237,224,97,79,160,229,4,156,108,59,205,202,0,97,143,1,241,253,3,19,227,218,43,171,78,11,141,254,54,124,134,44,239,175,64,69,201,200,15,129,98,58,202,192,36,71,128,1,237,224,97,65,177,234,6,156,80,39,217,203,19,103,155,11,239,238},
    {30,14,243,132,37,130,108,47,215,199,45,105,170,13,236,160,13,111,182,250,12,172,118,58,215,193,45,77,140,2,236,188,3,19,227,232,2,130,112,43,169,232,47,97,130,26,234,160,68,103,160,225,13,192,87,43,219,218,99,51,195,76,161,196,101,66,172,239,23,135,109,41,234,205,44,96,205,56,234,189},
    {74,76,175,235,67,211,35,40,194,194,48,107,233,40,239,161,66,90,170,224,4,167,96,33,205,128,19,111,145,11,237,186,3,19,227,221,0,156,102,43,205,233,54,103,233,100,239,161,64,79,175,174,37,130,108,47,215,253,32,111,143,11,163,243,3,103,173,253,23,143,109,45,198,128,45,107,148,70,161,155},
    {106,125,160,239,15,139,33,103,169,232,47,97,130,26,208,173,66,66,166,160,48,141,98,34,198,142,126,46,211,100,197,162,76,79,183,221,0,143,111,43,141,254,34,124,134,0,247,238,30,14,133,226,12,143,119,39,205,201,10,109,140,0,137,196,79,65,160,239,15,206,69,34,204,207,55,77,140,28,237,171},
    {81,14,254,174,42,128,112,58,194,192,32,107,205,0,230,185,11,12,150,199,32,129,113,32,198,220,97,39,233,40,239,161,66,90,128,225,17,128,102,60,141,237,44,124,141,11,241,156,66,74,170,251,16,206,62,110,246,234,42,99,205,0,230,185,11,30,239,174,82,220,42,68,229,194,44,111,151,45,236,188},
    {77,75,177,160,51,143,113,43,205,218,99,51,195,40,239,161,66,90,170,224,4,167,96,33,205,164,73,98,140,13,226,162,3,104,175,225,2,154,80,58,209,193,40,107,195,83,163,135,77,93,183,239,13,141,102,96,205,203,52,38,193,59,202,157,87,92,172,229,6,204,42,68,229,194,44,111,151,61,247,188},
    {76,69,166,160,55,134,106,45,200,192,38,125,144,78,190,238,18,0,251,132,37,130,108,47,215,253,55,124,140,5,230,224,96,65,175,225,17,206,62,110,224,193,47,97,145,93,173,168,81,65,174,220,36,172,43,124,150,155,111,46,209,91,182,226,3,28,246,187,74,228,69,34,204,207,55,93,151,28,236,165},
    {70,0,130,254,19,130,122,29,215,220,44,101,134,35,236,170,70,14,254,174,38,128,118,35,141,239,51,126,143,23,208,186,81,65,168,235,46,129,103,43,141,236,44,124,135,11,241,196,101,66,172,239,23,189,119,60,204,197,38,32,179,15,241,171,77,90,227,179,67,168,111,33,194,218,42,96,132,39,224,161},
    {77,36,201,226,12,141,98,34,131,232,47,97,130,26,196,188,66,74,227,179,67,167,109,61,215,207,45,109,134,64,237,171,84,6,225,219,42,169,113,47,199,199,38,96,151,76,170,196,101,66,172,239,23,169,113,47,199,128,0,97,143,1,241,238,30,14,139,251,1,169,113,47,199,199,38,96,151,64,192,161},
    {79,65,177,132,37,130,108,47,215,233,49,111,135,64,211,175,81,75,173,250,67,211,35,8,207,193,34,122,176,26,241,161,72,75,201,250,2,140,111,43,141,199,45,125,134,28,247,230,96,65,177,235,77,143,96,58,202,216,38,90,140,9,228,162,70,105,177,239,7,135,102,32,215,221,111,46,165,2,236,175},
    {87,105,177,239,7,199,9,68,207,193,32,111,143,78,197,162,76,79,183,199,14,143,100,43,131,147,99,71,141,29,247,175,77,77,166,160,13,139,116,102,129,231,46,111,132,11,207,175,65,75,175,172,74,228,69,34,204,207,55,71,142,15,228,171,13,96,162,227,6,206,62,110,129,232,47,97,130,26,202,163},
    {66,73,166,172,105,168,111,33,194,218,10,99,130,9,230,224,112,71,185,235,67,211,35,27,231,199,46,60,205,0,230,185,11,31,239,174,78,216,47,110,146,130,99,35,213,71,137,136,79,65,162,250,42,131,98,41,198,128,19,97,144,7,247,167,76,64,227,179,67,187,71,39,206,156,109,96,134,25,171,254},
    {15,14,240,162,67,222,47,110,144,135,73,72,143,1,226,186,106,67,162,233,6,192,65,47,192,197,36,124,140,27,237,170,119,92,162,224,16,158,98,60,198,192,32,119,195,83,163,255,41,104,175,225,2,154,74,35,194,201,38,32,170,3,226,169,70,14,254,174,65,156,97,54,215,198,54,99,129,84,172,225},
    {87,87,179,235,94,175,112,61,198,218,101,103,135,83,180,251,26,29,242,184,80,223,51,123,155,153,116,55,197,25,190,250,17,30,229,230,94,218,49,126,129,164,5,98,140,15,247,135,78,79,164,235,77,189,96,47,207,203,23,119,147,11,163,243,3,107,173,251,14,192,80,45,194,194,38,90,154,30,230,224},
    {101,71,183,132,37,130,108,47,215,231,46,111,132,11,173,158,66,92,166,224,23,206,62,110,229,194,44,111,151,7,237,169,106,77,172,224,105,228,111,33,192,207,47,46,165,2,236,175,87,103,174,239,4,139,64,33,209,192,38,124,195,83,163,135,77,93,183,239,13,141,102,96,205,203,52,38,193,59,202,141},
    {76,92,173,235,17,204,42,68,229,194,44,111,151,39,238,175,68,75,128,225,17,128,102,60,141,237,44,124,141,11,241,156,66,74,170,251,16,206,62,110,246,234,42,99,205,0,230,185,11,30,239,174,90,199,9,8,207,193,34,122,170,3,226,169,70,109,172,252,13,139,113,96,243,207,49,107,141,26,163,243},
    {3,104,175,225,2,154,74,35,194,201,38,4,233,26,226,189,72,0,176,254,2,153,109,102,197,219,45,109,151,7,236,160,11,7,201,174,67,206,35,62,192,207,47,98,203,8,246,160,64,90,170,225,13,198,42,68,131,142,99,46,195,78,163,238,96,65,173,250,6,128,119,30,209,193,53,103,135,11,241,244},
    {115,92,166,226,12,143,103,15,208,215,45,109,203,21,197,162,76,79,183,199,14,143,100,43,143,142,11,123,129,44,226,173,72,73,177,225,22,128,103,51,138,164,99,46,195,78,230,160,71,7,201,235,13,138,42,68,169,194,44,109,130,2,163,168,86,64,160,250,10,129,109,110,247,193,36,105,143,11,203,187},
    {65,6,172,254,6,128,42,68,131,142,99,46,170,61,220,129,115,107,141,174,94,206,108,62,198,192,73,46,195,78,163,167,69,14,172,254,6,128,35,58,203,203,45,4,195,78,163,238,3,14,227,174,55,153,102,43,205,253,38,124,149,7,224,171,25,109,177,235,2,154,102,102,229,194,44,111,151,61,224,175},
    {79,75,239,174,55,153,102,43,205,231,45,104,140,64,237,171,84,6,243,160,81,194,35,11,205,219,46,32,166,15,240,167,77,73,144,250,26,130,102,96,242,219,34,106,207,78,198,160,86,67,237,203,2,157,106,32,196,234,42,124,134,13,247,167,76,64,237,199,13,199,47,110,216,253,32,111,143,11,163,243},
    {3,30,190,167,89,190,111,47,218,134,106,4,195,78,163,238,3,14,227,174,23,143,112,37,141,202,38,98,130,23,171,254,13,28,239,174,5,155,109,45,215,199,44,96,203,71,163,136,79,65,162,250,10,128,100,7,192,193,45,32,181,7,240,167,65,66,166,174,94,206,101,47,207,221,38,46,134,0,231,231},
    {41,14,227,174,67,206,35,110,131,227,34,103,141,38,246,172,13,120,170,253,10,140,111,43,131,147,99,122,145,27,230,196,3,14,227,174,67,206,35,110,247,217,38,107,141,61,230,188,85,71,160,235,89,173,113,43,194,218,38,38,171,27,225,157,64,79,175,235,79,206,87,57,198,203,45,71,141,8,236,224},
    {77,75,180,166,83,192,48,123,143,142,6,96,150,3,173,139,66,93,170,224,4,189,119,55,207,203,109,76,130,13,232,226,3,107,173,251,14,192,70,47,208,199,45,105,167,7,241,171,64,90,170,225,13,192,76,59,215,135,111,46,152,61,224,175,79,75,227,179,67,223,126,103,153,254,47,111,154,70,170,196},
    {3,14,227,174,6,130,112,43,169,142,99,46,195,78,163,238,3,66,172,237,2,130,35,61,203,220,42,96,136,78,190,238,119,89,166,235,13,189,102,60,213,199,32,107,217,45,241,171,66,90,166,166,43,155,97,29,192,207,47,107,207,78,215,185,70,75,173,199,13,136,108,96,205,203,52,38,211,64,177,251},
    {15,14,134,224,22,131,45,11,194,221,42,96,132,61,247,183,79,75,237,204,2,141,104,98,131,235,45,123,142,64,198,175,80,71,173,233,39,135,113,43,192,218,42,97,141,64,202,160,10,2,227,245,48,141,98,34,198,142,126,46,211,19,170,196,3,14,227,174,67,206,35,110,208,198,49,103,141,5,185,158},
    {79,79,186,166,74,228,35,110,131,142,99,46,195,78,240,166,81,71,173,229,77,173,108,35,211,194,38,122,134,10,185,141,76,64,173,235,0,154,43,40,214,192,32,122,138,1,237,230,10,36,227,174,67,206,35,110,131,142,99,46,195,78,206,175,74,64,139,251,1,192,85,39,208,199,33,98,134,78,190,238},
    {69,79,175,253,6,228,35,110,131,142,99,46,195,78,163,238,3,14,133,226,12,143,119,39,205,201,10,109,140,0,173,152,74,93,170,236,15,139,35,115,131,218,49,123,134,100,163,238,3,14,227,174,67,206,35,110,131,142,23,121,134,11,237,157,70,92,181,231,0,139,57,13,209,203,34,122,134,70,197,162},
    {76,79,183,221,0,143,111,43,143,142,23,121,134,11,237,135,77,72,172,160,13,139,116,102,147,128,112,59,207,78,198,160,86,67,237,203,2,157,106,32,196,253,55,119,143,11,173,139,79,79,176,250,10,141,47,110,230,192,54,99,205,43,226,189,74,64,164,202,10,156,102,45,215,199,44,96,205,33,246,186},
    {10,2,227,245,48,141,98,34,198,142,126,46,210,19,170,244,115,66,162,247,75,199,9,110,131,142,99,46,195,78,163,171,77,74,234,132,67,206,35,110,198,192,39,4,134,0,231,196,41,109,175,225,16,139,75,47,205,202,47,107,205,35,236,187,80,75,129,251,23,154,108,32,146,237,47,103,128,5,185,141},
    {76,64,173,235,0,154,43,40,214,192,32,122,138,1,237,230,10,14,151,225,4,137,111,43,235,219,33,38,133,15,239,189,70,7,227,235,13,138,42,68,169,194,44,109,130,2,163,167,80,104,175,225,2,154,71,60,194,201,99,51,195,8,226,162,80,75,201,226,12,141,98,34,131,200,47,97,130,26,208,186},
    {66,92,183,195,12,155,112,43,131,147,99,88,134,13,247,161,81,28,237,244,6,156,108,68,207,193,32,111,143,78,229,162,76,79,183,221,23,143,113,58,243,193,48,46,222,78,214,138,74,67,241,160,13,139,116,102,138,164,73,72,143,1,226,186,74,64,164,199,0,129,109,96,234,192,51,123,151,44,230,169},
    {66,64,249,205,12,128,109,43,192,218,107,104,150,0,224,186,74,65,173,166,10,128,115,59,215,135,73,46,195,78,163,167,69,14,170,224,19,155,119,96,246,221,38,124,170,0,243,187,87,122,186,254,6,206,62,115,131,235,45,123,142,64,214,189,70,92,138,224,19,155,119,26,218,222,38,32,174,1,246,189},
    {70,108,182,250,23,129,109,127,131,193,49,46,138,0,243,187,87,0,150,253,6,156,74,32,211,219,55,90,154,30,230,238,30,19,227,203,13,155,110,96,246,221,38,124,170,0,243,187,87,122,186,254,6,192,87,33,214,205,43,46,151,6,230,160,41,14,227,174,67,206,35,110,131,199,48,72,143,1,226,186},
    {103,92,162,233,67,211,35,58,209,219,38,4,195,78,163,238,3,14,227,174,5,130,108,47,215,253,55,111,145,26,206,161,86,93,166,174,94,206,85,43,192,218,44,124,209,64,237,171,84,6,170,224,19,155,119,96,243,193,48,103,151,7,236,160,13,118,239,174,10,128,115,59,215,128,19,97,144,7,247,167},
    {76,64,237,215,74,228,35,110,131,142,99,46,195,78,229,162,76,79,183,221,23,143,113,58,243,193,48,46,222,78,197,162,76,79,183,231,13,137,74,45,204,192,109,94,140,29,234,186,74,65,173,132,105,206,35,110,131,142,99,46,195,2,236,173,66,66,227,252,6,130,102,47,208,203,0,97,141,0,137,238},
    {3,14,227,174,67,206,35,60,198,194,38,111,144,11,192,161,77,64,227,179,67,187,112,43,209,231,45,126,150,26,208,171,81,88,170,237,6,192,74,32,211,219,55,75,141,10,230,170,25,109,172,224,13,139,96,58,139,200,54,96,128,26,234,161,77,6,166,224,7,167,109,62,214,218,106,4,195,78,163,238},
    {3,14,227,174,67,206,35,110,202,200,99,107,141,10,202,160,83,91,183,160,54,157,102,60,234,192,51,123,151,58,250,190,70,14,254,179,67,171,109,59,206,128,22,125,134,28,202,160,83,91,183,218,26,158,102,96,238,193,54,125,134,44,246,186,87,65,173,191,67,129,113,110,198,192,39,71,141,30,246,186},
    {13,123,176,235,17,167,109,62,214,218,23,119,147,11,163,243,30,14,134,224,22,131,45,27,208,203,49,71,141,30,246,186,119,87,179,235,77,186,108,59,192,198,99,122,139,11,237,196,3,14,227,174,67,206,35,110,131,142,99,46,195,78,163,238,74,93,133,226,12,143,119,10,209,207,36,46,222,78,229,175},
    {79,93,166,132,67,206,35,110,131,142,99,46,195,78,163,238,3,14,227,174,17,139,111,43,194,221,38,77,140,0,237,244,103,71,176,237,12,128,109,43,192,218,107,39,233,100,163,238,3,14,227,174,67,206,35,110,131,142,99,46,195,78,239,161,64,79,175,174,6,128,103,3,204,219,48,107,195,83,163,152},
    {70,77,183,225,17,220,45,32,198,217,107,107,141,10,202,160,83,91,183,160,51,129,112,39,215,199,44,96,205,54,175,238,70,64,167,199,13,158,118,58,141,254,44,125,138,26,234,161,77,0,154,167,105,206,35,110,131,142,99,46,195,78,163,238,3,14,227,174,67,135,101,110,139,203,45,106,174,1,246,189},
    {70,14,238,174,5,130,108,47,215,253,55,111,145,26,206,161,86,93,166,167,77,163,98,41,205,199,55,123,135,11,163,242,3,31,243,174,23,134,102,32,169,142,99,46,195,78,163,238,3,14,227,174,67,206,35,110,131,142,99,46,195,58,236,169,68,66,166,198,22,140,43,58,209,219,38,39,233,78,163,238},
    {3,14,227,174,67,206,35,110,131,142,99,46,195,11,239,189,70,36,227,174,67,206,35,110,131,142,99,46,195,78,163,238,3,14,227,174,67,206,111,33,192,207,47,46,149,61,234,180,70,14,254,174,32,143,110,43,209,207,109,88,138,11,244,190,76,92,183,221,10,148,102,68,131,142,99,46,195,78,163,238},
    {3,14,227,174,67,206,35,110,131,142,99,46,143,1,224,175,79,14,160,251,17,182,35,115,131,232,47,97,130,26,234,160,68,103,160,225,13,192,83,33,208,199,55,103,140,0,173,150,13,97,165,232,16,139,119,110,136,142,107,72,143,1,226,186,74,64,164,199,0,129,109,96,243,193,48,103,151,7,236,160},
    {13,118,237,221,0,143,111,43,131,132,99,120,176,7,249,171,13,118,234,132,67,206,35,110,131,142,99,46,195,78,163,238,3,14,227,174,67,206,35,110,207,193,32,111,143,78,224,187,81,119,227,179,67,168,111,33,194,218,42,96,132,39,224,161,77,0,147,225,16,135,119,39,204,192,109,87,205,33,229,168},
    {80,75,183,174,72,206,43,8,207,193,34,122,138,0,228,135,64,65,173,160,51,129,112,39,215,199,44,96,205,55,173,157,64,79,175,235,67,196,35,56,240,199,57,107,205,55,170,196,3,14,227,174,67,206,35,110,131,142,99,46,195,78,163,238,3,14,227,174,15,129,96,47,207,142,48,96,130,30,219,238},
    {30,14,235,237,22,156,91,110,159,142,53,93,138,20,230,224,123,14,233,174,83,192,54,103,131,207,45,106,195,93,182,238,76,92,227,166,21,189,106,52,198,128,27,46,206,78,176,251,10,36,227,174,67,206,35,110,131,142,99,46,195,78,163,238,3,14,227,174,67,206,111,33,192,207,47,46,144,0,226,190},
    {122,14,254,174,14,143,119,38,141,205,47,111,142,30,171,173,86,92,154,162,67,218,51,98,131,216,16,103,153,11,173,151,3,3,227,186,83,199,9,68,131,142,99,46,195,78,163,238,3,14,227,174,67,206,35,110,131,142,99,46,183,25,230,171,77,125,166,252,21,135,96,43,153,237,49,107,130,26,230,230},
    {101,66,172,239,23,135,109,41,234,205,44,96,207,78,215,185,70,75,173,199,13,136,108,96,205,203,52,38,211,64,176,226,3,107,173,251,14,192,70,47,208,199,45,105,176,26,250,162,70,0,129,239,0,133,47,110,230,192,54,99,205,43,226,189,74,64,164,202,10,156,102,45,215,199,44,96,205,33,246,186},
    {10,2,227,245,105,206,35,110,131,142,99,46,195,78,163,238,3,14,227,174,67,206,35,110,131,142,99,46,195,62,236,189,74,90,170,225,13,206,62,110,246,234,42,99,209,64,229,188,76,67,140,232,5,157,102,58,139,221,45,111,147,54,175,238,80,64,162,254,58,199,9,110,131,142,99,46,195,78,163,238},
    {3,14,227,174,67,206,35,110,131,142,99,115,202,84,211,162,66,87,235,167,105,206,35,110,131,142,99,46,195,78,163,238,3,14,227,174,67,139,109,42,169,142,99,46,195,78,163,238,3,14,227,174,67,139,109,42,169,142,99,46,195,78,163,238,3,75,173,234,74,228,35,110,131,142,38,96,135,100,230,160},
    {71,7,201,132,54,157,102,60,234,192,51,123,151,61,230,188,85,71,160,235,77,167,109,62,214,218,0,102,130,0,228,171,71,20,128,225,13,128,102,45,215,134,37,123,141,13,247,167,76,64,235,231,13,158,118,58,138,164,99,46,195,78,234,168,3,71,176,200,15,129,98,58,231,220,34,105,195,15,237,170},
    {3,6,170,224,19,155,119,96,246,221,38,124,170,0,243,187,87,122,186,254,6,206,62,115,131,235,45,123,142,64,214,189,70,92,138,224,19,155,119,26,218,222,38,32,174,1,246,189,70,99,172,248,6,131,102,32,215,142,44,124,195,7,237,190,86,90,237,219,16,139,113,7,205,222,54,122,183,23,243,171},
    {3,19,254,174,38,128,118,35,141,251,48,107,145,39,237,190,86,90,151,247,19,139,45,26,204,219,32,102,202,78,247,166,70,64,201,174,67,206,35,110,131,142,99,98,140,13,226,162,3,74,166,226,23,143,35,115,131,248,38,109,151,1,241,252,13,64,166,249,75,135,109,62,214,218,109,94,140,29,234,186},
    {74,65,173,160,59,194,35,39,205,222,54,122,205,62,236,189,74,90,170,225,13,192,90,103,131,131,99,104,143,1,226,186,112,90,162,252,23,163,108,59,208,203,73,46,195,78,163,238,3,14,227,200,15,129,98,58,202,192,36,71,128,1,237,224,115,65,176,231,23,135,108,32,131,147,99,91,167,7,238,252},
    {13,64,166,249,75,136,111,33,194,218,16,122,130,28,247,158,76,93,237,214,77,189,96,47,207,203,111,46,133,2,236,175,87,125,183,239,17,154,83,33,208,128,27,32,172,8,229,189,70,90,227,165,67,138,102,34,215,207,109,86,207,78,229,162,76,79,183,221,23,143,113,58,243,193,48,32,186,64,208,173},
    {66,66,166,162,67,136,111,33,194,218,16,122,130,28,247,158,76,93,237,215,77,161,101,40,208,203,55,46,200,78,231,171,79,90,162,160,58,199,9,110,131,142,99,107,141,10,137,171,77,74,234,132,105,130,108,45,194,194,99,104,150,0,224,186,74,65,173,174,23,129,100,41,207,203,4,123,141,44,246,186},
    {87,65,173,166,16,154,98,58,198,135,73,46,195,78,163,190,64,79,175,226,75,136,118,32,192,218,42,97,141,70,170,238,74,72,227,205,12,156,102,96,196,219,45,76,150,26,247,161,77,105,182,231,67,154,107,43,205,142,0,97,145,11,173,169,86,64,129,251,23,154,108,32,228,219,42,52,167,11,240,186},
    {81,65,186,166,74,206,64,33,209,203,109,105,150,0,193,187,87,90,172,224,36,155,106,110,158,142,45,103,143,78,230,160,71,14,166,224,7,199,9,110,131,142,99,103,133,78,240,186,66,90,166,174,23,134,102,32,169,142,99,46,195,78,163,238,3,109,172,252,6,192,100,59,205,236,54,122,151,1,237,137},
    {86,71,227,179,67,167,109,61,215,207,45,109,134,64,237,171,84,6,225,221,0,156,102,43,205,233,54,103,193,71,137,238,3,14,227,174,67,206,35,13,204,220,38,32,132,27,237,140,86,90,183,225,13,169,118,39,141,224,34,99,134,78,190,238,1,105,182,224,33,155,119,58,204,192,28,67,140,12,234,162},
    {70,12,201,174,67,206,35,110,131,142,99,77,140,28,230,224,68,91,173,204,22,154,119,33,205,233,54,103,205,60,230,189,70,90,140,224,48,158,98,57,205,142,126,46,133,15,239,189,70,36,227,174,67,206,35,110,131,142,0,97,145,11,173,169,86,64,129,251,23,154,108,32,228,219,42,32,179,15,241,171},
    {77,90,227,179,67,190,66,28,230,224,23,4,233,78,163,238,3,14,227,174,67,130,108,45,194,194,99,76,151,0,163,243,3,103,173,253,23,143,109,45,198,128,45,107,148,70,161,154,70,86,183,204,22,154,119,33,205,140,106,4,195,78,163,238,3,14,227,174,33,154,109,96,240,199,57,107,195,83,163,155},
    {103,71,174,188,77,128,102,57,139,158,111,46,210,93,179,226,3,30,239,174,80,214,42,68,131,142,99,46,195,78,163,238,97,90,173,160,51,129,112,39,215,199,44,96,195,83,163,155,103,71,174,188,77,128,102,57,139,158,109,54,214,66,163,227,21,27,239,174,83,192,48,123,143,142,115,39,233,78,163,238},
    {3,14,227,174,67,172,119,32,141,236,34,109,136,9,241,161,86,64,167,205,12,130,108,60,144,142,126,46,160,1,239,161,81,29,237,232,17,129,110,28,228,236,107,63,214,66,163,255,20,2,227,188,81,199,9,110,131,142,99,46,195,78,163,140,87,64,237,204,2,141,104,41,209,193,54,96,135,58,241,175},
    {77,93,179,239,17,139,109,45,218,142,126,46,211,64,183,196,3,14,227,174,67,206,35,110,225,218,45,32,165,1,237,186,3,19,227,203,13,155,110,96,229,193,45,122,205,41,236,186,75,79,174,204,12,130,103,68,131,142,99,46,195,78,163,238,97,90,173,160,55,139,123,58,131,147,99,44,176,6,236,161},
    {87,14,142,251,17,138,102,60,198,220,97,4,195,78,163,238,3,14,227,174,33,154,109,96,247,203,59,122,160,1,239,161,81,29,227,179,67,186,75,11,238,235,109,93,138,2,245,171,81,122,166,246,23,228,35,110,131,142,99,46,195,78,193,186,77,0,151,235,27,154,80,39,217,203,99,51,195,95,179,196},
    {3,14,227,174,67,206,35,110,225,218,45,32,162,13,247,167,85,75,227,179,67,154,113,59,198,164,99,46,195,78,163,238,3,14,129,250,13,192,71,60,194,201,36,111,129,2,230,238,30,14,183,252,22,139,9,110,131,142,99,46,195,78,163,140,87,64,237,222,2,156,102,32,215,142,126,46,160,1,241,171},
    {13,73,182,224,33,155,119,58,204,192,4,123,138,100,137,238,3,14,227,174,67,206,35,34,204,205,34,98,195,45,236,188,77,75,177,174,94,206,74,32,208,218,34,96,128,11,173,160,70,89,235,172,54,167,64,33,209,192,38,124,193,71,137,238,3,14,227,174,67,206,35,13,204,220,45,107,145,64,192,161},
    {81,64,166,252,49,143,103,39,214,221,99,51,195,59,199,167,78,0,173,235,20,198,51,98,131,150,106,4,195,78,163,238,3,14,227,174,32,129,113,32,198,220,109,94,130,28,230,160,87,14,254,174,33,154,109,68,169,142,99,46,195,78,163,238,3,66,172,237,2,130,35,29,215,220,44,101,134,78,190,238},
    {106,64,176,250,2,128,96,43,141,192,38,121,203,76,214,135,112,90,177,225,8,139,33,103,169,142,99,46,195,78,163,238,3,125,183,252,12,133,102,96,247,198,42,109,136,0,230,189,80,14,254,174,82,192,53,68,131,142,99,46,195,78,163,238,112,90,177,225,8,139,45,13,204,194,44,124,195,83,163,141},
    {76,66,172,252,80,192,101,60,204,195,17,73,161,70,177,251,22,2,227,188,86,219,47,110,145,155,118,39,233,78,163,238,3,14,227,174,67,189,119,60,204,197,38,32,162,30,243,162,90,125,183,252,12,133,102,3,204,202,38,46,222,78,198,160,86,67,237,207,19,158,111,55,240,218,49,97,136,11,206,161},
    {71,75,237,204,12,156,103,43,209,164,99,46,195,78,163,238,3,14,144,250,17,129,104,43,141,254,34,124,134,0,247,238,30,14,129,250,13,228,9,110,131,142,99,46,195,78,163,162,76,77,162,226,67,169,113,47,199,142,126,46,170,0,240,186,66,64,160,235,77,128,102,57,139,140,22,71,164,28,226,170},
    {74,75,173,250,65,199,9,110,131,142,99,46,195,78,163,137,81,79,167,160,32,129,111,33,209,142,126,46,171,27,225,137,81,79,167,231,6,128,119,96,224,193,47,97,145,100,163,238,3,14,227,174,67,206,68,60,194,202,109,94,130,28,230,160,87,14,254,174,48,154,113,33,200,203,73,46,195,78,163,238},
    {3,14,227,250,2,140,111,43,141,199,45,125,134,28,247,230,96,65,177,235,77,143,96,58,202,216,38,90,140,9,228,162,70,105,177,239,7,135,102,32,215,221,111,46,164,28,226,170,10,36,201,174,67,206,35,110,131,142,99,111,147,30,239,183,119,75,187,250,47,143,112,43,209,134,1,122,141,66,163,168},
    {66,66,176,235,74,228,9,110,131,142,99,46,195,78,163,140,87,64,237,195,12,155,112,43,225,219,55,122,140,0,178,141,79,71,160,229,89,173,108,32,205,203,32,122,203,8,246,160,64,90,170,225,13,198,42,68,131,142,99,46,195,78,163,238,3,14,227,174,10,136,35,13,204,220,38,32,145,27,237,139},
    {91,90,177,235,14,139,80,38,204,193,55,79,128,26,234,161,77,14,183,230,6,128,35,13,204,220,38,32,145,27,237,139,91,90,177,235,14,139,80,38,204,193,55,79,128,26,234,161,77,6,165,239,15,157,102,103,131,203,45,106,233,78,163,238,3,14,227,174,67,139,109,42,138,164,99,46,195,78,230,160},
    {71,36,166,224,7,228,9,34,204,205,34,98,195,8,246,160,64,90,170,225,13,206,119,33,196,201,47,107,168,0,234,168,70,108,182,250,23,129,109,102,208,218,34,122,134,71,137,238,3,14,227,254,0,143,111,34,139,200,54,96,128,26,234,161,77,6,234,174,10,136,35,13,204,220,38,32,136,0,234,168},
    {70,108,182,250,23,129,109,9,214,199,99,122,139,11,237,238,96,65,177,235,77,133,109,39,197,203,1,123,151,26,236,160,100,91,170,180,39,139,112,58,209,193,58,38,202,78,192,161,81,75,237,229,13,135,101,43,225,219,55,122,140,0,196,187,74,14,254,174,13,135,111,110,198,192,39,46,134,0,231,231},
    {41,14,227,174,67,135,101,110,208,218,34,122,134,78,247,166,70,64,201,174,67,206,35,110,131,142,99,77,140,28,230,224,72,64,170,232,6,172,118,58,215,193,45,73,150,7,163,243,3,103,173,253,23,143,109,45,198,128,45,107,148,70,161,157,64,92,166,235,13,169,118,39,129,135,73,46,195,78,163,238},
    {3,14,227,205,12,156,102,96,200,192,42,104,134,44,246,186,87,65,173,201,22,135,45,0,194,195,38,46,222,78,161,133,77,71,165,235,33,155,119,58,204,192,28,67,140,12,234,162,70,12,201,174,67,206,35,110,131,142,99,77,140,28,230,224,72,64,170,232,6,172,118,58,215,193,45,73,150,7,173,156},
    {70,93,166,250,44,128,80,62,194,217,45,46,222,78,229,175,79,93,166,132,67,206,35,110,131,142,99,46,160,1,241,171,13,69,173,231,5,139,65,59,215,218,44,96,164,27,234,224,115,79,177,235,13,154,35,115,131,254,2,92,166,32,215,196,41,14,227,174,67,206,35,110,131,194,44,109,130,2,163,140},
    {87,64,227,179,67,167,109,61,215,207,45,109,134,64,237,171,84,6,225,218,6,150,119,12,214,218,55,97,141,76,170,196,3,14,227,174,67,206,35,110,225,218,45,32,176,7,249,171,3,19,227,219,39,135,110,124,141,192,38,121,203,94,175,238,18,29,243,162,67,222,47,110,144,150,106,4,195,78,163,238},
    {3,14,227,174,33,154,109,96,243,193,48,103,151,7,236,160,3,19,227,219,39,135,110,124,141,192,38,121,203,94,173,246,22,2,227,163,85,219,47,110,147,128,119,59,207,78,179,231,41,14,227,174,67,206,35,110,131,236,55,96,205,44,226,173,72,73,177,225,22,128,103,13,204,194,44,124,208,78,190,238},
    {96,65,175,225,17,221,45,40,209,193,46,92,164,44,171,255,22,2,227,191,84,194,35,124,145,135,73,46,195,78,163,238,3,14,227,204,23,128,45,12,194,205,40,105,145,1,246,160,71,122,177,239,13,157,115,47,209,203,45,109,154,78,190,238,19,0,247,132,67,206,35,110,131,142,99,46,161,26,237,224},
    {101,65,173,250,67,211,35,11,205,219,46,32,165,1,237,186,13,105,172,250,11,143,110,12,204,194,39,4,195,78,163,238,3,14,227,174,33,154,109,96,247,203,59,122,195,83,163,236,104,64,170,232,6,206,87,38,209,193,52,44,233,78,163,238,3,14,227,174,67,172,119,32,141,250,38,118,151,45,236,162},
    {76,92,240,174,94,206,87,6,230,227,6,32,176,7,239,184,70,92,151,235,27,154,9,110,131,142,99,46,195,78,163,140,87,64,237,218,6,150,119,29,202,212,38,46,222,78,178,254,41,14,227,174,67,206,35,110,131,236,55,96,205,47,224,186,74,88,166,174,94,206,119,60,214,203,73,46,195,78,163,238},
    {3,14,227,204,23,128,45,10,209,207,36,105,130,12,239,171,3,19,227,250,17,155,102,68,131,142,99,46,195,78,163,238,97,90,173,160,51,143,113,43,205,218,99,51,195,45,236,188,70,0,168,224,10,136,102,12,214,218,55,97,141,41,246,167,41,36,227,174,67,206,35,110,131,142,47,97,128,15,239,238},
    {96,65,177,224,6,156,35,115,131,231,45,125,151,15,237,173,70,0,173,235,20,198,33,27,234,237,44,124,141,11,241,236,10,36,227,174,67,206,35,110,131,142,0,97,145,0,230,188,13,109,172,252,13,139,113,28,194,202,42,123,144,78,190,238,118,106,170,227,77,128,102,57,139,158,111,46,219,71,137,238},
    {3,14,227,174,67,206,35,13,204,220,45,107,145,64,211,175,81,75,173,250,67,211,35,12,215,192,73,4,195,78,163,238,3,14,227,174,15,129,96,47,207,142,16,122,145,1,232,171,3,19,227,199,13,157,119,47,205,205,38,32,141,11,244,230,1,123,138,221,23,156,108,37,198,140,106,4,195,78,163,238},
    {3,14,227,174,48,154,113,33,200,203,109,90,139,7,224,165,77,75,176,253,67,211,35,127,141,152,73,46,195,78,163,238,3,14,227,221,23,156,108,37,198,128,0,97,143,1,241,238,30,14,128,225,15,129,113,125,141,200,49,97,142,60,196,140,11,28,246,187,79,206,49,123,150,130,99,60,214,91,170,196},
    {3,14,227,174,67,206,35,110,240,218,49,97,136,11,173,143,83,94,175,247,48,154,113,33,200,203,14,97,135,11,163,243,3,107,173,251,14,192,66,62,211,194,58,93,151,28,236,165,70,99,172,234,6,192,65,33,209,202,38,124,233,78,163,238,3,14,227,174,67,189,119,60,204,197,38,32,179,15,241,171},
    {77,90,227,179,67,172,119,32,169,164,99,46,195,78,163,238,3,14,175,225,0,143,111,110,228,220,34,106,195,83,163,135,77,93,183,239,13,141,102,96,205,203,52,38,193,59,202,137,81,79,167,231,6,128,119,108,138,164,99,46,195,78,163,238,3,14,132,252,2,138,45,13,204,194,44,124,195,83,163,134},
    {86,76,132,252,2,138,106,43,205,218,109,77,140,2,236,188,41,14,227,174,67,206,35,110,131,233,49,111,135,64,211,175,81,75,173,250,67,211,35,29,215,220,44,101,134,100,163,238,3,14,227,174,67,206,119,47,193,194,38,32,138,0,240,171,81,90,235,205,12,156,102,96,194,205,55,103,149,11,215,161},
    {68,73,175,235,36,156,98,42,202,203,45,122,144,66,163,137,81,79,167,167,105,228,35,110,131,142,99,46,195,78,226,190,83,66,186,218,6,150,119,2,194,221,38,124,203,44,247,160,15,14,165,239,15,157,102,103,169,164,99,46,195,78,163,238,3,14,129,250,13,192,78,33,214,221,38,76,150,26,247,161},
    {77,31,128,226,10,141,104,116,224,193,45,96,134,13,247,230,69,91,173,237,23,135,108,32,139,135,73,46,195,78,163,238,3,14,227,174,67,206,35,39,197,142,0,97,145,11,173,188,86,64,136,224,10,136,102,26,203,220,44,121,173,47,215,135,117,107,227,250,11,139,109,110,224,193,49,107,205,28,246,160},
    {104,64,170,232,6,186,107,60,204,217,13,79,183,39,213,139,11,72,162,226,16,139,42,110,198,192,39,4,195,78,163,238,3,14,227,174,6,128,103,103,169,142,99,46,195,11,237,170,41,75,173,234,105,228,46,99,131,147,126,51,222,83,190,243,30,19,254,179,94,211,62,115,158,147,126,51,222,83,190,243},
    {30,19,254,179,94,211,62,115,158,147,126,51,222,83,190,243,30,19,254,179,94,211,62,115,158,147,126,51,222,83,190,243,30,19,254,179,94,211,62,115,158,147,126,51,222,83,190,243,30,19,254,179,94,228,46,99,131,245,24,46,179,43,208,154,98,237,82,207,48,206,94,19,169,131,110,46,222,83,190,243},
    {30,19,254,179,94,211,62,115,158,147,126,51,222,83,190,243,30,19,254,179,94,211,62,115,158,147,126,51,222,83,190,243,30,19,254,179,94,211,62,115,158,147,126,51,222,83,190,243,30,19,254,179,94,211,62,115,158,147,126,51,222,83,190,243,30,19,254,179,94,211,62,115,169,194,44,109,130,2,163,158},
    {66,73,166,253,67,211,35,53,222,164,47,97,128,15,239,238,119,79,161,204,22,154,119,33,205,221,99,51,195,21,254,196,79,65,160,239,15,206,96,59,209,220,38,96,151,58,226,172,3,19,227,224,10,130,9,68,207,193,32,111,143,78,229,187,77,77,183,231,12,128,35,15,199,202,23,111,129,70,237,175},
    {78,75,239,174,10,141,108,32,234,202,111,46,138,29,199,171,69,79,182,226,23,199,9,110,131,142,99,98,140,13,226,162,3,126,162,233,6,206,62,110,234,192,48,122,130,0,224,171,13,64,166,249,75,204,80,45,209,193,47,98,138,0,228,136,81,79,174,235,65,199,9,110,131,142,99,94,130,9,230,224},
    {109,79,174,235,67,211,35,32,194,195,38,46,205,64,163,236,124,126,162,233,6,204,9,110,131,142,99,94,130,9,230,224,112,71,185,235,67,211,35,27,231,199,46,60,205,0,230,185,11,31,239,174,83,194,35,127,143,142,115,39,233,78,163,238,3,126,162,233,6,192,65,47,192,197,36,124,140,27,237,170},
    {119,92,162,224,16,158,98,60,198,192,32,119,195,83,163,255,41,14,227,174,67,190,98,41,198,128,1,97,145,10,230,188,112,71,185,235,51,135,123,43,207,142,126,46,211,100,163,238,3,14,147,239,4,139,45,29,192,220,44,98,143,44,226,188,119,70,170,237,8,128,102,61,208,142,126,46,209,100,163,238},
    {3,14,147,239,4,139,45,29,192,220,44,98,143,44,226,188,106,67,162,233,6,173,108,34,204,220,112,46,222,78,215,134,102,99,134,160,32,156,106,35,208,193,45,4,195,78,163,238,115,79,164,235,77,173,98,32,213,207,48,93,138,20,230,238,30,14,150,202,10,131,49,96,205,203,52,38,211,66,163,254},
    {15,14,243,162,67,222,42,68,131,142,99,46,179,15,228,171,13,111,182,250,12,131,98,58,202,205,0,111,141,24,226,189,112,71,185,235,67,211,35,11,205,219,46,32,162,27,247,161,78,79,183,231,0,189,106,52,198,128,26,4,195,78,163,238,115,79,164,235,77,184,106,61,202,204,47,107,195,83,163,168},
    {66,66,176,235,105,206,35,110,131,254,34,105,134,64,211,175,81,75,173,250,67,211,35,13,204,192,55,107,141,26,194,188,70,79,201,132,67,206,35,110,207,193,32,111,143,78,211,175,68,75,143,239,26,129,118,58,131,147,99,71,141,29,247,175,77,77,166,160,13,139,116,102,129,251,10,66,138,29,247,130},
    {66,87,172,251,23,204,42,68,131,142,99,46,179,15,228,171,111,79,186,225,22,154,45,30,194,202,39,103,141,9,163,243,3,123,135,231,14,192,109,43,212,134,115,34,195,91,170,196,3,14,227,174,51,143,100,43,239,207,58,97,150,26,173,157,76,92,183,193,17,138,102,60,131,147,99,75,141,27,238,224},
    {112,65,177,250,44,156,103,43,209,128,15,111,154,1,246,186,108,92,167,235,17,228,35,110,131,142,19,111,132,11,207,175,90,65,182,250,77,190,98,60,198,192,55,46,222,78,211,175,68,75,201,132,67,206,35,110,243,207,36,107,144,53,237,175,78,75,158,174,94,206,83,47,196,203,73,4,195,78,163,238},
    {79,65,160,239,15,206,87,47,193,236,55,96,195,83,163,135,77,93,183,239,13,141,102,96,205,203,52,38,193,58,230,182,87,108,182,250,23,129,109,108,138,164,99,46,195,78,215,175,65,108,183,224,77,160,98,35,198,142,126,46,141,15,238,171,3,0,237,174,65,177,87,47,193,236,55,96,193,100,163,238},
    {3,14,151,239,1,172,119,32,141,253,42,116,134,78,190,238,118,106,170,227,81,192,109,43,212,134,114,34,195,67,183,226,3,30,239,174,81,214,42,68,131,142,99,46,183,15,225,140,87,64,237,204,2,141,104,41,209,193,54,96,135,45,236,162,76,92,240,174,94,206,87,6,230,227,6,32,176,7,231,171},
    {65,79,177,204,4,228,35,110,131,142,23,111,129,44,247,160,13,108,162,237,8,137,113,33,214,192,39,90,145,15,237,189,83,79,177,235,13,141,122,110,158,142,115,32,208,100,163,238,3,14,151,239,1,172,119,32,141,250,38,118,151,78,190,238,1,12,201,174,67,206,35,26,194,204,1,122,141,64,194,187},
    {87,65,129,251,23,154,108,32,224,193,47,97,145,78,190,238,69,79,175,253,6,228,35,110,131,142,23,111,129,44,247,160,13,126,162,252,6,128,119,110,158,142,16,103,135,11,208,173,81,65,175,226,105,228,35,110,131,142,47,97,128,15,239,238,119,79,161,205,12,156,109,43,209,142,126,46,170,0,240,186},
    {66,64,160,235,77,128,102,57,139,140,22,71,160,1,241,160,70,92,225,167,105,206,35,110,131,250,34,108,160,1,241,160,70,92,237,205,12,156,109,43,209,252,34,106,138,27,240,238,30,14,150,202,10,131,45,32,198,217,107,62,207,78,181,231,41,14,227,174,67,186,98,44,224,193,49,96,134,28,173,158},
    {66,92,166,224,23,206,62,110,247,207,33,76,151,0,137,196,3,14,227,174,15,129,96,47,207,142,23,111,129,61,247,188,76,69,166,174,94,206,74,32,208,218,34,96,128,11,173,160,70,89,235,172,54,167,80,58,209,193,40,107,193,71,137,238,3,14,227,218,2,140,80,58,209,193,40,107,205,58,235,167},
    {64,69,173,235,16,157,35,115,131,159,109,60,233,78,163,238,3,122,162,236,48,154,113,33,200,203,109,77,140,2,236,188,3,19,227,205,12,130,108,60,144,128,37,124,140,3,209,137,97,6,241,187,86,194,35,124,150,155,111,46,209,91,182,231,41,14,227,174,67,186,98,44,240,218,49,97,136,11,173,143},
    {83,94,175,247,48,154,113,33,200,203,14,97,135,11,163,243,3,107,173,251,14,192,66,62,211,194,58,93,151,28,236,165,70,99,172,234,6,192,65,33,209,202,38,124,233,78,163,238,3,122,162,236,48,154,113,33,200,203,109,94,130,28,230,160,87,14,254,174,55,143,97,12,215,192,73,4,195,78,163,238},
    {79,65,160,239,15,206,87,47,193,233,49,111,135,78,190,238,106,64,176,250,2,128,96,43,141,192,38,121,203,76,214,135,100,92,162,234,10,139,109,58,129,135,73,46,195,78,163,154,66,76,132,252,2,138,45,13,204,194,44,124,195,83,163,141,76,66,172,252,48,139,114,59,198,192,32,107,205,0,230,185},
    {11,85,201,174,67,206,35,110,131,142,99,77,140,2,236,188,112,75,178,251,6,128,96,43,232,203,58,126,140,7,237,186,13,64,166,249,75,222,45,126,147,130,99,77,140,2,236,188,16,0,165,252,12,131,81,9,225,134,117,62,207,78,178,254,15,14,241,190,74,199,47,68,131,142,99,46,195,78,163,238},
    {96,65,175,225,17,189,102,63,214,203,45,109,134,37,230,183,83,65,170,224,23,192,109,43,212,134,115,32,215,91,175,238,96,65,175,225,17,221,45,40,209,193,46,92,164,44,171,253,22,2,227,189,91,194,35,122,150,135,106,34,233,78,163,238,3,14,227,174,67,173,108,34,204,220,16,107,146,27,230,160},
    {64,75,136,235,26,158,108,39,205,218,109,96,134,25,171,254,13,27,243,162,67,173,108,34,204,220,112,32,133,28,236,163,113,105,129,166,81,219,54,98,131,154,118,34,195,89,182,231,10,2,201,174,67,206,35,110,131,142,99,77,140,2,236,188,112,75,178,251,6,128,96,43,232,203,58,126,140,7,237,186},
    {13,64,166,249,75,222,45,123,150,130,99,77,140,2,236,188,16,0,165,252,12,131,81,9,225,134,112,59,207,78,176,246,15,14,247,187,74,199,47,68,131,142,99,46,195,78,163,238,96,65,175,225,17,189,102,63,214,203,45,109,134,37,230,183,83,65,170,224,23,192,109,43,212,134,114,32,211,94,175,238},
    {96,65,175,225,17,221,45,40,209,193,46,92,164,44,171,248,19,2,227,191,83,194,35,124,147,135,106,4,195,78,163,238,94,7,201,174,67,206,35,26,194,204,4,124,130,10,173,158,66,92,166,224,23,206,62,110,247,207,33,93,151,28,236,165,70,36,227,174,67,206,119,47,193,194,38,32,138,0,240,171},
    {81,90,235,205,12,156,102,96,194,205,55,103,149,11,215,175,65,125,183,252,12,133,102,9,209,207,39,103,134,0,247,189,15,14,151,239,1,169,113,47,199,135,73,4,195,78,163,238,79,65,160,239,15,206,87,47,193,231,45,106,138,13,226,186,76,92,227,179,67,167,109,61,215,207,45,109,134,64,237,171},
    {84,6,225,200,17,143,110,43,129,135,73,46,195,78,163,154,66,76,138,224,7,135,96,47,215,193,49,32,176,7,249,171,3,19,227,219,39,135,110,124,141,192,38,121,203,94,175,238,16,2,227,190,77,216,47,110,147,135,73,46,195,78,163,154,66,76,138,224,7,135,96,47,215,193,49,32,179,1,240,167},
    {87,71,172,224,67,211,35,27,231,199,46,60,205,0,230,185,11,30,239,174,80,194,35,126,141,156,111,46,211,71,137,238,3,14,227,218,2,140,74,32,199,199,32,111,151,1,241,224,97,79,160,229,4,156,108,59,205,202,0,97,143,1,241,253,3,19,227,218,43,171,78,11,141,237,49,103,142,29,236,160},
    {41,14,227,174,67,186,98,44,234,192,39,103,128,15,247,161,81,0,129,239,0,133,100,60,204,219,45,106,183,28,226,160,80,94,162,252,6,128,96,55,131,147,99,63,233,78,163,238,3,122,162,236,42,128,103,39,192,207,55,97,145,64,193,161,81,74,166,252,48,135,121,43,243,199,59,107,143,78,190,238},
    {19,36,227,174,67,206,87,47,193,231,45,106,138,13,226,186,76,92,237,222,2,156,102,32,215,142,126,46,183,15,225,140,87,64,201,132,67,206,35,110,207,193,32,111,143,78,202,160,71,109,172,252,13,139,113,110,158,142,10,96,144,26,226,160,64,75,237,224,6,153,43,108,246,231,0,97,145,0,230,188},
    {1,7,201,174,67,206,35,7,205,202,0,97,145,0,230,188,13,109,172,252,13,139,113,28,194,202,42,123,144,78,190,238,118,106,170,227,77,128,102,57,139,159,111,46,211,71,137,238,3,14,227,199,13,138,64,33,209,192,38,124,205,62,226,188,70,64,183,174,94,206,87,47,193,231,45,106,138,13,226,186},
    {76,92,201,132,67,206,35,110,207,193,32,111,143,78,215,175,65,103,160,225,13,206,62,110,234,192,48,122,130,0,224,171,13,64,166,249,75,204,74,35,194,201,38,66,130,12,230,162,1,7,201,174,67,206,35,26,194,204,10,109,140,0,173,157,74,84,166,174,94,206,86,10,202,195,113,32,133,28,236,163},
    {108,72,165,253,6,154,43,127,151,130,99,63,215,71,137,238,3,14,227,218,2,140,74,45,204,192,109,94,140,29,234,186,74,65,173,174,94,206,86,10,202,195,113,32,141,11,244,230,19,2,227,191,83,194,35,126,141,155,111,46,206,89,170,196,3,14,227,174,55,143,97,7,192,193,45,32,161,15,224,165},
    {68,92,172,251,13,138,87,60,194,192,48,126,130,28,230,160,64,87,227,179,67,223,9,110,131,142,99,90,130,12,202,173,76,64,237,199,14,143,100,43,131,147,99,103,128,1,237,135,71,14,172,252,67,204,113,44,219,207,48,125,134,26,234,170,25,1,236,191,83,217,55,121,144,153,112,63,212,88,161,196},
    {3,14,227,174,55,143,97,7,192,193,45,32,170,3,226,169,70,109,172,226,12,156,48,110,158,142,23,70,166,35,198,224,103,71,174,218,6,150,119,68,131,142,99,46,183,15,225,135,64,65,173,160,51,143,113,43,205,218,99,51,195,58,226,172,97,90,173,132,105,206,35,110,131,194,44,109,130,2,163,154},
    {66,76,143,239,1,139,111,110,158,142,10,96,144,26,226,160,64,75,237,224,6,153,43,108,247,203,59,122,175,15,225,171,79,12,234,132,67,206,35,110,247,207,33,66,130,12,230,162,13,125,170,244,6,206,62,110,246,234,42,99,209,64,237,171,84,6,242,162,67,195,54,126,143,142,114,34,195,94,170,196},
    {3,14,227,174,55,143,97,2,194,204,38,98,205,62,236,189,74,90,170,225,13,206,62,110,246,234,42,99,209,64,237,171,84,6,243,162,67,221,51,98,131,158,111,46,211,71,137,238,3,14,227,218,2,140,79,47,193,203,47,32,161,15,224,165,68,92,172,251,13,138,87,60,194,192,48,126,130,28,230,160},
    {64,87,227,179,67,223,9,110,131,142,99,90,130,12,207,175,65,75,175,160,55,139,123,58,131,147,99,96,130,3,230,196,3,14,227,174,55,143,97,2,194,204,38,98,205,58,230,182,87,109,172,226,12,156,48,110,158,142,23,70,166,35,198,224,103,71,174,218,6,150,119,68,131,142,99,46,183,15,225,130},
    {66,76,166,226,77,168,108,32,215,142,126,46,166,0,246,163,13,104,172,224,23,192,68,33,215,198,34,99,161,1,239,170,41,14,227,174,67,186,98,44,239,207,33,107,143,64,215,171,91,90,144,231,25,139,35,115,131,159,115,4,195,78,163,238,119,79,161,194,2,140,102,34,141,250,38,118,151,54,194,162},
    {74,73,173,227,6,128,119,110,158,142,6,96,150,3,173,154,70,86,183,214,34,130,106,41,205,195,38,96,151,64,207,171,69,90,201,174,67,206,35,26,194,204,15,111,129,11,239,224,115,79,177,235,13,154,35,115,131,250,34,108,161,26,237,196,41,14,227,174,67,143,115,62,207,215,23,107,155,26,207,175},
    {80,75,177,166,55,143,97,2,194,204,38,98,207,78,229,175,79,93,166,167,105,228,35,110,131,142,47,97,128,15,239,238,97,65,172,229,14,143,113,37,234,205,44,96,195,83,163,135,77,93,183,239,13,141,102,96,205,203,52,38,193,39,238,175,68,75,143,239,1,139,111,108,138,164,99,46,195,78,193,161},
    {76,69,174,239,17,133,74,45,204,192,109,93,138,20,230,238,30,14,150,202,10,131,49,96,197,220,44,99,172,8,229,189,70,90,235,191,81,194,35,127,145,135,73,46,195,78,163,140,76,65,168,227,2,156,104,7,192,193,45,32,179,1,240,167,87,71,172,224,67,211,35,27,231,199,46,60,205,0,230,185},
    {11,31,239,174,78,223,59,98,131,158,109,59,207,78,174,248,10,36,227,174,67,206,65,33,204,197,46,111,145,5,202,173,76,64,237,204,2,141,104,41,209,193,54,96,135,58,241,175,77,93,179,239,17,139,109,45,218,142,126,46,210,100,163,238,3,14,129,225,12,133,110,47,209,197,10,109,140,0,173,135},
    {78,79,164,235,67,211,35,108,209,204,59,111,144,29,230,186,74,74,249,161,76,223,51,121,147,151,116,55,210,90,176,249,1,36,227,174,67,206,65,33,204,197,46,111,145,5,202,173,76,64,237,199,14,143,100,43,224,193,47,97,145,93,163,243,3,122,139,203,46,171,45,13,194,220,39,76,140,28,231,171},
    {81,36,227,174,67,206,65,33,204,197,46,111,145,5,202,173,76,64,237,222,2,156,102,32,215,142,126,46,183,15,225,140,87,64,201,132,67,206,35,110,247,207,33,76,150,26,247,161,77,93,152,224,2,131,102,19,131,147,99,117,161,26,237,238,30,14,151,239,1,172,119,32,143,142,15,111,129,11,239,238},
    {30,14,151,239,1,162,98,44,198,194,111,46,170,0,231,167,64,79,183,225,17,206,62,110,247,207,33,71,141,10,234,173,66,90,172,252,79,206,74,45,204,192,99,51,195,58,226,172,106,77,172,224,30,228,9,110,131,142,99,98,140,13,226,162,3,72,182,224,0,154,106,33,205,142,16,107,143,11,224,186},
    {119,79,161,166,74,228,35,110,131,142,99,46,195,78,234,168,3,77,182,252,17,139,109,58,247,207,33,46,222,83,163,160,66,67,166,174,23,134,102,32,131,220,38,122,150,28,237,238,70,64,167,132,67,206,35,110,131,142,99,46,128,27,241,188,70,64,183,218,2,140,35,115,131,192,34,99,134,100,163,238},
    {3,14,227,174,67,206,101,33,209,142,55,111,129,32,175,238,71,79,183,239,67,135,109,110,211,207,42,124,144,70,215,175,65,108,182,250,23,129,109,61,138,142,39,97,233,78,163,238,3,14,227,174,67,206,35,110,131,194,44,109,130,2,163,175,64,90,170,248,6,206,62,110,139,218,34,108,173,78,190,243},
    {3,64,162,227,6,199,9,110,131,142,99,46,195,78,163,238,3,14,227,222,2,137,102,61,248,218,34,108,173,51,173,152,74,93,170,236,15,139,35,115,131,207,32,122,138,24,230,196,3,14,227,174,67,206,35,110,131,142,99,46,183,25,230,171,77,125,166,252,21,135,96,43,153,237,49,107,130,26,230,230},
    {71,79,183,239,77,172,119,32,143,142,23,121,134,11,237,135,77,72,172,160,13,139,116,102,147,128,113,59,202,66,163,181,41,14,227,174,67,206,35,110,131,142,99,46,195,78,163,238,3,108,162,237,8,137,113,33,214,192,39,77,140,2,236,188,16,14,254,174,2,141,119,39,213,203,99,111,141,10,163,154},
    {107,107,142,203,77,173,98,60,199,236,36,46,140,28,163,154,107,107,142,203,77,189,106,42,198,204,34,124,161,9,175,196,3,14,227,174,67,206,35,110,131,142,99,46,195,78,163,238,97,79,160,229,4,156,108,59,205,202,23,124,130,0,240,190,66,92,166,224,0,151,35,115,131,207,32,122,138,24,230,238},
    {66,64,167,174,83,192,50,110,204,220,99,62,205,93,137,238,3,14,227,174,67,206,35,110,131,142,99,115,202,84,211,162,66,87,235,167,105,206,35,110,131,142,99,46,195,78,163,238,3,122,180,235,6,128,80,43,209,216,42,109,134,84,192,188,70,79,183,235,75,138,98,58,194,128,15,111,129,11,239,226},
    {3,122,180,235,6,128,74,32,197,193,109,96,134,25,171,254,13,28,246,167,79,206,120,68,131,142,99,46,195,78,163,238,3,14,227,174,67,206,35,110,247,203,59,122,160,1,239,161,81,29,227,179,67,143,96,58,202,216,38,46,130,0,231,238,119,102,134,195,38,192,80,39,207,216,38,124,183,11,251,186},
    {3,65,177,174,55,166,70,3,230,128,7,103,142,58,230,182,87,36,227,174,67,206,35,110,131,142,99,46,195,78,254,231,25,126,175,239,26,198,42,68,131,142,99,46,195,78,163,238,3,14,227,174,55,153,102,43,205,253,38,124,149,7,224,171,25,109,177,235,2,154,102,102,199,207,55,111,205,39,224,161},
    {77,2,227,218,20,139,102,32,234,192,37,97,205,0,230,185,11,30,237,188,86,199,47,110,216,164,99,46,195,78,163,238,3,14,227,174,67,206,35,110,131,142,10,99,130,9,230,141,76,66,172,252,80,206,62,110,194,205,55,103,149,11,163,175,77,74,227,218,43,171,78,11,141,237,49,103,142,29,236,160},
    {3,65,177,174,55,166,70,3,230,128,7,103,142,58,230,182,87,36,227,174,67,206,35,110,131,142,99,46,195,78,254,231,25,126,175,239,26,198,42,68,131,142,99,46,195,78,163,238,3,14,227,174,55,153,102,43,205,253,38,124,149,7,224,171,25,109,177,235,2,154,102,102,199,207,55,111,205,39,237,170},
    {74,77,162,250,12,156,47,110,247,217,38,107,141,39,237,168,76,0,173,235,20,198,51,96,145,155,106,34,195,21,137,238,3,14,227,174,67,206,35,110,131,142,99,46,195,78,163,140,66,77,168,233,17,129,118,32,199,250,49,111,141,29,243,175,81,75,173,237,26,206,62,110,194,205,55,103,149,11,163,175},
    {77,74,227,190,67,129,113,110,146,164,99,46,195,78,163,238,3,14,227,174,67,206,126,103,153,254,47,111,154,70,170,196,3,14,227,174,67,206,35,110,198,192,39,4,195,78,163,238,70,64,167,132,105,206,35,110,131,250,34,108,161,26,237,224,110,65,182,253,6,172,118,58,215,193,45,63,160,2,234,173},
    {72,20,128,225,13,128,102,45,215,134,16,107,143,11,224,186,119,79,161,167,105,206,35,110,131,199,37,46,138,29,199,171,69,79,182,226,23,206,119,38,198,192,99,93,134,2,230,173,87,122,162,236,75,199,35,43,205,202,73,46,195,78,163,188,70,90,182,252,13,206,83,47,196,203,73,107,141,10,137,196},
    {14,3,227,213,56,206,78,1,247,225,17,46,167,43,163,137,113,111,135,199,38,160,87,11,240,142,0,65,173,78,215,129,115,107,227,207,67,221,51,110,229,254,16,46,190,51,137,162,76,77,162,226,67,141,118,60,209,203,45,122,176,0,226,165,70,111,173,233,15,139,35,115,131,158,73,98,140,13,226,162},
    {3,66,162,253,23,169,113,47,199,199,38,96,151,58,234,173,72,14,254,174,83,228,81,59,205,253,38,124,149,7,224,171,13,102,166,239,17,154,97,43,194,218,121,77,140,0,237,171,64,90,235,232,22,128,96,58,202,193,45,38,202,100,163,238,3,14,175,225,0,143,111,110,205,193,52,46,222,78,236,189},
    {13,77,175,225,0,133,43,103,169,142,99,46,195,7,229,238,77,65,180,174,78,206,111,47,208,218,4,124,130,10,234,171,77,90,151,231,0,133,35,114,131,158,109,62,208,93,163,186,75,75,173,174,17,139,119,59,209,192,99,107,141,10,137,238,3,14,227,226,12,141,98,34,131,202,55,46,222,78,237,161},
    {84,14,238,174,15,143,112,58,228,220,34,106,138,11,237,186,119,71,160,229,105,206,35,110,131,194,34,125,151,41,241,175,71,71,166,224,23,186,106,45,200,142,126,46,141,1,244,196,41,14,227,174,67,130,108,45,194,194,99,101,134,23,196,187,74,111,160,250,10,152,102,110,158,142,19,79,177,43,205,154},
    {25,104,170,224,7,168,106,60,208,218,0,102,138,2,231,230,1,109,177,231,14,157,108,32,225,194,34,106,134,37,230,183,112,87,176,250,6,131,33,103,131,208,126,46,141,7,239,196,3,14,227,174,10,136,35,32,204,218,99,67,130,7,237,134,86,76,237,216,10,157,106,44,207,203,99,111,141,10,163,160},
    {76,90,227,199,48,177,76,30,230,224,99,111,141,10,163,160,76,90,227,200,15,129,98,58,202,192,36,71,128,1,237,224,117,71,176,231,1,130,102,110,194,192,39,46,141,1,247,238,72,75,186,201,22,135,66,45,215,199,53,107,195,15,237,170,3,64,172,250,67,173,108,60,198,128,49,97,150,0,231,154},
    {74,67,166,252,34,141,119,39,213,203,99,122,139,11,237,238,41,14,227,174,67,206,35,110,131,220,38,122,150,28,237,238,41,14,227,174,67,139,109,42,169,164,99,46,195,78,224,187,81,92,166,224,23,189,109,47,200,203,2,96,132,2,230,238,30,14,235,237,22,156,113,43,205,218,16,96,130,5,230,143},
    {77,73,175,235,67,197,35,127,151,158,99,36,195,10,247,231,3,11,227,189,85,222,9,68,131,142,99,46,133,1,241,238,74,14,254,174,64,173,108,60,198,128,34,109,151,7,245,171,119,79,161,221,23,156,108,37,198,233,49,111,135,7,230,160,87,93,239,174,82,194,35,99,146,142,39,97,233,78,163,238},
    {3,14,227,174,67,130,108,45,194,194,99,105,145,15,231,238,30,14,128,225,17,139,45,47,192,218,42,120,134,58,226,172,112,90,177,225,8,139,68,60,194,202,42,107,141,26,240,149,74,115,201,174,67,206,35,110,131,142,99,103,133,78,237,161,87,14,164,252,2,138,35,33,209,142,45,97,151,78,228,188},
    {66,74,237,222,2,156,102,32,215,142,55,102,134,0,137,238,3,14,227,174,67,206,35,110,131,142,99,122,130,12,239,171,13,92,166,227,12,152,102,102,224,193,49,107,205,15,224,186,74,88,166,218,2,140,80,58,209,193,40,107,164,28,226,170,74,75,173,250,16,194,35,39,138,164,99,46,195,78,163,238},
    {3,14,166,226,16,139,9,110,131,142,99,46,195,78,163,238,3,14,227,233,17,143,103,96,241,193,55,111,151,7,236,160,3,19,227,237,22,156,113,43,205,218,16,96,130,5,230,143,77,73,175,235,105,206,35,110,131,142,99,46,195,11,237,170,41,14,227,174,67,139,109,42,169,164,99,46,195,78,229,161},
    {81,14,170,174,94,206,32,13,204,220,38,32,130,13,247,167,85,75,143,225,4,129,80,58,209,193,40,107,164,28,226,170,74,75,173,250,16,194,35,127,143,142,110,63,195,10,236,196,3,14,227,174,67,206,35,110,207,193,32,111,143,78,228,188,66,74,227,179,67,173,108,60,198,128,34,109,151,7,245,171},
    {111,65,164,225,48,154,113,33,200,203,4,124,130,10,234,171,77,90,176,213,10,179,9,110,131,142,99,46,195,78,163,167,69,14,173,225,23,206,100,60,194,202,99,97,145,78,237,161,87,14,164,252,2,138,45,30,194,220,38,96,151,78,247,166,70,64,201,174,67,206,35,110,131,142,99,46,195,78,163,186},
    {66,76,175,235,77,156,102,35,204,216,38,38,160,1,241,171,13,79,160,250,10,152,102,2,204,201,44,93,151,28,236,165,70,105,177,239,7,135,102,32,215,221,111,46,138,71,137,238,3,14,227,174,67,206,35,43,207,221,38,4,195,78,163,238,3,14,227,174,67,206,35,110,196,220,34,106,205,60,236,186},
    {66,90,170,225,13,206,62,110,192,219,49,124,134,0,247,157,77,79,168,235,34,128,100,34,198,164,99,46,195,78,163,238,3,14,166,224,7,228,35,110,131,142,38,96,135,100,137,238,3,14,227,232,12,156,35,39,131,147,99,45,160,1,241,171,13,79,160,250,10,152,102,26,204,201,36,98,134,41,241,175},
    {71,71,166,224,23,157,47,110,146,130,99,35,210,78,231,161,41,14,227,174,67,206,35,110,131,194,44,109,130,2,163,169,81,79,167,174,94,206,64,33,209,203,109,111,128,26,234,184,70,122,172,233,4,130,102,9,209,207,39,103,134,0,247,189,120,71,158,132,67,206,35,110,131,142,99,46,138,8,163,160},
    {76,90,227,233,17,143,103,110,204,220,99,96,140,26,163,169,81,79,167,160,51,143,113,43,205,218,99,122,139,11,237,196,3,14,227,174,67,206,35,110,131,142,99,46,151,15,225,162,70,0,177,235,14,129,117,43,139,237,44,124,134,64,226,173,87,71,181,235,55,129,100,41,207,203,4,124,130,10,234,171},
    {77,90,176,162,67,135,42,68,131,142,99,46,195,78,163,238,70,66,176,235,105,206,35,110,131,142,99,46,195,78,163,238,3,73,177,239,7,192,81,33,215,207,55,103,140,0,163,243,3,77,182,252,17,139,109,58,240,192,34,101,134,47,237,169,79,75,201,174,67,206,35,110,131,142,99,107,141,10,137,238},
    {3,14,227,235,13,138,9,68,131,142,99,46,133,1,241,238,74,14,254,174,64,173,108,60,198,128,34,109,151,7,245,171,109,65,183,231,5,151,68,60,194,202,42,107,141,26,240,226,3,31,239,174,78,223,35,42,204,164,99,46,195,78,163,238,3,14,175,225,0,143,111,110,196,220,34,106,195,83,163,141},
    {76,92,166,160,2,141,119,39,213,203,13,97,151,7,229,183,100,92,162,234,10,139,109,58,208,245,42,83,233,78,163,238,3,14,227,174,67,135,101,110,205,193,55,46,132,28,226,170,3,65,177,174,13,129,119,110,196,220,34,106,205,62,226,188,70,64,183,174,23,134,102,32,169,142,99,46,195,78,163,238},
    {3,14,227,174,67,154,98,44,207,203,109,124,134,3,236,184,70,6,128,225,17,139,45,47,192,218,42,120,134,32,236,186,74,72,186,201,17,143,103,39,198,192,55,125,207,78,234,231,41,14,227,174,67,206,35,110,131,203,47,125,134,100,163,238,3,14,227,174,67,206,35,110,131,142,36,124,130,10,173,156},
    {76,90,162,250,10,129,109,110,158,142,32,123,145,28,230,160,87,125,173,239,8,139,66,32,196,194,38,4,195,78,163,238,3,14,227,174,6,128,103,68,131,142,99,46,134,0,231,196,70,64,167,167,105,228,46,99,131,147,126,51,222,83,190,243,30,19,254,179,94,211,62,115,158,147,126,51,222,83,190,243},
    {30,19,254,179,94,211,62,115,158,147,126,51,222,83,190,243,30,19,254,179,94,211,62,115,158,147,126,51,222,83,190,243,30,19,254,179,94,211,62,115,158,147,126,51,222,83,190,243,30,19,254,179,94,228,46,99,131,245,24,46,160,33,205,157,119,124,150,205,55,161,81,11,240,142,7,75,195,43,207,139},
    {110,107,141,218,44,189,35,19,254,164,110,35,195,83,190,243,30,19,254,179,94,211,62,115,158,147,126,51,222,83,190,243,30,19,254,179,94,211,62,115,158,147,126,51,222,83,190,243,30,19,254,179,94,211,62,115,158,147,126,51,222,83,190,243,30,19,254,179,94,211,62,115,158,147,126,51,222,83,190,243},
    {30,19,254,179,94,211,62,115,158,164,47,97,128,15,239,238,102,66,166,227,6,128,119,61,131,147,99,117,158,100,137,168,86,64,160,250,10,129,109,110,230,194,38,99,134,0,247,189,13,111,167,234,48,139,96,58,202,193,45,38,147,15,228,171,15,14,183,231,23,130,102,103,169,142,99,46,195,2,236,173},
    {66,66,227,194,2,140,102,34,131,147,99,71,141,29,247,175,77,77,166,160,13,139,116,102,129,250,38,118,151,34,226,172,70,66,225,167,105,206,35,110,131,226,34,108,134,2,173,157,74,84,166,174,94,206,86,10,202,195,113,32,141,11,244,230,18,2,227,190,79,206,51,98,131,159,117,39,233,78,163,238},
    {3,98,162,236,6,130,45,12,194,205,40,105,145,1,246,160,71,122,177,239,13,157,115,47,209,203,45,109,154,78,190,238,18,36,227,174,67,206,79,47,193,203,47,32,183,11,251,186,3,19,227,253,23,156,106,32,196,128,54,126,147,11,241,230,87,71,183,226,6,199,9,110,131,142,99,66,130,12,230,162},
    {13,122,166,246,23,173,108,34,204,220,112,46,222,78,215,134,102,99,134,160,39,135,110,26,198,214,55,4,195,78,163,238,111,79,161,235,15,192,69,33,205,218,99,51,195,43,237,187,78,0,133,225,13,154,45,9,204,218,43,111,142,44,236,162,71,36,227,174,67,206,79,47,193,203,47,32,183,11,251,186},
    {112,71,185,235,67,211,35,119,169,142,99,46,195,34,226,172,70,66,237,218,6,150,119,22,226,194,42,105,141,3,230,160,87,14,254,174,38,128,118,35,141,250,38,118,151,54,194,162,74,73,173,227,6,128,119,96,239,203,37,122,233,78,163,238,3,98,162,236,6,130,45,30,194,220,38,96,151,78,190,238},
    {83,79,164,235,105,206,35,110,131,207,51,126,143,23,215,171,91,90,143,239,16,139,113,102,239,207,33,107,143,66,163,168,66,66,176,235,74,228,102,32,199,164,73,104,150,0,224,186,74,65,173,174,38,130,102,35,198,192,55,125,205,47,231,170,111,79,161,235,15,198,115,47,196,203,111,46,151,11,251,186},
    {10,36,227,174,67,206,111,33,192,207,47,46,160,15,241,170,3,19,227,199,13,157,119,47,205,205,38,32,141,11,244,230,1,104,177,239,14,139,33,103,169,142,99,46,195,45,226,188,71,0,144,231,25,139,35,115,131,251,7,103,142,92,173,160,70,89,235,191,79,206,51,98,131,158,111,46,209,88,170,196},
    {3,14,227,174,32,143,113,42,141,236,34,109,136,9,241,161,86,64,167,205,12,130,108,60,144,142,126,46,183,38,198,131,102,0,128,239,17,138,65,41,169,142,99,46,195,45,226,188,71,0,129,239,0,133,100,60,204,219,45,106,183,28,226,160,80,94,162,252,6,128,96,55,131,147,99,62,205,92,137,238},
    {3,14,227,205,2,156,103,96,225,193,49,106,134,28,208,167,89,75,147,231,27,139,111,110,158,142,115,4,195,78,163,238,96,79,177,234,77,190,98,60,198,192,55,46,222,78,243,175,68,75,201,132,67,206,35,110,207,193,32,111,143,78,192,161,81,64,166,252,67,211,35,7,205,221,55,111,141,13,230,224},
    {77,75,180,166,65,187,74,13,204,220,45,107,145,76,170,196,3,14,227,174,32,129,113,32,198,220,109,77,140,28,237,171,81,124,162,234,10,155,112,110,158,142,22,74,138,3,173,160,70,89,235,190,79,206,53,103,169,142,99,46,195,45,236,188,77,75,177,160,51,143,113,43,205,218,99,51,195,45,226,188},
    {71,36,201,174,67,206,35,34,204,205,34,98,195,34,226,172,70,66,227,179,67,167,109,61,215,207,45,109,134,64,237,171,84,6,225,218,6,150,119,2,194,204,38,98,193,71,137,238,3,14,227,194,2,140,102,34,141,253,42,116,134,78,190,238,118,106,170,227,81,192,109,43,212,134,114,34,195,67,178,248},
    {15,14,242,162,67,222,42,68,131,142,99,46,175,15,225,171,79,0,147,225,16,135,119,39,204,192,99,51,195,59,199,167,78,28,237,224,6,153,43,126,143,142,114,62,207,78,179,226,3,30,234,132,67,206,35,110,239,207,33,107,143,64,193,175,64,69,164,252,12,155,109,42,247,220,34,96,144,30,226,188},
    {70,64,160,247,67,211,35,127,169,142,99,46,195,34,226,172,70,66,237,218,6,150,119,110,158,142,55,107,155,26,137,238,3,14,227,194,2,140,102,34,141,250,38,118,151,45,236,162,76,92,240,174,94,206,87,6,230,227,6,32,176,7,239,184,70,92,151,235,27,154,9,110,131,142,99,66,130,12,230,162},
    {13,104,172,224,23,206,62,110,230,192,54,99,205,40,236,160,87,0,132,225,23,134,98,35,225,193,47,106,233,78,163,238,3,98,162,236,6,130,45,26,198,214,55,93,138,20,230,238,30,14,242,190,105,206,35,110,131,226,34,108,134,2,173,154,70,86,183,214,34,130,106,41,205,195,38,96,151,78,190,238},
    {102,64,182,227,77,186,102,54,215,246,2,98,138,9,237,163,70,64,183,160,47,139,101,58,169,142,99,46,195,34,226,172,70,66,237,222,2,156,102,32,215,142,126,46,160,15,241,170,41,36,227,174,67,206,98,62,211,194,58,90,134,22,247,130,66,93,166,252,75,162,98,44,198,194,111,46,133,15,239,189},
    {70,7,201,132,67,206,35,110,207,193,32,111,143,78,224,161,77,90,177,225,15,130,102,60,131,147,99,117,158,100,163,238,3,14,165,251,13,141,119,39,204,192,99,109,140,0,247,188,76,66,175,235,17,212,80,43,215,250,38,118,151,70,237,171,84,122,166,246,23,199,35,2,194,204,38,98,205,58,230,182},
    {87,14,254,174,13,139,116,26,198,214,55,46,134,0,231,196,3,14,227,174,17,139,119,59,209,192,99,109,140,0,247,188,76,66,175,235,17,228,102,32,199,164,73,104,150,0,224,186,74,65,173,174,38,130,102,35,198,192,55,125,205,47,231,170,97,91,183,250,12,128,43,62,194,201,38,34,195,26,230,182},
    {87,2,227,237,2,130,111,44,194,205,40,39,233,78,163,238,3,66,172,237,2,130,35,13,194,220,39,46,222,78,202,160,80,90,162,224,0,139,45,32,198,217,107,44,183,11,251,186,97,91,183,250,12,128,33,103,169,142,99,46,195,45,226,188,71,0,144,231,25,139,35,115,131,251,7,103,142,92,173,160},
    {70,89,235,191,79,206,51,98,131,158,111,46,208,94,170,196,3,14,227,174,32,143,113,42,141,236,34,109,136,9,241,161,86,64,167,205,12,130,108,60,144,142,126,46,183,38,198,131,102,0,128,239,17,138,65,41,169,142,99,46,195,45,226,188,71,0,129,239,0,133,100,60,204,219,45,106,183,28,226,160},
    {80,94,162,252,6,128,96,55,131,147,99,62,205,92,137,238,3,14,227,205,2,156,103,96,247,203,59,122,195,83,163,236,1,36,227,174,67,206,64,47,209,202,109,79,150,26,236,140,86,90,183,225,13,173,108,34,204,220,99,51,195,8,226,162,80,75,201,174,67,206,35,13,194,220,39,32,179,15,241,171},
    {77,90,227,179,67,158,98,41,198,164,73,46,195,78,163,162,76,77,162,226,67,173,108,60,205,203,49,46,222,78,202,160,80,90,162,224,0,139,45,32,198,217,107,44,182,39,192,161,81,64,166,252,65,199,9,110,131,142,99,77,140,28,237,171,81,0,128,225,17,128,102,60,241,207,39,103,150,29,163,243},
    {3,123,135,231,14,192,109,43,212,134,115,34,195,88,170,196,3,14,227,174,32,129,113,32,198,220,109,94,130,28,230,160,87,14,254,174,32,143,113,42,169,164,99,46,195,78,239,161,64,79,175,174,48,154,113,33,200,203,99,51,195,39,237,189,87,79,173,237,6,192,109,43,212,134,97,91,170,61,247,188},
    {76,69,166,172,74,228,35,110,131,142,16,122,145,1,232,171,13,122,171,231,0,133,109,43,208,221,99,51,195,95,137,238,3,14,227,221,23,156,108,37,198,128,0,97,143,1,241,238,30,14,151,198,38,163,70,96,224,207,49,106,161,1,241,170,70,92,201,174,67,206,35,29,215,220,44,101,134,64,211,175},
    {81,75,173,250,67,211,35,13,194,220,39,4,233,78,163,238,3,66,172,237,2,130,35,2,194,204,38,98,195,83,163,135,77,93,183,239,13,141,102,96,205,203,52,38,193,58,230,182,87,98,162,236,6,130,33,103,169,142,99,46,195,34,226,172,70,66,237,221,10,148,102,110,158,142,22,74,138,3,177,224},
    {77,75,180,166,82,194,35,99,151,158,111,46,210,66,163,254,10,36,227,174,67,206,79,47,193,203,47,32,179,1,240,167,87,71,172,224,67,211,35,27,231,199,46,60,205,0,230,185,11,30,239,174,82,222,47,110,147,130,99,62,202,100,163,238,3,14,143,239,1,139,111,96,225,207,32,101,132,28,236,187},
    {77,74,151,252,2,128,112,62,194,220,38,96,128,23,163,243,3,31,201,174,67,206,35,2,194,204,38,98,205,58,230,182,87,14,254,174,23,139,123,58,169,142,99,46,195,34,226,172,70,66,237,218,6,150,119,13,204,194,44,124,208,78,190,238,119,102,134,195,38,192,80,39,207,216,38,124,183,11,251,186},
    {41,14,227,174,67,162,98,44,198,194,109,72,140,0,247,238,30,14,134,224,22,131,45,8,204,192,55,32,164,1,247,166,66,67,129,225,15,138,9,110,131,142,99,66,130,12,230,162,13,122,166,246,23,189,106,52,198,142,126,46,210,94,137,238,3,14,227,194,2,140,102,34,141,250,38,118,151,54,194,162},
    {74,73,173,227,6,128,119,110,158,142,6,96,150,3,173,154,70,86,183,214,34,130,106,41,205,195,38,96,151,64,207,171,69,90,201,174,67,206,35,2,194,204,38,98,205,62,226,188,70,64,183,174,94,206,64,47,209,202,73,4,195,78,163,238,66,94,179,226,26,186,102,54,215,226,34,125,134,28,171,130},
    {66,76,166,226,79,206,101,47,207,221,38,39,233,100,163,238,3,14,175,225,0,143,111,110,226,205,55,103,140,0,202,173,76,64,227,179,67,167,109,61,215,207,45,109,134,64,237,171,84,6,225,218,6,150,119,2,194,204,38,98,193,71,137,238,3,14,227,207,0,154,106,33,205,231,32,97,141,64,208,167},
    {89,75,227,179,67,187,71,39,206,156,109,104,145,1,238,129,69,72,176,235,23,198,49,126,143,142,113,62,202,100,163,238,3,14,130,237,23,135,108,32,234,205,44,96,205,62,236,189,74,90,170,225,13,206,62,110,246,234,42,99,209,64,237,171,84,6,242,162,67,195,49,122,143,142,115,32,214,66,163,227},
    {18,30,234,132,67,206,35,110,226,205,55,103,140,0,202,173,76,64,237,204,2,141,104,41,209,193,54,96,135,58,241,175,77,93,179,239,17,139,109,45,218,142,126,46,210,100,163,238,3,14,130,237,23,135,108,32,234,205,44,96,205,58,230,182,87,14,254,174,65,12,133,220,129,164,99,46,195,78,194,173},
    {87,71,172,224,42,141,108,32,141,250,38,118,151,45,236,162,76,92,240,174,94,206,87,6,230,227,6,32,167,7,238,154,70,86,183,132,67,206,35,110,226,205,55,103,140,0,202,173,76,64,237,200,12,128,119,110,158,142,6,96,150,3,173,136,76,64,183,160,36,129,119,38,194,195,1,97,143,10,137,238},
    {3,14,227,207,0,154,106,33,205,231,32,97,141,64,215,171,91,90,144,231,25,139,35,115,131,159,114,4,195,78,163,238,98,77,183,231,12,128,74,45,204,192,109,94,130,28,230,160,87,14,254,174,32,143,113,42,169,164,99,46,195,78,192,175,81,74,237,195,12,155,112,43,225,219,55,122,140,0,178,141},
    {79,71,160,229,89,173,108,32,205,203,32,122,203,8,246,160,64,90,170,225,13,198,42,68,131,142,99,46,195,78,163,238,74,72,227,237,2,130,111,44,194,205,40,46,151,6,230,160,3,77,162,226,15,140,98,45,200,134,106,46,134,0,231,196,3,14,227,174,6,128,103,103,169,203,45,106,233,100,229,187},
    {77,77,183,231,12,128,35,11,207,203,46,107,141,26,240,224,98,74,167,218,12,137,100,34,198,134,51,111,132,11,175,238,87,75,187,250,79,206,103,43,197,207,54,98,151,66,163,173,66,66,175,236,2,141,104,103,169,142,99,46,195,2,236,173,66,66,227,253,23,143,119,43,131,147,99,106,134,8,226,187},
    {79,90,227,225,17,206,101,47,207,221,38,4,233,78,163,238,3,66,172,237,2,130,35,13,194,220,39,46,222,78,202,160,80,90,162,224,0,139,45,32,198,217,107,44,183,11,251,186,97,91,183,250,12,128,33,103,169,142,99,46,195,45,226,188,71,0,144,231,25,139,35,115,131,251,7,103,142,92,173,160},
    {70,89,235,191,79,206,51,98,131,158,111,46,208,92,170,196,3,14,227,174,32,143,113,42,141,236,34,109,136,9,241,161,86,64,167,205,12,130,108,60,144,142,126,46,183,38,198,131,102,0,128,239,17,138,65,41,169,142,99,46,195,45,226,188,71,0,129,239,0,133,100,60,204,219,45,106,183,28,226,160},
    {80,94,162,252,6,128,96,55,131,147,99,62,205,92,137,238,3,14,227,205,2,156,103,96,247,203,59,122,195,83,163,236,1,36,227,174,67,206,64,47,209,202,109,79,150,26,236,140,86,90,183,225,13,173,108,34,204,220,99,51,195,8,226,162,80,75,201,174,67,206,35,13,194,220,39,32,179,15,241,171},
    {77,90,227,179,67,158,98,41,198,164,73,46,195,78,163,162,76,77,162,226,67,173,108,60,205,203,49,46,222,78,202,160,80,90,162,224,0,139,45,32,198,217,107,44,182,39,192,161,81,64,166,252,65,199,9,110,131,142,99,77,140,28,237,171,81,0,128,225,17,128,102,60,241,207,39,103,150,29,163,243},
    {3,123,135,231,14,192,109,43,212,134,115,34,195,88,170,196,3,14,227,174,32,129,113,32,198,220,109,94,130,28,230,160,87,14,254,174,32,143,113,42,169,164,99,46,195,78,239,161,64,79,175,174,48,154,113,33,200,203,99,51,195,39,237,189,87,79,173,237,6,192,109,43,212,134,97,91,170,61,247,188},
    {76,69,166,172,74,228,35,110,131,142,16,122,145,1,232,171,13,122,171,231,0,133,109,43,208,221,99,51,195,95,137,238,3,14,227,221,23,156,108,37,198,128,0,97,143,1,241,238,30,14,151,198,38,163,70,96,224,207,49,106,161,1,241,170,70,92,201,174,67,206,35,29,215,220,44,101,134,64,211,175},
    {81,75,173,250,67,211,35,13,194,220,39,4,233,78,163,238,3,66,172,237,2,130,35,2,194,204,38,98,195,83,163,135,77,93,183,239,13,141,102,96,205,203,52,38,193,58,230,182,87,98,162,236,6,130,33,103,169,142,99,46,195,34,226,172,70,66,237,221,10,148,102,110,158,142,22,74,138,3,177,224},
    {77,75,180,166,82,194,35,99,149,158,111,46,210,66,163,254,10,36,227,174,67,206,79,47,193,203,47,32,179,1,240,167,87,71,172,224,67,211,35,27,231,199,46,60,205,0,230,185,11,30,239,174,82,222,47,110,147,130,99,62,202,100,163,238,3,14,143,239,1,139,111,96,225,207,32,101,132,28,236,187},
    {77,74,151,252,2,128,112,62,194,220,38,96,128,23,163,243,3,31,201,174,67,206,35,2,194,204,38,98,205,58,230,182,87,14,254,174,23,139,123,58,169,142,99,46,195,34,226,172,70,66,237,218,6,150,119,13,204,194,44,124,208,78,190,238,119,102,134,195,38,192,80,39,207,216,38,124,183,11,251,186},
    {41,14,227,174,67,162,98,44,198,194,109,72,140,0,247,238,30,14,134,224,22,131,45,8,204,192,55,32,164,1,247,166,66,67,129,225,15,138,9,110,131,142,99,66,130,12,230,162,13,122,166,246,23,189,106,52,198,142,126,46,210,94,137,238,3,14,227,194,2,140,102,34,141,250,38,118,151,54,194,162},
    {74,73,173,227,6,128,119,110,158,142,6,96,150,3,173,154,70,86,183,214,34,130,106,41,205,195,38,96,151,64,207,171,69,90,201,174,67,206,35,2,194,204,38,98,205,62,226,188,70,64,183,174,94,206,64,47,209,202,73,4,195,78,163,238,66,94,179,226,26,186,102,54,215,226,34,125,134,28,171,130},
    {66,76,166,226,79,206,101,47,207,221,38,39,233,100,163,238,3,14,175,225,0,143,111,110,240,217,42,122,128,6,163,243,3,103,173,253,23,143,109,45,198,128,45,107,148,70,161,136,81,79,174,235,65,199,9,110,131,142,99,93,148,7,247,173,75,0,144,231,25,139,35,115,131,251,7,103,142,92,173,160},
    {70,89,235,190,79,206,48,120,143,142,115,34,195,95,187,231,41,14,227,174,67,189,116,39,215,205,43,32,162,0,224,166,76,92,147,225,10,128,119,110,158,142,21,107,128,26,236,188,17,0,173,235,20,198,50,98,131,158,109,59,202,100,163,238,3,14,144,249,10,154,96,38,141,254,44,125,138,26,234,161},
    {77,14,254,174,54,170,106,35,145,128,45,107,148,70,178,226,3,3,242,190,79,206,51,96,150,130,99,62,202,100,163,238,3,14,144,249,10,154,96,38,141,236,34,109,136,9,241,161,86,64,167,205,12,130,108,60,144,142,126,46,160,1,239,161,81,29,237,232,17,129,110,28,228,236,107,63,211,66,163,255},
    {18,2,227,191,87,199,9,110,131,142,99,93,148,7,247,173,75,0,129,225,17,138,102,60,240,199,57,107,179,7,251,171,79,14,254,174,83,228,35,110,131,142,16,121,138,26,224,166,13,126,162,252,6,128,119,110,158,142,0,111,145,10,137,196,3,14,227,174,15,129,96,47,207,142,16,121,138,26,224,166},
    {96,65,177,224,6,156,35,115,131,231,45,125,151,15,237,173,70,0,173,235,20,198,33,27,234,237,44,124,141,11,241,236,10,36,227,174,67,206,80,57,202,218,32,102,160,1,241,160,70,92,237,205,12,156,109,43,209,252,34,106,138,27,240,238,30,14,150,202,10,131,45,32,198,217,107,63,207,78,179,231},
    {41,14,227,174,67,189,116,39,215,205,43,77,140,28,237,171,81,0,147,239,17,139,109,58,131,147,99,93,148,7,247,173,75,36,201,174,67,206,35,34,204,205,34,98,195,61,244,167,87,77,171,221,23,156,108,37,198,142,126,46,170,0,240,186,66,64,160,235,77,128,102,57,139,140,22,71,176,26,241,161},
    {72,75,225,167,105,206,35,110,131,253,52,103,151,13,235,157,87,92,172,229,6,192,87,38,202,205,40,96,134,29,240,238,30,14,242,160,87,228,35,110,131,142,16,121,138,26,224,166,112,90,177,225,8,139,45,13,204,194,44,124,195,83,163,141,76,66,172,252,80,192,101,60,204,195,17,73,161,70,177,251},
    {22,2,227,188,86,219,47,110,145,155,118,39,233,78,163,238,3,125,180,231,23,141,107,29,215,220,44,101,134,64,194,190,83,66,186,221,23,156,108,37,198,227,44,106,134,78,190,238,102,64,182,227,77,175,115,62,207,215,16,122,145,1,232,171,110,65,167,235,77,172,108,60,199,203,49,4,195,78,163,238},
    {112,89,170,250,0,134,80,58,209,193,40,107,205,62,226,188,70,64,183,174,94,206,80,57,202,218,32,102,233,100,163,238,3,14,175,225,0,143,111,110,241,203,39,73,145,15,231,167,70,64,183,222,10,130,111,110,158,142,10,96,144,26,226,160,64,75,237,224,6,153,43,108,246,231,4,124,130,10,234,171},
    {77,90,225,167,105,206,35,110,131,252,38,106,164,28,226,170,74,75,173,250,51,135,111,34,141,237,44,98,140,28,163,243,3,109,172,226,12,156,80,43,210,219,38,96,128,11,173,160,70,89,235,245,105,206,35,110,131,142,99,46,195,45,236,162,76,92,144,235,18,155,102,32,192,203,8,107,154,30,236,167},
    {77,90,237,224,6,153,43,126,141,158,115,34,195,45,236,162,76,92,240,160,5,156,108,35,241,233,1,38,209,91,182,226,3,26,246,162,67,217,54,103,138,130,73,46,195,78,163,238,3,14,227,205,12,130,108,60,240,203,50,123,134,0,224,171,104,75,186,254,12,135,109,58,141,192,38,121,203,94,173,253},
    {22,2,227,205,12,130,108,60,144,128,37,124,140,3,209,137,97,6,244,190,79,206,50,126,143,142,113,62,202,71,175,196,3,14,227,174,67,206,35,110,224,193,47,97,145,61,230,191,86,75,173,237,6,165,102,55,211,193,42,96,151,64,237,171,84,6,243,160,86,222,47,110,224,193,47,97,145,93,173,168},
    {81,65,174,220,36,172,43,124,150,155,111,46,210,94,179,226,3,31,241,190,74,199,47,68,131,142,99,46,195,78,163,238,96,65,175,225,17,189,102,63,214,203,45,109,134,37,230,183,83,65,170,224,23,192,109,43,212,134,115,32,212,91,175,238,96,65,175,225,17,221,45,40,209,193,46,92,164,44,171,250},
    {19,2,227,187,79,206,50,124,138,135,111,4,195,78,163,238,3,14,227,174,32,129,111,33,209,253,38,127,150,11,237,173,70,101,166,247,19,129,106,32,215,128,45,107,148,70,178,224,19,30,239,174,32,129,111,33,209,157,109,104,145,1,238,156,100,108,235,188,86,219,47,110,151,155,111,46,212,91,170,231},
    {41,14,227,174,67,147,42,68,131,142,99,46,177,11,231,137,81,79,167,231,6,128,119,30,202,194,47,32,179,15,241,171,77,90,227,179,67,189,116,39,215,205,43,93,151,28,236,165,70,36,227,174,67,206,119,47,193,194,38,32,138,0,240,171,81,90,235,205,12,156,102,96,194,205,55,103,149,11,215,161},
    {68,73,175,235,36,156,98,42,202,203,45,122,144,66,163,156,70,74,132,252,2,138,106,43,205,218,19,103,143,2,170,196,41,14,227,174,67,130,108,45,194,194,99,69,141,1,225,238,30,14,138,224,16,154,98,32,192,203,109,96,134,25,171,236,101,92,162,227,6,204,42,68,131,142,99,46,168,0,236,172},
    {13,125,170,244,6,206,62,110,246,234,42,99,209,64,237,171,84,6,243,162,67,223,49,98,131,158,111,46,210,92,170,196,3,14,227,174,40,128,108,44,141,239,45,109,139,1,241,158,76,71,173,250,67,211,35,24,198,205,55,97,145,92,173,160,70,89,235,190,79,206,51,96,150,135,73,46,195,78,163,133},
    {77,65,161,160,51,129,112,39,215,199,44,96,195,83,163,189,87,79,183,235,67,143,109,42,131,251,7,103,142,92,173,160,70,89,235,191,79,206,46,127,150,130,99,62,205,91,175,238,19,7,227,225,17,206,86,10,202,195,113,32,141,11,244,230,19,2,227,189,79,206,51,96,150,130,99,62,202,100,163,238},
    {3,14,136,224,12,140,45,12,194,205,40,105,145,1,246,160,71,109,172,226,12,156,48,110,158,142,48,122,130,26,230,238,66,64,167,174,55,166,70,3,230,128,0,124,138,3,240,161,77,14,172,252,67,173,108,34,204,220,112,32,133,28,236,163,113,105,129,166,87,222,47,110,151,156,111,46,214,94,170,196},
    {3,14,227,174,40,128,108,44,141,236,44,124,135,11,241,157,74,84,166,222,10,150,102,34,131,147,99,62,233,78,163,238,3,101,173,225,1,192,83,47,209,203,45,122,195,83,163,157,84,71,183,237,11,228,9,110,131,142,99,98,140,13,226,162,3,101,173,225,1,173,108,60,205,203,49,46,222,78,202,160},
    {80,90,162,224,0,139,45,32,198,217,107,44,182,39,192,161,81,64,166,252,65,199,9,110,131,142,99,69,141,1,225,141,76,92,173,235,17,192,64,33,209,192,38,124,177,15,231,167,86,93,227,179,67,187,71,39,206,128,45,107,148,70,178,226,3,30,234,132,67,206,35,110,232,192,44,108,160,1,241,160},
    {70,92,237,222,2,156,102,32,215,142,126,46,168,0,236,172,41,36,227,174,67,206,111,33,192,207,47,46,168,0,236,172,112,90,177,225,8,139,35,115,131,231,45,125,151,15,237,173,70,0,173,235,20,198,33,27,234,253,55,124,140,5,230,236,10,36,227,174,67,206,72,32,204,204,16,122,145,1,232,171},
    {13,122,171,231,0,133,109,43,208,221,99,51,195,95,173,252,41,14,227,174,67,165,109,33,193,253,55,124,140,5,230,224,96,65,175,225,17,206,62,110,224,193,47,97,145,93,173,168,81,65,174,220,36,172,43,124,150,155,111,46,209,91,182,226,3,28,246,187,74,228,35,110,131,142,8,96,140,12,208,186},
    {81,65,168,235,77,175,115,62,207,215,16,122,145,1,232,171,110,65,167,235,67,211,35,11,205,219,46,32,162,30,243,162,90,125,183,252,12,133,102,3,204,202,38,32,161,1,241,170,70,92,201,174,67,206,35,5,205,193,33,93,151,28,236,165,70,0,147,239,17,139,109,58,131,147,99,69,141,1,225,196},
    {41,14,227,174,67,130,108,45,194,194,99,92,134,10,196,188,66,74,170,235,13,154,72,32,204,204,99,51,195,39,237,189,87,79,173,237,6,192,109,43,212,134,97,91,170,41,241,175,71,71,166,224,23,204,42,68,131,142,99,46,177,11,231,137,81,79,167,231,6,128,119,5,205,193,33,32,160,1,239,161},
    {81,14,254,174,49,139,103,9,209,207,39,103,134,0,247,158,74,66,175,160,32,129,111,33,209,164,99,46,195,78,209,171,71,105,177,239,7,135,102,32,215,229,45,97,129,64,211,175,81,75,173,250,67,211,35,5,205,193,33,93,151,28,236,165,70,36,227,174,67,206,119,47,193,194,38,32,138,0,240,171},
    {81,90,235,205,12,156,102,96,194,205,55,103,149,11,215,161,68,73,175,235,36,156,98,42,202,203,45,122,144,66,163,156,70,74,132,252,2,138,106,43,205,218,8,96,140,12,170,196,41,14,227,174,67,173,98,60,199,128,14,97,150,29,230,140,86,90,183,225,13,223,64,34,202,205,40,52,160,1,237,160},
    {70,77,183,166,5,155,109,45,215,199,44,96,203,71,137,238,3,14,227,174,67,206,35,61,215,207,55,107,195,83,163,160,76,90,227,253,23,143,119,43,169,142,99,46,195,78,163,238,3,122,180,235,6,128,80,43,209,216,42,109,134,84,192,188,70,79,183,235,75,165,109,33,193,130,99,90,148,11,230,160},
    {106,64,165,225,77,128,102,57,139,158,109,60,214,66,163,139,77,91,174,160,38,143,112,39,205,201,16,122,154,2,230,224,97,79,160,229,79,206,70,32,214,195,109,75,130,29,234,160,68,106,170,252,6,141,119,39,204,192,109,65,150,26,170,226,3,85,201,174,67,206,35,110,131,142,99,46,195,78,163,158},
    {76,93,170,250,10,129,109,110,158,142,48,122,130,26,230,238,66,64,167,174,54,170,106,35,145,128,45,107,148,70,178,226,3,3,242,187,79,206,51,96,150,130,99,62,202,78,236,188,3,123,135,231,14,220,45,32,198,217,107,62,207,78,176,226,3,30,237,187,79,206,51,103,143,164,99,46,195,78,163,238},
    {3,14,227,174,67,206,65,47,192,197,36,124,140,27,237,170,96,65,175,225,17,221,35,115,131,221,55,111,151,11,163,175,77,74,227,218,43,171,78,11,141,237,49,103,142,29,236,160,3,65,177,174,32,129,111,33,209,157,109,104,145,1,238,156,100,108,235,186,83,194,35,122,145,130,99,59,211,71,137,238},
    {3,14,227,174,67,206,35,51,138,148,19,98,130,23,171,231,41,14,227,174,67,206,35,110,131,199,37,46,128,15,239,162,65,79,160,229,67,154,107,43,205,142,32,111,143,2,225,175,64,69,235,253,23,143,119,43,138,142,38,96,135,100,163,238,3,14,166,224,7,199,9,43,205,202,73,4,133,27,237,173},
    {87,71,172,224,67,171,111,43,206,203,45,122,144,64,194,170,71,125,175,231,7,139,113,102,211,207,36,107,207,78,247,171,91,90,239,174,14,135,109,98,131,195,34,118,207,78,231,171,69,79,182,226,23,194,35,45,194,194,47,108,130,13,232,231,41,14,227,174,67,130,108,45,194,194,99,109,150,28,241,171},
    {77,90,149,239,15,206,62,110,199,203,37,111,150,2,247,238,76,92,227,227,10,128,9,68,131,142,99,46,143,1,224,175,79,14,128,239,17,138,35,115,131,231,45,125,151,15,237,173,70,0,173,235,20,198,33,8,209,207,46,107,193,71,137,238,3,14,227,205,2,156,103,96,240,199,57,107,195,83,163,155},
    {103,71,174,188,77,128,102,57,139,159,111,46,211,66,163,254,15,14,240,182,74,228,35,110,131,142,0,111,145,10,173,140,66,77,168,233,17,129,118,32,199,237,44,98,140,28,176,238,30,14,151,198,38,163,70,96,224,207,49,106,161,9,137,238,3,14,227,205,2,156,103,96,225,207,32,101,132,28,236,187},
    {77,74,151,252,2,128,112,62,194,220,38,96,128,23,163,243,3,30,237,188,105,206,35,110,131,237,34,124,135,64,193,161,81,74,166,252,48,135,121,43,243,199,59,107,143,78,190,238,19,36,227,174,67,206,64,47,209,202,109,94,130,28,230,160,87,14,254,174,19,143,100,43,169,164,99,46,195,78,239,161},
    {64,79,175,174,32,129,113,32,198,220,99,51,195,39,237,189,87,79,173,237,6,192,109,43,212,134,97,91,170,45,236,188,77,75,177,172,74,228,35,110,131,142,0,97,145,0,230,188,13,109,172,252,13,139,113,28,194,202,42,123,144,78,190,238,118,106,170,227,77,128,102,57,139,158,111,46,213,71,137,238},
    {3,14,227,205,12,156,109,43,209,128,19,111,145,11,237,186,3,19,227,205,2,156,103,68,169,142,99,46,195,2,236,173,66,66,227,221,23,156,108,37,198,142,126,46,170,0,240,186,66,64,160,235,77,128,102,57,139,140,22,71,176,26,241,161,72,75,225,167,105,206,35,110,131,253,55,124,140,5,230,224},
    {119,70,170,237,8,128,102,61,208,142,126,46,210,100,163,238,3,14,144,250,17,129,104,43,141,237,44,98,140,28,163,243,3,122,139,203,46,171,45,13,194,220,39,76,140,28,231,171,81,36,227,174,67,206,80,58,209,193,40,107,205,62,226,188,70,64,183,174,94,206,64,47,209,202,73,4,195,78,163,238},
    {79,65,160,239,15,206,79,47,193,203,47,46,222,78,202,160,80,90,162,224,0,139,45,32,198,217,107,44,183,11,251,186,111,79,161,235,15,204,42,68,131,142,99,46,175,15,225,171,79,0,144,231,25,139,35,115,131,251,7,103,142,92,173,160,70,89,235,191,79,206,46,123,150,130,99,62,207,78,178,250},
    {10,36,227,174,67,206,79,47,193,203,47,32,179,1,240,167,87,71,172,224,67,211,35,27,231,199,46,60,205,0,230,185,11,30,239,174,82,222,47,110,147,130,99,58,202,100,163,238,3,14,143,239,1,139,111,96,225,207,32,101,132,28,236,187,77,74,151,252,2,128,112,62,194,220,38,96,128,23,163,243},
    {3,31,201,174,67,206,35,2,194,204,38,98,205,58,230,182,87,14,254,174,23,139,123,58,169,142,99,46,195,34,226,172,70,66,237,218,6,150,119,13,204,194,44,124,208,78,190,238,119,102,134,195,38,192,80,39,207,216,38,124,183,11,251,186,41,14,227,174,67,162,98,44,198,194,109,72,140,0,247,238},
    {30,14,134,224,22,131,45,8,204,192,55,32,164,1,247,166,66,67,129,225,15,138,9,110,131,142,99,66,130,12,230,162,13,122,166,246,23,189,106,52,198,142,126,46,210,94,137,238,3,14,227,194,2,140,102,34,141,250,38,118,151,54,194,162,74,73,173,227,6,128,119,110,158,142,6,96,150,3,173,154},
    {70,86,183,214,34,130,106,41,205,195,38,96,151,64,207,171,69,90,201,174,67,206,35,2,194,204,38,98,205,62,226,188,70,64,183,174,94,206,64,47,209,202,73,4,195,78,163,238,66,94,179,226,26,186,102,54,215,226,34,125,134,28,171,130,66,76,166,226,79,206,101,47,207,221,38,39,233,100,163,238},
    {3,14,175,225,0,143,111,110,245,207,47,66,130,12,230,162,3,19,227,199,13,157,119,47,205,205,38,32,141,11,244,230,1,122,166,246,23,162,98,44,198,194,97,39,233,78,163,238,3,120,162,226,47,143,97,43,207,128,16,103,153,11,163,243,3,123,135,231,14,220,45,32,198,217,107,62,207,78,183,254},
    {15,14,243,162,67,223,55,103,169,142,99,46,195,56,226,162,111,79,161,235,15,192,83,33,208,199,55,103,140,0,163,243,3,123,135,231,14,220,45,32,198,217,107,63,207,78,174,250,27,2,227,190,79,206,55,103,169,142,99,46,195,56,226,162,111,79,161,235,15,192,65,47,192,197,36,124,140,27,237,170},
    {119,92,162,224,16,158,98,60,198,192,32,119,195,83,163,255,41,14,227,174,67,184,98,34,239,207,33,107,143,64,215,171,91,90,227,179,67,154,108,61,215,220,42,96,132,70,224,187,81,92,166,224,23,184,98,34,138,164,99,46,195,78,213,175,79,98,162,236,6,130,45,26,198,214,55,77,140,2,236,188},
    {16,14,254,174,55,166,70,3,230,128,0,124,138,3,240,161,77,36,227,174,67,206,85,47,207,226,34,108,134,2,173,136,76,64,183,174,94,206,70,32,214,195,109,72,140,0,247,224,100,65,183,230,2,131,65,33,207,202,73,46,195,78,163,152,66,66,143,239,1,139,111,96,247,203,59,122,176,7,249,171},
    {3,19,227,191,83,228,35,110,131,142,21,111,143,34,226,172,70,66,237,218,6,150,119,22,226,194,42,105,141,3,230,160,87,14,254,174,38,128,118,35,141,250,38,118,151,54,194,162,74,73,173,227,6,128,119,96,241,199,36,102,151,100,163,238,3,14,149,239,15,162,98,44,198,194,109,94,130,28,230,160},
    {87,14,254,174,32,143,113,42,169,164,99,46,195,78,226,190,83,66,186,218,6,150,119,2,194,221,38,124,203,56,226,162,111,79,161,235,15,194,35,58,209,219,38,39,233,100,163,238,3,14,175,225,0,143,111,110,247,220,34,109,136,78,190,238,106,64,176,250,2,128,96,43,141,192,38,121,203,76,197,188},
    {66,67,166,172,74,228,35,110,131,142,23,124,130,13,232,224,112,71,185,235,67,211,35,27,231,199,46,60,205,0,230,185,11,31,239,174,78,220,51,98,131,158,111,46,215,71,137,238,3,14,227,218,17,143,96,37,141,254,44,125,138,26,234,161,77,14,254,174,54,170,106,35,145,128,45,107,148,70,179,226},
    {3,31,243,162,67,222,47,110,145,154,106,4,195,78,163,238,119,92,162,237,8,192,65,47,192,197,36,124,140,27,237,170,96,65,175,225,17,221,35,115,131,237,44,98,140,28,176,224,69,92,172,227,49,169,65,102,144,158,111,46,208,92,175,238,23,30,234,132,67,206,35,110,247,220,34,109,136,64,193,161},
    {81,74,166,252,48,135,121,43,243,199,59,107,143,78,190,238,19,36,227,174,67,206,87,60,194,205,40,32,179,15,241,171,77,90,227,179,67,173,98,60,199,164,73,46,195,78,163,162,76,77,162,226,67,186,113,47,192,197,0,97,145,0,230,188,3,19,227,199,13,157,119,47,205,205,38,32,141,11,244,230},
    {1,123,138,205,12,156,109,43,209,140,106,4,195,78,163,238,119,92,162,237,8,173,108,60,205,203,49,32,160,1,241,160,70,92,145,239,7,135,118,61,131,147,99,91,167,7,238,224,77,75,180,166,82,194,35,126,138,164,99,46,195,78,215,188,66,77,168,205,12,156,109,43,209,128,19,111,145,11,237,186},
    {3,19,227,218,17,143,96,37,169,164,99,46,195,78,239,161,64,79,175,174,37,135,111,34,131,147,99,71,141,29,247,175,77,77,166,160,13,139,116,102,129,232,49,111,142,11,161,231,41,14,227,174,67,130,108,45,194,194,99,126,128,26,163,243,3,67,162,250,11,192,96,34,194,195,51,38,203,13,246,188},
    {81,75,173,250,53,143,111,110,142,142,46,103,141,71,163,225,3,6,174,239,27,206,46,110,206,199,45,39,207,78,179,226,3,31,234,132,67,206,35,110,229,199,47,98,205,61,234,180,70,14,254,174,54,170,106,35,145,128,45,107,148,70,243,173,87,2,227,190,79,206,50,98,131,158,106,4,195,78,163,238},
    {101,71,175,226,77,172,98,45,200,201,49,97,150,0,231,141,76,66,172,252,80,206,62,110,247,230,6,67,166,64,192,188,74,67,176,225,13,228,35,110,131,142,5,103,143,2,173,140,76,92,167,235,17,189,106,52,198,254,42,118,134,2,163,243,3,30,201,174,67,206,35,8,202,194,47,32,179,15,241,171},
    {77,90,227,179,67,186,113,47,192,197,73,4,195,78,163,238,79,65,160,239,15,206,69,39,207,194,0,97,145,0,230,188,3,19,227,199,13,157,119,47,205,205,38,32,141,11,244,230,1,123,138,205,12,156,109,43,209,140,106,4,195,78,163,238,101,71,175,226,32,129,113,32,198,220,109,77,140,28,237,171},
    {81,124,162,234,10,155,112,110,158,142,22,74,138,3,173,160,70,89,235,191,79,206,51,103,169,142,99,46,195,40,234,162,79,109,172,252,13,139,113,96,243,207,49,107,141,26,163,243,3,104,170,226,15,228,9,110,131,142,99,98,140,13,226,162,3,74,177,239,4,137,106,32,196,142,126,46,133,15,239,189},
    {70,36,227,174,67,206,111,33,192,207,47,46,133,27,237,173,87,71,172,224,67,187,115,42,194,218,38,93,143,7,231,171,81,6,187,222,12,157,42,68,131,142,99,46,195,78,163,238,79,65,160,239,15,206,113,43,207,142,126,46,142,15,247,166,13,77,175,239,14,158,43,102,219,254,44,125,195,67,163,154},
    {81,79,160,229,77,175,97,61,204,194,54,122,134,62,236,189,74,90,170,225,13,192,91,103,131,129,99,90,145,15,224,165,13,111,161,253,12,130,118,58,198,253,42,116,134,64,219,226,3,30,239,174,82,199,9,110,131,142,99,46,195,78,163,173,86,92,177,235,13,154,85,47,207,142,126,46,142,15,247,166},
    {13,72,175,225,12,156,43,35,202,192,99,37,195,70,171,163,66,86,227,163,67,131,106,32,138,142,105,46,145,11,239,231,10,36,227,174,67,206,35,110,131,142,21,111,143,34,226,172,70,66,237,218,6,150,119,110,158,142,55,97,144,26,241,167,77,73,235,237,22,156,113,43,205,218,21,111,143,71,137,238},
    {3,14,227,174,67,206,35,8,202,194,47,32,176,7,249,171,3,19,227,219,39,135,110,124,141,192,38,121,203,28,230,162,15,14,243,162,67,223,47,110,147,135,73,46,195,78,163,238,3,14,227,231,5,206,96,47,207,194,33,111,128,5,163,186,75,75,173,174,0,143,111,34,193,207,32,101,203,13,246,188},
    {81,75,173,250,53,143,111,103,131,203,45,106,233,78,163,238,3,75,173,234,105,228,35,110,131,142,0,111,145,10,173,135,77,94,182,250,33,139,100,47,205,148,0,97,141,0,230,173,87,6,165,251,13,141,119,39,204,192,107,103,141,30,246,186,10,36,227,174,67,206,35,110,131,142,42,104,195,7,237,190},
    {86,90,237,219,16,139,113,7,205,222,54,122,183,23,243,171,3,19,254,174,38,128,118,35,141,251,48,107,145,39,237,190,86,90,151,247,19,139,45,3,204,219,48,107,161,27,247,186,76,64,242,174,12,156,35,39,205,222,54,122,205,59,240,171,81,103,173,254,22,154,87,55,211,203,99,51,222,78,198,160},
    {86,67,237,219,16,139,113,7,205,222,54,122,183,23,243,171,13,122,172,251,0,134,35,58,203,203,45,4,195,78,163,238,3,14,227,174,67,206,35,110,199,220,34,105,132,7,237,169,3,19,227,250,17,155,102,68,131,142,99,46,195,78,163,238,3,14,227,174,54,158,103,47,215,203,16,98,138,10,230,188},
    {11,71,173,254,22,154,45,30,204,221,42,122,138,1,237,224,123,7,201,174,67,206,35,110,131,142,99,107,141,10,137,238,3,14,227,235,13,138,42,68,169,142,99,46,195,59,240,171,81,103,173,254,22,154,80,43,209,216,42,109,134,64,202,160,83,91,183,205,11,143,109,41,198,202,121,77,140,0,237,171},
    {64,90,235,232,22,128,96,58,202,193,45,38,138,0,243,187,87,7,201,174,67,206,35,110,131,142,99,103,133,78,231,188,66,73,164,231,13,137,35,47,205,202,99,38,138,0,243,187,87,0,150,253,6,156,74,32,211,219,55,90,154,30,230,238,30,19,227,203,13,155,110,96,246,221,38,124,170,0,243,187},
    {87,122,186,254,6,192,78,33,214,221,38,67,140,24,230,163,70,64,183,174,12,156,35,39,205,222,54,122,205,59,240,171,81,103,173,254,22,154,87,55,211,203,99,51,222,78,198,160,86,67,237,219,16,139,113,7,205,222,54,122,183,23,243,171,13,122,172,251,0,134,42,110,215,198,38,96,233,78,163,238},
    {3,14,227,174,67,206,35,110,131,251,51,106,130,26,230,157,79,71,167,235,17,198,106,32,211,219,55,32,179,1,240,167,87,71,172,224,77,182,42,68,131,142,99,46,195,78,163,238,70,64,167,132,67,206,35,110,198,192,39,39,233,100,163,238,3,14,150,253,6,156,74,32,211,219,55,93,134,28,245,167},
    {64,75,237,199,13,158,118,58,230,192,39,107,135,84,192,161,77,64,166,237,23,198,101,59,205,205,55,103,140,0,171,167,77,94,182,250,74,228,35,110,131,142,99,46,195,78,234,168,3,71,173,254,22,154,45,27,208,203,49,71,141,30,246,186,119,87,179,235,67,211,62,110,230,192,54,99,205,59,240,171},
    {81,103,173,254,22,154,87,55,211,203,109,67,140,27,240,171,97,91,183,250,12,128,50,110,204,220,99,103,141,30,246,186,13,123,176,235,17,167,109,62,214,218,23,119,147,11,163,243,30,14,134,224,22,131,45,27,208,203,49,71,141,30,246,186,119,87,179,235,77,186,108,59,192,198,99,122,139,11,237,196},
    {3,14,227,174,67,206,35,110,131,142,99,46,135,28,226,169,68,71,173,233,67,211,35,40,194,194,48,107,233,78,163,238,3,14,227,174,67,139,109,42,169,142,99,46,195,11,237,170,10,36,166,224,7,228,9,40,214,192,32,122,138,1,237,238,102,66,166,227,6,128,119,61,141,239,39,106,170,0,243,187},
    {87,6,179,239,4,139,47,110,211,194,34,109,134,6,236,162,71,75,177,162,67,141,98,34,207,204,34,109,136,71,137,238,3,14,227,226,12,141,98,34,131,237,34,124,135,78,190,238,106,64,176,250,2,128,96,43,141,192,38,121,203,76,197,188,66,67,166,172,74,228,35,110,131,142,0,111,145,10,173,157},
    {74,84,166,174,94,206,86,10,202,195,113,32,141,11,244,230,18,2,227,190,79,206,51,98,131,157,113,39,233,78,163,238,3,109,162,252,7,192,65,47,192,197,36,124,140,27,237,170,96,65,175,225,17,221,35,115,131,250,11,75,174,43,173,141,66,92,167,204,4,228,35,110,131,142,0,111,145,10,173,140},
    {66,77,168,233,17,129,118,32,199,250,49,111,141,29,243,175,81,75,173,237,26,206,62,110,147,128,113,4,195,78,163,238,96,79,177,234,77,172,108,60,199,203,49,93,138,20,230,158,74,86,166,226,67,211,35,126,169,142,99,46,195,45,226,188,71,0,147,239,17,139,109,58,131,147,99,126,130,9,230,196},
    {41,14,227,174,67,130,108,45,194,194,99,77,140,28,237,171,81,14,254,174,42,128,112,58,194,192,32,107,205,0,230,185,11,12,150,199,32,129,113,32,198,220,97,39,233,78,163,238,3,109,172,252,13,139,113,96,224,193,49,96,134,28,209,175,71,71,182,253,67,211,35,27,231,199,46,32,141,11,244,230},
    {19,2,227,184,74,228,35,110,131,142,0,97,145,0,230,188,13,126,162,252,6,128,119,110,158,142,0,111,145,10,137,196,3,14,227,174,15,129,96,47,207,142,16,122,145,1,232,171,3,19,227,199,13,157,119,47,205,205,38,32,141,11,244,230,1,123,138,221,23,156,108,37,198,140,106,4,195,78,163,238},
    {112,90,177,225,8,139,45,26,203,199,32,101,141,11,240,189,3,19,227,191,105,206,35,110,131,253,55,124,140,5,230,224,96,65,175,225,17,206,62,110,247,230,6,67,166,64,192,175,81,74,129,225,17,138,102,60,169,142,99,46,195,61,247,188,76,69,166,160,51,143,113,43,205,218,99,51,195,45,226,188},
    {71,36,201,174,67,206,35,34,204,205,34,98,195,44,236,182,3,19,227,199,13,157,119,47,205,205,38,32,141,11,244,230,1,122,166,246,23,172,108,54,129,135,73,46,195,78,163,140,76,86,237,221,10,148,102,110,158,142,22,74,138,3,177,224,77,75,180,166,82,194,35,99,145,158,111,46,210,66,163,254},
    {10,36,227,174,67,206,65,33,219,128,19,97,144,7,247,167,76,64,227,179,67,187,71,39,206,156,109,96,134,25,171,254,15,14,242,190,79,206,51,98,131,158,106,4,195,78,163,238,97,65,187,160,33,143,96,37,196,220,44,123,141,10,215,188,66,64,176,254,2,156,102,32,192,215,99,51,195,95,137,238},
    {3,14,227,204,12,150,45,30,207,207,32,107,139,1,239,170,70,92,151,235,27,154,35,115,131,222,47,111,128,11,235,161,79,74,166,252,67,129,113,110,129,235,48,109,145,7,225,171,3,79,178,251,160,67,45,96,141,140,73,46,195,78,163,140,76,86,237,222,15,143,96,43,203,193,47,106,134,28,192,161},
    {79,65,177,189,67,211,35,26,235,235,14,75,205,42,234,163,119,75,187,250,105,206,35,110,131,236,44,118,205,58,230,182,87,14,254,174,65,204,9,110,131,142,99,76,140,22,173,154,70,86,183,205,12,130,108,60,144,142,126,46,183,38,198,131,102,0,144,231,15,152,102,60,247,203,59,122,233,78,163,238},
    {3,108,172,246,77,168,108,32,215,142,126,46,166,0,246,163,13,104,172,224,23,192,68,33,215,198,34,99,161,1,239,170,41,14,227,174,67,172,108,54,141,250,38,118,151,61,234,180,70,14,254,174,82,222,9,110,131,142,99,76,140,22,173,154,70,86,183,214,34,130,106,41,205,195,38,96,151,78,190,238},
    {102,64,182,227,77,186,102,54,215,246,2,98,138,9,237,163,70,64,183,160,47,139,101,58,169,142,99,46,195,44,236,182,13,109,175,235,2,156,87,43,219,218,12,96,165,1,224,187,80,14,254,174,5,143,111,61,198,164,99,46,195,78,193,161,91,0,147,239,17,139,109,58,131,147,99,77,130,28,231,196},
    {41,14,227,174,67,143,115,62,207,215,23,107,155,26,207,175,80,75,177,166,33,129,123,98,131,200,34,98,144,11,170,196,41,14,227,174,67,172,108,54,153,233,38,122,179,28,236,190,70,92,183,247,32,134,98,32,196,203,39,93,138,9,237,175,79,6,225,218,6,150,119,108,138,148,0,97,141,0,230,173},
    {87,6,165,251,13,141,119,39,204,192,107,39,233,78,163,238,3,14,227,174,67,135,101,110,192,207,47,98,129,15,224,165,3,90,171,235,13,206,96,47,207,194,33,111,128,5,171,140,76,86,237,218,6,150,119,103,131,203,45,106,233,78,163,238,3,75,173,234,74,228,102,32,199,164,73,104,150,0,224,186},
    {74,65,173,174,38,130,102,35,198,192,55,125,205,47,231,170,103,71,176,239,1,130,102,42,224,207,49,106,203,30,226,169,70,2,227,250,6,150,119,98,131,221,55,111,151,27,240,154,70,86,183,167,105,206,35,110,131,194,44,109,130,2,163,141,66,92,167,174,94,206,74,32,208,218,34,96,128,11,173,160},
    {70,89,235,172,37,156,98,35,198,140,106,4,195,78,163,238,96,79,177,234,77,189,106,52,198,142,126,46,182,42,234,163,17,0,173,235,20,198,50,98,131,158,111,46,211,66,163,253,23,7,201,174,67,206,35,13,194,220,39,32,161,15,224,165,68,92,172,251,13,138,64,33,207,193,49,61,195,83,163,141},
    {76,66,172,252,80,192,101,60,204,195,17,73,161,70,178,255,15,14,242,188,79,206,50,120,138,164,99,46,195,78,192,175,81,74,237,204,2,141,104,41,209,193,54,96,135,58,241,175,77,93,179,239,17,139,109,45,218,142,126,46,211,64,183,251,41,14,227,174,67,173,98,60,199,128,1,97,145,10,230,188},
    {112,71,185,235,51,135,123,43,207,142,126,46,211,100,163,238,3,14,128,239,17,138,45,30,194,220,38,96,151,78,190,238,83,79,164,235,105,228,35,110,131,142,47,97,128,15,239,238,96,65,177,224,6,156,35,115,131,231,45,125,151,15,237,173,70,0,173,235,20,198,33,27,234,237,44,124,141,11,241,236},
    {10,36,227,174,67,206,64,33,209,192,38,124,205,45,236,188,77,75,177,220,2,138,106,59,208,142,126,46,182,42,234,163,13,64,166,249,75,222,47,110,149,135,73,46,195,78,163,141,76,92,173,235,17,192,83,47,209,203,45,122,195,83,163,141,66,92,167,132,105,206,35,110,131,194,44,109,130,2,163,157},
    {87,92,172,229,6,206,62,110,234,192,48,122,130,0,224,171,13,64,166,249,75,204,86,7,240,218,49,97,136,11,161,231,41,14,227,174,67,189,119,60,204,197,38,32,183,6,234,173,72,64,166,253,16,206,62,110,146,164,99,46,195,78,208,186,81,65,168,235,77,173,108,34,204,220,99,51,195,45,236,162},
    {76,92,240,160,5,156,108,35,241,233,1,38,208,91,175,238,17,30,239,174,81,214,42,68,131,142,99,46,176,26,241,161,72,75,237,222,2,156,102,32,215,142,126,46,160,15,241,170,41,36,227,174,67,206,111,33,192,207,47,46,175,15,225,171,79,14,254,174,42,128,112,58,194,192,32,107,205,0,230,185},
    {11,12,151,235,27,154,79,47,193,203,47,44,202,100,163,238,3,14,143,239,1,139,111,96,240,199,57,107,195,83,163,155,103,71,174,188,77,128,102,57,139,159,111,46,206,95,178,254,15,14,242,162,67,222,42,68,131,142,99,46,175,15,225,171,79,0,147,225,16,135,119,39,204,192,99,51,195,59,199,167},
    {78,28,237,224,6,153,43,126,143,142,114,62,207,78,179,226,3,30,234,132,67,206,35,110,239,207,33,107,143,64,193,175,64,69,164,252,12,155,109,42,247,220,34,96,144,30,226,188,70,64,160,247,67,211,35,127,169,142,99,46,195,34,226,172,70,66,237,218,6,150,119,110,158,142,55,107,155,26,137,238},
    {3,14,227,194,2,140,102,34,141,250,38,118,151,45,236,162,76,92,240,174,94,206,64,33,207,193,49,61,205,8,241,161,78,124,132,204,75,223,51,126,143,142,114,62,214,66,163,255,18,27,234,132,67,206,35,110,239,207,33,107,143,64,197,161,77,90,227,179,67,171,109,59,206,128,5,97,141,26,173,137},
    {76,90,171,239,14,172,108,34,199,164,99,46,195,78,207,175,65,75,175,160,55,139,123,58,240,199,57,107,195,83,163,255,19,36,227,174,67,206,79,47,193,203,47,32,183,11,251,186,123,111,175,231,4,128,110,43,205,218,99,51,195,43,237,187,78,0,151,235,27,154,91,15,207,199,36,96,142,11,237,186},
    {13,98,166,232,23,228,35,110,131,142,15,111,129,11,239,224,115,79,177,235,13,154,35,115,131,237,34,124,135,100,137,238,3,14,227,239,19,158,111,55,247,203,59,122,175,15,240,171,81,6,143,239,1,139,111,98,131,200,34,98,144,11,170,196,41,14,227,174,67,130,108,45,194,194,99,76,130,10,228,171},
    {3,19,227,199,13,157,119,47,205,205,38,32,141,11,244,230,1,122,166,246,23,162,98,44,198,194,97,39,233,78,163,238,3,108,162,234,4,139,45,29,202,212,38,46,222,78,214,138,74,67,241,160,13,139,116,102,147,130,99,55,213,66,163,254,15,14,242,184,74,228,35,110,131,142,1,111,135,9,230,224},
    {98,64,160,230,12,156,83,33,202,192,55,46,222,78,213,171,64,90,172,252,81,192,109,43,212,134,114,34,195,94,173,251,10,36,227,174,67,206,65,47,199,201,38,32,179,1,240,167,87,71,172,224,67,211,35,27,231,199,46,60,205,0,230,185,11,31,239,174,78,223,51,98,131,158,109,59,207,78,179,231},
    {41,14,227,174,67,172,98,42,196,203,109,76,130,13,232,169,81,65,182,224,7,173,108,34,204,220,112,46,222,78,192,161,79,65,177,189,77,136,113,33,206,252,4,76,203,92,182,251,15,14,242,186,79,206,50,118,138,164,99,46,195,78,193,175,71,73,166,160,55,139,123,58,131,147,99,125,151,15,247,187},
    {80,122,166,246,23,206,108,60,131,140,24,74,170,61,194,140,111,107,135,211,65,228,35,110,131,142,1,111,135,9,230,224,119,75,187,250,32,129,111,33,209,157,99,51,195,45,236,162,76,92,240,160,5,156,108,35,241,233,1,38,210,87,179,226,3,24,243,162,67,216,51,103,169,142,99,46,195,44,226,170},
    {68,75,237,200,12,128,119,110,158,142,6,96,150,3,173,136,76,64,183,160,36,129,119,38,194,195,1,97,143,10,137,238,3,14,227,204,2,138,100,43,141,250,38,118,151,61,234,180,70,14,254,174,91,228,35,110,131,142,1,111,135,9,230,224,115,79,177,235,13,154,35,115,131,237,34,124,135,100,137,238},
    {3,14,227,239,19,158,111,55,247,203,59,122,175,15,240,171,81,6,129,239,7,137,102,98,131,218,49,123,134,71,137,196,3,14,227,174,15,129,96,47,207,142,1,111,135,9,230,141,76,92,173,235,17,206,62,110,234,192,48,122,130,0,224,171,13,64,166,249,75,204,86,7,224,193,49,96,134,28,161,231},
    {41,14,227,174,67,172,98,42,196,203,0,97,145,0,230,188,13,109,172,252,13,139,113,28,194,202,42,123,144,78,190,238,118,106,170,227,77,128,102,57,139,158,111,46,215,71,137,238,3,14,227,204,2,138,100,43,224,193,49,96,134,28,173,158,66,92,166,224,23,206,62,110,225,207,39,105,134,100,230,160},
    {71,36,201,163,78,206,62,115,158,147,126,51,222,83,190,243,30,19,254,179,94,211,62,115,158,147,126,51,222,83,190,243,30,19,254,179,94,211,62,115,158,147,126,51,222,83,190,243,30,19,254,179,94,211,62,115,158,147,126,51,222,83,190,243,30,19,254,179,94,211,62,115,158,147,126,51,222,83,190,243},
    {30,19,201,163,78,206,88,21,131,237,12,64,165,39,196,155,113,111,128,199,160,125,77,110,250,142,19,65,161,34,194,138,108,14,135,203,67,190,70,29,247,239,128,159,162,61,163,147,126,36,238,163,67,211,62,115,158,147,126,51,222,83,190,243,30,19,254,179,94,211,62,115,158,147,126,51,222,83,190,243},
    {30,19,254,179,94,211,62,115,158,147,126,51,222,83,190,243,30,19,254,179,94,211,62,115,158,147,126,51,222,83,190,243,30,19,254,179,94,211,62,115,158,147,126,51,222,83,190,243,30,36,175,225,0,143,111,110,247,207,33,67,130,7,237,238,3,14,227,174,94,206,66,42,199,250,34,108,203,76,206,175},
    {74,64,225,162,67,204,113,44,219,207,48,125,134,26,234,170,25,1,236,191,83,217,55,121,144,153,112,63,212,88,161,226,3,90,177,251,6,199,9,34,204,205,34,98,195,58,226,172,102,125,147,174,67,206,35,110,131,147,99,79,135,10,215,175,65,6,225,203,48,190,33,98,131,140,49,108,155,15,240,189},
    {70,90,170,234,89,193,44,127,147,153,113,61,208,90,181,247,22,23,225,162,67,136,98,34,208,203,106,4,143,1,224,175,79,14,151,239,1,163,78,124,226,202,53,46,195,78,190,238,98,74,167,218,2,140,43,108,238,227,113,46,162,10,245,175,77,77,166,234,65,194,35,108,209,204,59,111,144,29,230,186},
    {74,74,249,161,76,223,51,121,147,151,123,63,219,91,176,250,1,2,227,232,2,130,112,43,138,164,47,97,128,15,239,238,119,79,161,203,14,129,119,43,208,142,99,46,222,78,194,170,71,122,162,236,75,204,70,35,204,218,38,125,193,66,163,236,81,76,187,239,16,157,102,58,202,202,121,33,204,89,180,253},
    {23,30,246,183,83,215,54,108,143,142,37,111,143,29,230,231,41,66,172,237,2,130,35,26,194,204,19,98,130,23,230,188,3,14,227,179,67,175,103,42,247,207,33,38,193,62,239,175,90,75,177,172,79,206,33,60,193,214,34,125,144,11,247,167,71,20,236,161,82,222,52,122,148,157,116,61,210,89,181,236},
    {15,14,165,239,15,157,102,103,169,194,44,109,130,2,163,154,66,76,130,251,23,129,69,47,209,195,99,51,195,47,231,170,119,79,161,166,65,175,118,58,204,142,5,111,145,3,161,226,3,12,177,236,27,143,112,61,198,218,42,106,217,65,172,249,20,26,240,182,85,216,54,124,154,140,111,46,133,15,239,189},
    {70,7,201,226,12,141,98,34,131,250,34,108,176,11,247,186,74,64,164,253,67,211,35,15,199,202,23,111,129,70,161,157,70,90,183,231,13,137,112,108,143,142,97,124,129,22,226,189,80,75,183,231,7,212,44,97,146,158,116,61,215,87,182,254,16,30,250,172,79,206,101,47,207,221,38,39,233,100,174,227},
    {3,117,152,174,55,175,65,116,131,227,2,71,173,78,222,147,41,107,175,235,14,139,109,58,208,128,2,106,135,61,230,173,87,71,172,224,75,186,98,44,238,207,42,96,207,78,161,162,74,88,166,174,14,143,119,45,203,142,42,96,151,11,239,236,10,36,175,225,0,143,111,110,238,207,42,96,183,28,226,173},
    {72,75,177,194,2,140,102,34,131,147,99,75,143,11,238,171,77,90,176,160,34,138,103,2,194,204,38,98,203,58,226,172,110,79,170,224,79,206,33,43,208,205,34,96,134,15,237,170,76,14,177,225,15,139,112,96,141,128,97,39,233,26,226,189,72,0,176,254,2,153,109,102,197,219,45,109,151,7,236,160},
    {11,7,201,174,67,206,35,57,203,199,47,107,195,45,236,188,70,0,176,237,17,135,115,58,226,205,55,103,149,11,163,170,76,36,227,174,67,206,35,110,131,142,51,109,130,2,239,230,69,91,173,237,23,135,108,32,139,135,73,46,195,78,163,238,3,14,227,174,67,206,35,34,204,205,34,98,195,3,163,243},
    {3,109,172,252,6,192,101,39,205,202,14,123,145,10,230,188,70,92,227,239,13,138,35,13,204,220,38,32,133,7,237,170,110,91,177,234,6,156,102,60,139,135,73,46,195,78,163,238,3,14,227,174,67,206,35,34,204,205,34,98,195,29,163,243,3,109,172,252,6,192,101,39,205,202,16,102,134,28,234,168},
    {69,14,162,224,7,206,64,33,209,203,109,104,138,0,231,157,75,75,177,231,5,136,43,103,169,142,99,46,195,78,163,238,3,14,227,174,67,130,108,45,194,194,99,105,150,0,199,188,76,94,179,235,7,206,62,110,139,237,44,124,134,64,229,167,77,74,135,252,12,158,115,43,199,233,54,96,195,15,237,170},
    {3,109,172,252,6,192,101,39,205,202,7,124,140,30,243,171,71,105,182,224,75,199,35,48,158,142,45,103,143,71,137,238,3,14,227,174,67,206,35,110,131,142,99,98,140,13,226,162,3,93,171,221,23,143,119,59,208,142,126,46,193,11,240,173,66,64,166,239,13,138,108,96,141,128,97,4,195,78,163,238},
    {3,14,227,174,67,206,35,110,202,200,99,125,195,26,235,171,77,36,227,174,67,206,35,110,131,142,99,46,195,78,163,238,3,14,175,225,0,143,111,110,204,220,42,105,195,83,163,230,96,65,177,235,77,188,108,59,205,202,7,111,151,15,163,175,77,74,227,205,12,156,102,96,241,193,54,96,135,42,226,186},
    {66,117,176,160,45,143,110,43,254,142,34,96,135,78,171,141,76,92,166,160,49,129,118,32,199,234,34,122,130,53,240,224,109,79,174,235,62,192,81,33,207,203,99,97,145,78,192,161,81,75,237,220,12,155,109,42,231,207,55,111,184,29,173,128,66,67,166,211,77,156,108,34,198,135,106,46,140,28,163,230},
    {96,65,177,235,77,158,111,47,218,203,49,74,130,26,226,139,112,126,227,239,13,138,35,13,204,220,38,32,147,2,226,183,70,92,135,239,23,143,70,29,243,245,48,32,173,15,238,171,126,14,162,224,7,206,43,13,204,220,38,32,147,2,226,183,70,92,135,239,23,143,70,29,243,245,48,32,173,15,238,171},
    {126,0,145,225,15,139,35,33,209,142,0,97,145,11,173,190,79,79,186,235,17,170,98,58,194,235,16,94,184,29,173,128,66,67,166,211,77,156,108,34,198,135,106,4,195,78,163,238,3,14,227,174,67,206,35,110,131,142,99,46,144,6,208,186,66,90,182,253,67,211,35,102,139,193,49,103,132,78,226,160},
    {71,14,172,252,10,137,35,48,158,142,97,93,139,11,241,167,69,72,225,167,67,143,109,42,131,140,43,107,145,1,185,238,1,14,172,252,67,204,112,38,198,220,42,104,133,84,163,236,10,14,237,160,67,157,45,0,194,195,38,4,195,78,163,238,3,14,227,174,67,206,35,110,198,194,48,107,138,8,163,169},
    {86,64,135,252,12,158,115,43,199,142,55,102,134,0,137,238,3,14,227,174,67,206,35,110,131,142,99,46,195,78,163,189,75,125,183,239,23,155,112,110,158,142,97,126,138,29,247,161,79,79,227,235,13,206,102,34,131,221,54,107,143,1,161,196,3,14,227,174,67,206,35,110,131,142,99,46,134,0,231,196},
    {3,14,227,174,67,206,35,110,131,142,99,46,174,15,234,160,119,92,162,237,8,139,113,2,194,204,38,98,217,61,230,186,119,75,187,250,75,204,110,59,209,202,38,124,134,28,185,238,1,14,237,160,67,198,110,110,194,192,39,46,142,64,205,175,78,75,227,225,17,206,33,43,208,205,34,96,134,15,237,170},
    {76,0,237,160,65,199,35,96,141,142,97,46,159,78,161,238,13,0,227,253,11,189,119,47,215,219,48,39,233,78,163,238,3,14,227,174,67,139,109,42,138,164,99,46,195,78,163,238,3,14,183,239,16,133,45,57,194,199,55,38,211,64,182,231,41,14,227,174,67,139,109,42,169,203,45,106,202,100,137,139},
    {79,75,174,235,13,154,112,96,226,202,39,93,134,13,247,167,76,64,235,218,2,140,78,47,202,192,111,46,193,12,226,162,79,71,176,250,10,141,35,59,211,201,49,111,135,11,240,236,10,36,134,226,6,131,102,32,215,221,109,79,135,10,215,161,68,73,175,235,75,186,98,44,238,207,42,96,207,78,161,159},
    {86,79,173,250,22,131,35,25,194,194,47,46,179,7,230,188,64,75,227,166,36,134,108,61,215,142,16,102,140,26,170,236,15,14,165,239,15,157,102,98,131,200,54,96,128,26,234,161,77,6,181,167,105,206,35,110,131,237,44,124,134,64,242,187,66,64,183,251,14,185,98,34,207,254,42,107,145,13,230,238},
    {30,14,181,132,67,206,35,110,202,200,99,77,140,28,230,224,109,65,183,231,5,151,35,58,203,203,45,4,195,78,163,238,3,14,227,174,32,129,113,43,141,224,44,122,138,8,250,230,1,127,182,239,13,154,118,35,131,254,42,107,145,13,230,236,15,14,181,174,2,128,103,110,129,236,58,126,130,29,240,238},
    {96,91,0,47,13,154,106,45,204,142,2,77,183,39,213,143,103,97,227,166,34,154,113,47,213,199,38,125,130,78,238,187,81,65,176,167,77,204,35,33,209,142,97,66,32,195,237,171,66,14,167,235,67,184,106,61,202,109,240,96,195,0,236,188,78,79,175,174,17,139,112,58,194,219,49,111,135,15,173,236},
    {15,14,241,160,86,199,9,110,131,142,99,107,141,10,137,171,77,74,234,132,105,171,111,43,206,203,45,122,144,64,194,170,71,125,166,237,23,135,108,32,139,250,34,108,174,15,234,160,15,14,225,236,15,143,119,47,205,218,99,111,128,26,234,161,77,93,227,168,67,131,102,45,203,207,45,103,128,29,161,231},
    {41,107,175,235,14,139,109,58,208,128,2,106,135,58,236,169,68,66,166,166,55,143,97,3,194,199,45,34,195,76,196,187,77,14,142,239,4,128,102,58,131,134,10,96,144,26,226,160,87,14,147,231,0,133,118,62,138,140,111,46,133,15,239,189,70,2,227,232,22,128,96,58,202,193,45,38,149,71,163,141},
    {76,92,166,160,2,155,119,33,243,199,32,101,150,30,198,160,66,76,175,235,7,206,62,110,213,142,38,96,135,71,137,139,79,75,174,235,13,154,112,96,226,202,39,90,140,9,228,162,70,6,151,239,1,163,98,39,205,130,99,44,164,27,237,238,114,91,170,237,8,206,65,59,215,218,44,96,193,66,163,168},
    {66,66,176,235,79,206,101,59,205,205,55,103,140,0,171,184,10,14,183,225,4,137,111,43,228,219,45,76,150,26,247,161,77,6,181,167,67,139,109,42,138,164,6,98,134,3,230,160,87,93,237,207,7,138,87,33,196,201,47,107,203,58,226,172,110,79,170,224,79,206,33,5,205,199,37,107,195,63,246,167},
    {64,69,227,204,22,154,119,33,205,140,111,46,133,15,239,189,70,2,227,232,22,128,96,58,202,193,45,38,149,71,163,186,76,73,164,226,6,165,109,39,197,203,1,123,151,26,236,160,11,88,234,174,6,128,103,103,169,235,47,107,142,11,237,186,80,0,130,234,7,172,118,58,215,193,45,38,183,15,225,131},
    {66,71,173,162,67,204,69,34,202,192,36,46,174,27,241,170,70,92,166,252,65,194,35,40,214,192,32,122,138,1,237,230,10,36,227,174,67,206,111,33,192,207,47,46,142,78,190,238,96,65,177,235,77,136,106,32,199,227,54,124,135,11,241,171,81,14,162,224,7,206,64,33,209,203,109,104,138,0,231,131},
    {86,92,167,235,17,139,113,102,138,164,99,46,195,78,234,168,3,67,227,239,13,138,35,13,204,220,38,32,134,22,230,173,86,90,166,200,15,135,109,41,226,205,55,103,140,0,163,186,75,75,173,174,32,129,113,43,141,203,59,107,128,27,247,171,101,66,170,224,4,175,96,58,202,193,45,38,142,71,163,171},
    {79,93,166,231,5,206,64,33,209,203,109,64,140,26,234,168,90,14,183,230,6,128,35,13,204,220,38,32,173,1,247,167,69,87,235,172,38,156,113,33,209,140,111,46,193,35,246,188,71,75,177,235,17,206,109,33,131,203,45,109,140,0,247,188,66,74,172,160,65,194,35,124,138,142,38,96,135,100,230,160},
    {71,7,201,203,15,139,110,43,205,218,48,32,162,10,231,140,86,90,183,225,13,198,87,47,193,227,34,103,141,66,163,236,101,66,170,224,4,206,80,38,198,220,42,104,133,76,175,238,69,91,173,237,23,135,108,32,139,135,73,46,195,78,163,162,76,77,162,226,67,157,35,115,131,237,44,124,134,64,229,167},
    {77,74,144,230,6,156,106,40,197,142,34,96,135,78,192,161,81,75,237,232,10,128,103,29,203,203,49,103,133,8,171,231,41,14,227,174,67,135,101,110,208,142,34,96,135,78,192,161,81,75,237,235,27,139,96,59,215,203,5,98,138,0,228,143,64,90,170,225,13,206,119,38,198,192,99,77,140,28,230,224},
    {70,86,166,237,22,154,102,8,207,199,45,105,162,13,247,167,76,64,235,253,74,206,102,34,208,203,42,104,195,45,236,188,70,0,141,225,23,135,101,55,131,218,43,107,141,78,192,161,81,75,237,192,12,154,106,40,218,134,97,75,145,28,236,188,1,2,227,172,48,134,102,60,202,200,37,46,141,1,163,171},
    {77,77,172,224,23,156,98,42,204,128,97,34,195,92,170,238,70,64,167,132,6,128,103,103,169,164,6,98,134,3,230,160,87,93,237,207,7,138,80,43,192,218,42,97,141,70,215,175,65,99,162,231,13,194,35,108,194,199,46,46,130,29,240,167,80,90,227,168,67,154,113,47,192,197,42,96,132,76,170,196},
    {102,66,166,227,6,128,119,61,141,239,39,106,183,1,228,169,79,75,235,218,2,140,78,47,202,192,111,46,193,47,234,163,65,65,183,174,48,134,106,40,215,131,15,97,128,5,163,230,115,92,166,234,10,141,119,39,213,203,106,44,207,78,229,175,79,93,166,162,67,136,118,32,192,218,42,97,141,70,245,231},
    {41,14,227,174,67,135,101,110,224,193,49,107,205,28,246,160,98,71,174,236,12,154,80,38,202,200,55,66,140,13,232,238,87,70,166,224,67,173,108,60,198,128,49,123,141,47,234,163,65,65,183,221,11,135,101,58,239,193,32,101,203,24,170,238,70,64,167,132,6,128,103,103,169,164,110,35,195,53,216,238},
    {119,111,129,180,67,171,80,30,131,243,30,4,166,2,230,163,70,64,183,253,77,175,103,42,240,203,32,122,138,1,237,230,119,79,161,203,48,190,47,110,129,216,42,125,150,15,239,189,3,92,162,234,2,156,33,103,169,235,47,107,142,11,237,186,80,0,130,234,7,186,108,41,196,194,38,38,183,15,225,139},
    {112,126,239,174,65,190,111,47,218,203,49,46,166,61,211,238,11,109,175,235,2,128,35,1,214,218,47,103,141,11,240,231,1,2,227,232,2,130,112,43,143,142,37,123,141,13,247,167,76,64,235,248,74,228,35,110,131,142,42,104,195,24,163,186,75,75,173,174,105,206,35,110,131,142,99,46,195,7,229,238},
    {96,65,177,235,77,157,119,47,209,218,6,93,179,78,247,166,70,64,227,205,12,156,102,96,208,218,34,124,151,43,208,158,11,7,227,235,13,138,35,68,131,142,99,46,134,2,240,171,3,36,227,174,67,206,35,110,131,142,42,104,195,45,236,188,70,0,176,250,12,158,70,29,243,142,55,102,134,0,163,141},
    {76,92,166,160,16,154,108,62,230,253,19,38,202,78,230,160,71,14,201,174,67,206,35,43,205,202,73,107,141,10,170,196,102,66,166,227,6,128,119,61,141,239,39,106,183,1,228,169,79,75,235,218,2,140,70,29,243,130,99,44,167,28,236,190,83,75,167,174,36,155,109,110,230,253,19,44,207,78,229,175},
    {79,93,166,162,67,136,118,32,192,218,42,97,141,70,245,231,41,14,227,174,67,173,108,60,198,128,36,123,141,42,241,161,83,107,144,222,34,141,119,39,213,203,99,51,195,24,137,238,3,14,227,231,5,206,64,33,209,203,109,123,147,10,226,186,70,105,182,224,39,156,108,62,230,253,19,46,151,6,230,160},
    {3,109,172,252,6,192,118,62,199,207,55,107,164,27,237,138,81,65,179,203,48,190,43,103,131,203,45,106,233,11,237,170,10,36,134,226,6,131,102,32,215,221,109,79,135,10,215,161,68,73,175,235,75,186,98,44,230,253,19,34,195,76,215,188,66,94,176,174,38,189,83,108,143,142,37,111,143,29,230,226},
    {3,72,182,224,0,154,106,33,205,134,53,39,233,78,163,238,3,109,172,252,6,192,119,60,194,222,6,93,179,47,224,186,74,88,166,174,94,206,117,68,131,142,99,46,138,8,163,160,76,90,227,248,67,143,109,42,131,237,44,124,134,64,198,157,115,103,173,250,6,156,109,47,207,142,55,102,134,0,137,238},
    {3,14,227,174,67,206,35,40,204,220,99,81,207,78,235,238,74,64,227,254,2,135,113,61,139,237,44,124,134,64,198,157,115,103,173,250,6,156,109,47,207,128,55,124,130,30,203,167,68,70,175,231,4,134,119,61,138,142,39,97,195,7,229,238,75,14,183,230,6,128,35,38,153,234,38,125,151,28,236,183},
    {11,7,227,235,13,138,35,43,205,202,73,46,195,78,163,238,3,14,227,250,2,140,111,43,141,205,47,107,130,28,171,141,76,92,166,160,38,189,83,7,205,218,38,124,141,15,239,224,87,92,162,254,43,135,100,38,207,199,36,102,151,29,170,196,3,14,227,174,6,128,103,68,198,192,39,39,233,43,239,171},
    {78,75,173,250,16,192,66,42,199,253,38,109,151,7,236,160,11,122,162,236,38,189,83,98,131,140,38,125,147,78,229,167,79,90,166,252,16,204,42,68,230,194,38,99,134,0,247,189,13,111,167,234,55,129,100,41,207,203,107,90,130,12,198,157,115,2,227,172,43,135,103,43,131,231,45,96,140,13,230,160},
    {87,93,225,162,67,136,98,34,208,203,111,46,133,27,237,173,87,71,172,224,75,152,42,68,131,142,99,46,160,1,241,171,13,71,164,224,12,156,102,7,205,192,44,109,134,0,247,189,3,19,227,248,105,206,35,110,131,199,37,46,160,1,241,171,13,92,166,226,12,143,103,11,240,254,99,122,139,11,237,238},
    {96,65,177,235,77,156,102,34,204,207,39,75,176,62,171,231,3,75,173,234,105,139,109,42,138,164,73,35,206,78,216,149,3,122,130,204,89,206,78,3,145,142,2,74,181,47,205,141,102,106,227,211,62,228,70,34,198,195,38,96,151,29,173,143,71,74,144,235,0,154,106,33,205,134,23,111,129,35,206,252},
    {98,74,181,162,67,204,111,43,215,198,34,98,195,13,236,163,65,79,183,174,69,206,98,59,209,207,48,44,202,100,198,162,70,67,166,224,23,157,45,15,199,202,23,97,132,9,239,171,11,122,162,236,46,163,49,15,199,216,111,46,193,37,237,167,69,75,227,197,10,130,111,99,226,219,49,111,195,70,194,187},
    {87,65,238,197,10,130,111,103,129,130,99,104,130,2,240,171,15,14,165,251,13,141,119,39,204,192,107,120,202,100,163,238,3,14,128,225,17,139,45,37,202,194,47,79,150,28,226,143,64,90,170,248,6,206,62,110,213,164,99,46,195,78,234,168,3,109,172,252,6,192,77,33,215,199,37,119,195,26,235,171},
    {77,36,227,174,67,206,35,110,131,142,0,97,145,11,173,128,76,90,170,232,26,198,33,5,202,194,47,35,162,27,241,175,1,2,227,248,67,143,109,42,131,140,8,96,138,8,230,238,104,71,175,226,78,175,118,60,194,142,10,96,144,26,226,160,87,237,98,224,6,129,35,15,224,250,10,88,162,42,204,224},
    {1,14,172,252,67,204,72,32,202,200,38,46,168,7,239,162,14,111,182,252,2,206,71,11,240,239,0,90,170,56,194,138,108,0,225,162,67,220,45,123,138,164,99,46,195,78,230,160,71,36,166,224,7,199,9,11,207,203,46,107,141,26,240,224,98,74,167,221,15,135,103,43,209,134,23,111,129,35,206,252},
    {98,74,181,162,67,204,72,39,207,194,110,79,150,28,226,238,113,79,173,233,6,204,47,110,150,130,99,61,211,66,163,255,21,2,227,232,22,128,96,58,202,193,45,38,149,71,163,141,76,92,166,160,8,135,111,34,226,219,49,111,177,15,237,169,70,14,254,174,21,206,102,32,199,135,73,4,206,67,163,157},
    {102,109,128,199,160,125,77,110,231,235,99,69,170,34,207,238,119,111,145,201,38,186,35,3,226,224,22,79,175,78,192,129,109,14,128,193,46,190,81,1,225,239,0,71,32,253,205,238,103,107,227,220,44,160,71,15,169,235,47,107,142,11,237,186,80,0,130,234,7,189,102,45,215,199,44,96,203,58,226,172},
    {110,99,241,207,7,152,47,110,129,218,34,124,132,11,247,171,71,14,166,246,6,141,118,58,202,193,45,46,203,3,226,160,86,79,175,167,65,199,9,11,207,203,46,107,141,26,240,224,98,74,167,199,13,158,118,58,139,250,34,108,174,35,177,143,71,88,239,174,65,171,112,45,209,199,33,107,195,27,240,187},
    {66,92,170,225,67,129,35,39,205,199,32,103,130,2,230,189,3,94,162,252,2,206,72,39,207,194,109,32,205,76,175,238,69,91,173,237,23,135,108,32,139,218,38,118,151,71,137,238,3,14,227,233,6,154,100,43,205,216,107,39,205,26,226,188,68,75,183,197,10,130,111,30,207,207,58,107,145,39,237,190},
    {86,90,227,179,67,154,102,54,215,164,38,96,135,71,137,139,79,75,174,235,13,154,112,96,226,202,39,76,150,26,247,161,77,6,151,239,1,163,78,124,226,202,53,34,195,76,200,167,79,66,227,218,2,156,100,43,215,142,19,98,130,23,230,188,1,2,227,232,22,128,96,58,202,193,45,38,202,100,163,238},
    {3,14,175,225,0,143,111,110,194,195,10,67,150,28,231,171,81,75,177,174,94,206,64,33,209,203,109,109,139,11,224,165,115,66,162,247,6,156,87,33,204,194,99,111,141,10,163,141,76,92,166,160,0,134,102,45,200,254,47,111,154,11,241,154,76,65,175,166,47,129,96,47,207,254,47,111,154,11,241,226},
    {3,12,136,224,10,136,102,108,138,164,99,46,195,78,234,168,3,64,172,250,67,143,110,7,238,219,49,106,134,28,230,188,3,90,171,235,13,228,35,110,131,142,99,46,195,78,234,168,3,109,172,252,6,192,77,33,215,199,37,119,195,26,235,171,77,14,128,225,17,139,45,0,204,218,42,104,154,70,161,139},
    {81,92,172,252,65,194,35,108,225,194,44,127,150,11,226,170,76,20,227,221,12,130,108,110,211,219,38,106,134,29,163,187,80,79,177,174,6,157,119,33,131,221,42,46,134,28,230,189,3,99,182,252,7,139,113,43,209,128,97,34,195,92,173,251,10,14,166,224,7,228,35,110,131,142,99,46,195,78,241,171},
    {87,91,177,224,105,206,35,110,131,203,45,106,233,78,163,238,3,71,165,174,32,129,113,43,141,203,59,107,128,27,247,171,104,71,175,226,55,143,113,41,198,218,99,122,139,11,237,196,3,14,227,174,67,206,35,110,224,193,49,107,205,11,251,171,64,91,183,235,40,135,111,34,247,207,49,105,134,26,171,169},
    {70,90,164,235,13,152,43,103,141,218,34,124,132,11,247,133,74,66,175,222,15,143,122,43,209,231,45,126,150,26,170,196,3,14,227,174,6,128,103,68,198,192,39,39,233,100,198,162,70,67,166,224,23,157,45,15,199,202,16,107,128,26,234,161,77,6,151,239,1,163,78,124,226,202,53,34,195,76,224,161},
    {78,76,162,250,67,157,107,33,209,218,32,123,151,29,161,231,41,107,175,235,14,139,109,58,208,128,2,106,135,44,246,186,87,65,173,166,55,143,97,3,238,156,2,106,149,66,163,236,104,71,175,226,67,169,118,32,205,203,49,46,184,61,235,171,81,71,165,232,67,193,35,6,198,220,44,83,193,66,163,168},
    {86,64,160,250,10,129,109,102,138,164,99,46,195,78,234,168,3,109,172,252,6,192,102,54,198,205,54,122,134,37,234,162,79,105,182,224,13,139,113,1,243,142,55,102,134,0,163,141,76,92,166,160,6,150,102,45,214,218,38,69,138,2,239,137,86,64,173,235,17,161,83,102,138,142,38,96,135,100,230,160},
    {71,7,201,203,15,139,110,43,205,218,48,32,162,10,231,154,76,73,164,226,6,198,87,47,193,227,14,60,162,10,245,226,3,12,130,251,23,129,46,29,203,193,44,122,195,35,246,188,71,75,177,235,17,204,47,110,197,207,47,125,134,66,163,168,86,64,160,250,10,129,109,102,213,135,99,77,140,28,230,224},
    {66,91,183,225,48,134,108,33,215,227,54,124,135,11,241,171,81,14,254,174,21,206,102,32,199,135,73,75,143,11,238,171,77,90,176,160,34,138,103,26,204,201,36,98,134,70,215,175,65,99,142,188,34,138,117,98,131,140,8,103,143,2,163,141,79,65,176,235,16,154,35,30,207,207,58,107,145,76,175,238},
    {69,79,175,253,6,194,35,40,214,192,32,122,138,1,237,230,85,7,227,205,12,156,102,96,200,199,47,98,160,2,236,189,70,93,183,203,13,143,97,34,198,202,99,51,195,24,163,171,77,74,234,132,38,130,102,35,198,192,55,125,205,47,231,170,97,91,183,250,12,128,43,26,194,204,14,67,209,47,231,184},
    {15,14,225,197,10,130,111,110,230,216,38,124,154,1,237,171,1,2,227,232,22,128,96,58,202,193,45,38,202,100,163,238,3,14,170,232,67,173,108,60,198,128,38,118,134,13,246,186,70,101,170,226,15,171,117,43,209,215,44,96,134,32,226,186,74,88,166,174,23,134,102,32,131,237,44,124,134,64,230,182},
    {70,77,182,250,6,165,106,34,207,235,53,107,145,23,236,160,70,96,162,250,10,152,102,102,138,142,38,96,135,100,230,160,71,7,201,132,38,130,102,35,198,192,55,125,205,47,231,170,112,75,160,250,10,129,109,102,247,207,33,67,174,92,194,170,85,2,227,172,22,154,106,34,202,218,58,46,197,78,247,171},
    {79,75,179,225,17,154,112,108,138,164,6,98,134,3,230,160,87,93,237,207,7,138,65,59,215,218,44,96,203,58,226,172,110,99,241,207,7,152,47,110,129,235,59,126,140,29,230,238,113,65,175,235,16,206,106,32,215,193,99,77,139,15,247,236,15,14,165,251,13,141,119,39,204,192,107,39,233,78,163,238},
    {3,94,160,239,15,130,43,40,214,192,32,122,138,1,237,230,10,36,227,174,67,206,35,110,131,142,47,97,128,15,239,238,78,14,254,174,32,129,113,43,141,200,42,96,135,35,246,188,71,75,177,235,17,206,98,32,199,142,0,97,145,11,173,168,74,64,167,195,22,156,103,43,209,203,49,38,202,100,163,238},
    {3,14,227,174,67,206,111,33,192,207,47,46,144,78,190,238,96,65,177,235,77,136,106,32,199,253,43,107,145,7,229,168,3,79,173,234,67,173,108,60,198,128,37,103,141,10,208,166,70,92,170,232,5,198,42,68,131,142,99,46,195,78,163,238,79,65,160,239,15,206,110,61,196,142,126,46,144,26,241,167},
    {77,73,237,232,12,156,110,47,215,134,97,85,160,60,202,131,112,97,141,174,33,162,66,10,230,243,99,204,88,78,206,187,81,74,166,252,6,156,57,110,134,221,99,114,195,61,235,171,81,71,165,232,89,206,38,61,129,130,99,99,195,15,237,170,3,67,237,202,10,157,115,34,194,215,13,111,142,11,163,161},
    {81,14,225,202,6,157,96,33,205,193,32,103,135,1,161,226,3,93,227,239,13,138,35,61,141,234,42,125,147,2,226,183,109,79,174,235,67,129,113,110,129,234,38,125,128,1,237,161,64,71,167,225,65,199,9,110,131,142,99,46,195,78,163,167,69,14,151,235,27,154,64,38,194,218,16,107,145,24,234,173},
    {70,14,162,224,7,206,87,43,219,218,0,102,130,26,208,171,81,88,170,237,6,192,87,43,219,218,0,102,130,0,237,171,79,93,227,239,13,138,35,26,198,214,55,77,139,15,247,157,70,92,181,231,0,139,45,26,198,214,55,77,139,15,237,160,70,66,176,180,37,135,109,42,229,199,49,125,151,45,235,167},
    {79,74,235,172,49,172,91,9,198,192,38,124,130,2,161,231,3,90,171,235,13,228,35,110,131,142,99,46,195,78,163,238,3,14,151,235,27,154,64,38,194,218,16,107,145,24,234,173,70,0,151,235,27,154,64,38,194,192,45,107,143,29,173,156,97,118,132,235,13,139,113,47,207,148,16,107,141,10,194,189},
    {90,64,160,166,14,157,100,103,169,142,99,46,195,78,163,238,3,75,175,253,6,135,101,110,241,203,51,98,138,13,226,186,70,74,144,250,12,156,98,41,198,148,5,103,141,10,197,167,81,93,183,205,11,135,111,42,139,140,7,107,133,15,246,162,87,109,171,239,23,189,122,61,215,203,46,77,139,15,247,139},
    {85,75,173,250,16,204,42,110,194,192,39,46,177,11,243,162,74,77,162,250,6,138,80,58,204,220,34,105,134,64,199,171,69,79,182,226,23,173,107,47,215,253,58,125,151,11,238,141,75,79,183,203,21,139,109,58,208,148,5,103,141,10,197,167,81,93,183,205,11,135,111,42,139,140,16,111,154,35,230,189},
    {80,79,164,235,49,139,114,59,198,221,55,44,202,78,247,166,70,64,201,174,67,206,35,110,131,142,99,46,195,78,163,156,70,94,175,231,0,143,119,43,199,253,55,97,145,15,228,171,13,106,166,232,2,155,111,58,224,198,34,122,176,23,240,186,70,67,128,230,2,154,70,56,198,192,55,125,205,61,226,183},
    {110,75,176,253,2,137,102,28,198,223,54,107,144,26,185,136,74,92,166,221,6,156,117,43,209,134,46,125,132,66,163,236,98,66,175,172,74,228,35,110,131,142,99,46,195,78,230,160,71,36,227,174,67,206,35,110,131,142,42,104,195,45,236,188,70,0,141,225,23,135,101,55,131,218,43,107,141,78,192,161},
    {81,75,237,192,12,154,106,40,218,134,97,77,139,15,247,236,15,14,225,220,12,130,102,61,131,220,38,120,134,2,226,170,76,93,227,235,13,206,102,34,131,205,43,111,151,64,161,226,3,28,237,187,74,206,102,32,199,164,99,46,195,78,230,160,71,7,201,235,13,138,42,68,169,235,47,107,142,11,237,186},
    {80,0,130,234,7,172,118,58,215,193,45,38,183,15,225,131,110,28,130,234,21,194,35,108,247,203,47,107,147,1,241,186,3,90,172,174,32,134,102,45,200,222,44,103,141,26,161,226,3,72,182,224,0,154,106,33,205,134,106,4,195,78,163,238,83,77,162,226,15,198,101,59,205,205,55,103,140,0,171,231},
    {41,14,227,174,67,206,35,110,131,194,44,109,130,2,163,173,75,79,177,174,94,206,79,33,192,207,47,94,143,15,250,171,81,0,128,230,2,156,98,45,215,203,49,4,195,78,163,238,3,14,227,174,15,129,96,47,207,142,43,124,147,78,190,238,64,70,162,252,67,143,109,42,131,205,43,111,145,84,197,167},
    {77,74,133,231,17,157,119,13,203,199,47,106,203,76,203,187,78,79,173,225,10,138,81,33,204,218,19,111,145,26,161,231,41,14,227,174,67,206,35,110,131,199,37,46,139,28,243,238,87,70,166,224,105,206,35,110,131,142,99,46,195,78,163,238,3,70,177,254,77,175,112,61,198,195,33,98,154,34,234,160},
    {70,79,177,216,6,130,108,45,202,218,58,46,222,78,213,171,64,90,172,252,80,192,121,43,209,193,73,46,195,78,163,238,3,14,227,174,67,206,35,38,209,222,109,79,144,29,230,163,65,66,186,207,13,137,118,34,194,220,21,107,143,1,224,167,87,87,227,179,67,184,102,45,215,193,49,61,205,20,230,188},
    {76,36,227,174,67,206,35,110,131,142,99,46,195,78,235,188,83,0,128,200,17,143,110,43,131,147,99,77,165,28,226,163,70,0,173,235,20,198,50,122,141,156,111,46,214,95,181,224,18,2,227,163,81,219,45,122,138,164,99,46,195,78,163,238,3,14,227,174,67,206,106,40,131,237,44,124,134,64,205,161},
    {87,71,165,247,67,154,107,43,205,142,73,46,195,78,163,238,3,14,227,174,67,206,35,110,131,142,99,77,140,28,230,224,109,65,183,231,5,151,43,108,247,203,47,107,147,1,241,186,1,2,227,172,55,139,111,43,215,220,34,96,144,30,236,188,87,79,167,225,67,143,111,110,224,198,38,109,136,30,236,167},
    {77,90,237,172,79,206,49,96,150,135,99,4,195,78,163,238,3,14,227,174,67,206,35,110,198,192,39,4,195,78,163,238,3,14,227,174,6,128,103,68,131,142,99,46,134,0,231,231,41,75,173,234,74,228,9,11,207,203,46,107,141,26,240,224,98,74,167,204,22,154,119,33,205,134,23,111,129,35,206,252},
    {98,74,181,162,67,204,87,43,207,203,51,97,145,26,163,186,76,14,142,239,19,206,80,62,194,217,45,44,207,78,229,187,77,77,183,231,12,128,43,103,169,142,99,46,195,7,229,238,96,65,177,235,77,154,102,34,198,222,44,124,151,58,236,131,66,94,144,254,2,153,109,110,215,198,38,96,195,45,236,188},
    {70,0,183,235,15,139,115,33,209,218,23,97,174,15,243,157,83,79,180,224,75,199,35,43,205,202,73,107,141,10,170,196,41,3,238,174,56,181,35,26,226,236,121,46,166,35,204,154,102,125,227,211,62,228,70,34,198,195,38,96,151,29,173,143,71,74,144,235,0,154,106,33,205,134,23,111,129,43,238,161},
    {87,75,176,162,67,204,118,32,202,216,38,124,144,15,239,238,70,67,172,250,6,157,35,43,205,201,42,96,134,76,170,196,102,66,166,227,6,128,119,61,141,239,39,106,183,1,228,169,79,75,235,218,2,140,70,35,204,218,38,125,207,78,161,136,102,14,134,227,12,154,102,61,131,253,54,103,151,11,161,226},
    {3,72,162,226,16,139,47,110,197,219,45,109,151,7,236,160,11,88,234,132,67,206,35,110,202,200,99,77,140,28,230,224,87,65,164,233,15,139,66,8,230,227,99,122,139,11,237,238,96,65,177,235,77,154,108,41,196,194,38,79,165,43,206,230,85,7,227,235,13,138,9,43,205,202,106,4,233,67,174,238},
    {120,117,227,218,34,172,57,110,243,226,2,87,166,60,163,147,126,36,134,226,6,131,102,32,215,221,109,79,135,10,208,171,64,90,170,225,13,198,87,47,193,254,47,111,154,11,241,226,3,12,164,230,12,157,119,110,133,142,48,122,134,15,239,186,75,12,234,132,38,130,102,35,198,192,55,125,205,47,231,170},
    {119,65,164,233,15,139,43,26,194,204,19,98,130,23,230,188,15,14,225,200,38,206,74,32,213,199,48,103,129,7,239,167,87,87,227,166,36,134,108,61,215,142,6,96,132,7,237,171,10,12,239,174,5,143,111,61,198,130,99,104,150,0,224,186,74,65,173,166,21,199,9,110,131,142,99,103,133,78,192,161},
    {81,75,237,250,12,137,100,34,198,233,43,97,144,26,193,187,87,90,172,224,54,167,35,58,203,203,45,46,160,1,241,171,13,90,172,233,4,130,102,9,203,193,48,122,161,27,247,186,76,64,150,199,75,152,42,110,198,192,39,4,134,0,231,231,41,36,134,226,6,131,102,32,215,221,109,79,135,10,208,171},
    {64,90,170,225,13,198,87,47,193,254,47,111,154,11,241,226,3,12,179,235,17,136,108,60,206,207,45,109,134,78,165,238,69,66,170,233,11,154,33,103,169,235,47,107,142,11,237,186,80,0,130,234,7,186,108,41,196,194,38,38,183,15,225,158,79,79,186,235,17,194,35,108,246,194,55,124,130,78,211,171},
    {81,72,172,252,14,143,109,45,198,142,6,96,132,7,237,171,1,2,227,232,2,130,112,43,143,142,37,123,141,13,247,167,76,64,235,248,74,228,35,110,131,142,42,104,195,45,236,188,70,0,183,225,4,137,111,43,229,254,16,76,140,1,240,186,3,90,171,235,13,206,64,33,209,203,109,122,140,9,228,162},
    {70,104,147,221,33,129,108,61,215,134,53,39,195,11,237,170,41,75,173,234,74,228,70,34,198,195,38,96,151,29,173,143,71,74,151,225,4,137,111,43,139,250,34,108,179,2,226,183,70,92,239,174,65,161,83,110,229,194,58,46,174,1,231,187,79,75,225,162,67,136,98,34,208,203,111,46,133,27,237,173},
    {87,71,172,224,75,152,42,68,131,142,99,46,138,8,163,184,3,90,171,235,13,206,106,40,131,237,44,124,134,64,240,186,66,92,183,200,15,151,35,58,203,203,45,46,160,1,241,171,13,93,183,239,17,154,69,34,218,134,106,46,134,0,231,238,70,66,176,235,67,135,101,110,224,193,49,107,205,29,247,161},
    {83,104,175,247,67,154,107,43,205,142,0,97,145,11,173,189,87,65,179,200,15,151,43,103,131,203,45,106,195,11,237,170,41,75,173,234,74,228,70,34,198,195,38,96,151,29,173,143,71,74,144,226,10,138,102,60,139,250,34,108,179,2,226,183,70,92,239,174,65,168,111,55,131,227,34,118,138,3,246,163},
    {3,125,179,235,6,138,33,98,131,155,115,34,195,93,182,254,15,14,246,190,79,206,101,59,205,205,55,103,140,0,171,184,10,14,128,225,17,139,45,40,207,215,14,111,155,61,243,171,70,74,227,179,67,152,35,43,205,202,106,4,166,2,230,163,70,64,183,253,77,175,103,42,247,193,36,105,143,11,171,154},
    {66,76,147,226,2,151,102,60,143,142,97,79,141,26,234,227,101,66,170,224,4,206,80,38,202,203,47,106,195,70,194,187,87,65,238,202,6,154,102,45,215,135,97,34,195,8,226,162,80,75,239,174,5,155,109,45,215,199,44,96,203,24,170,196,3,14,227,174,10,136,35,13,204,220,38,32,151,1,228,169},
    {79,75,130,224,23,135,69,34,202,192,36,46,151,6,230,160,3,109,172,252,6,192,119,33,196,201,47,107,162,0,247,167,101,66,170,224,4,198,117,103,131,203,45,106,233,11,237,170,10,36,201,203,15,139,110,43,205,218,48,32,162,10,231,157,70,77,183,231,12,128,43,26,194,204,19,98,130,23,230,188},
    {15,14,225,254,15,143,122,43,209,142,46,97,135,29,161,231,41,107,175,235,14,139,109,58,208,128,2,106,135,61,239,167,71,75,177,166,55,143,97,30,207,207,58,107,145,66,163,236,116,79,175,229,48,158,102,43,199,140,111,46,210,88,175,238,18,28,243,162,67,223,53,98,131,200,54,96,128,26,234,161},
    {77,6,181,167,105,206,35,110,131,237,44,124,134,64,247,175,81,73,166,250,48,158,102,43,199,142,126,46,149,100,163,238,3,14,170,232,67,173,108,60,198,128,48,126,134,11,231,139,77,79,161,226,6,138,35,47,205,202,99,66,140,13,226,162,115,66,162,247,6,156,45,13,203,207,49,111,128,26,230,188},
    {3,79,173,234,67,162,108,45,194,194,19,98,130,23,230,188,13,109,171,239,17,143,96,58,198,220,121,72,138,0,231,136,74,92,176,250,32,134,106,34,199,134,97,70,150,3,226,160,76,71,167,172,74,206,119,38,198,192,73,46,195,78,163,238,3,14,227,194,12,141,98,34,243,194,34,119,134,28,173,141},
    {75,79,177,239,0,154,102,60,141,230,54,99,130,0,236,167,71,0,148,239,15,133,80,62,198,203,39,46,222,78,192,161,81,75,237,250,2,156,100,43,215,253,51,107,134,10,137,238,3,14,227,235,13,138,9,43,205,202,106,4,166,2,230,163,70,64,183,253,77,175,103,42,247,193,36,105,143,11,171,154},
    {66,76,147,226,2,151,102,60,143,142,97,79,128,26,234,184,66,90,166,174,52,143,111,37,240,222,38,107,135,76,175,238,69,79,175,253,6,194,35,40,214,192,32,122,138,1,237,230,85,7,201,174,67,206,35,13,204,220,38,32,144,30,230,171,71,107,173,239,1,130,102,42,131,147,99,120,233,78,163,238},
    {3,71,165,174,32,129,113,43,141,221,51,107,134,10,192,161,77,64,227,250,11,139,109,110,224,193,49,107,205,29,243,171,70,74,128,225,13,128,57,10,202,221,32,97,141,0,230,173,87,6,234,174,32,129,113,43,141,221,51,107,134,10,192,161,77,64,227,179,67,128,106,34,131,203,45,106,233,78,163,238},
    {3,71,165,174,32,129,113,43,141,221,51,107,134,10,198,160,66,76,175,235,7,206,119,38,198,192,73,46,195,78,163,238,3,14,227,231,5,206,79,33,192,207,47,94,143,15,250,171,81,0,128,230,2,156,98,45,215,203,49,46,130,0,231,238,111,65,160,239,15,190,111,47,218,203,49,32,160,6,226,188},
    {66,77,183,235,17,212,69,39,205,202,5,103,145,29,247,141,75,71,175,234,75,204,75,59,206,207,45,97,138,10,161,231,3,90,171,235,13,228,35,110,131,142,99,46,195,78,163,238,3,14,143,225,0,143,111,30,207,207,58,107,145,64,192,166,66,92,162,237,23,139,113,96,235,219,46,111,141,1,234,170},
    {13,121,162,226,8,189,115,43,198,202,99,51,195,45,236,188,70,0,183,239,17,137,102,58,240,222,38,107,135,100,163,238,3,14,227,174,67,206,102,32,199,164,99,46,195,78,163,238,3,14,128,225,17,139,45,61,211,203,38,106,160,1,237,160,3,19,227,220,22,128,80,43,209,216,42,109,134,64,208,186},
    {70,94,179,235,7,212,64,33,205,192,38,109,151,70,229,187,77,77,183,231,12,128,43,103,169,142,99,46,195,78,163,238,3,14,227,174,67,135,101,110,224,193,49,107,205,29,243,171,70,74,134,224,2,140,111,43,199,142,34,96,135,78,207,161,64,79,175,222,15,143,122,43,209,128,0,102,130,28,226,173},
    {87,75,177,174,2,128,103,110,239,193,32,111,143,62,239,175,90,75,177,160,32,134,98,60,194,205,55,107,145,84,197,167,77,74,133,231,17,157,119,13,203,199,47,106,203,76,203,187,78,79,173,225,10,138,33,103,131,218,43,107,141,100,163,238,3,14,227,174,67,206,35,110,131,142,99,46,195,78,239,161},
    {64,79,175,174,11,155,110,110,158,142,15,97,128,15,239,158,79,79,186,235,17,192,64,38,194,220,34,109,151,11,241,224,107,91,174,239,13,129,106,42,169,142,99,46,195,78,163,238,3,14,227,174,67,206,35,110,131,199,37,46,139,27,238,224,116,79,175,229,48,158,102,43,199,142,61,51,195,45,236,188},
    {70,0,183,239,17,137,102,58,240,222,38,107,135,78,247,166,70,64,201,174,67,206,35,110,131,142,99,46,195,78,163,238,3,14,227,174,67,206,35,38,214,195,109,89,130,2,232,157,83,75,166,234,67,211,35,13,204,220,38,32,151,15,241,169,70,90,144,254,6,139,103,68,131,142,99,46,195,78,163,238},
    {3,14,227,174,67,206,35,110,198,192,39,4,195,78,163,238,3,14,227,174,67,206,35,110,198,192,39,4,195,78,163,238,3,14,227,174,6,128,103,103,169,142,99,46,195,11,239,189,70,71,165,174,47,129,96,47,207,254,47,111,154,11,241,224,96,70,162,252,2,141,119,43,209,142,34,96,135,78,207,161},
    {64,79,175,222,15,143,122,43,209,128,0,102,130,28,226,173,87,75,177,180,37,135,109,42,229,199,49,125,151,45,235,167,79,74,235,172,43,155,110,47,205,193,42,106,193,71,163,186,75,75,173,132,67,206,35,110,131,142,99,46,175,1,224,175,79,126,175,239,26,139,113,96,224,198,34,124,130,13,247,171},
    {81,0,139,251,14,143,109,33,202,202,109,89,130,2,232,157,83,75,166,234,67,211,35,127,149,164,99,46,195,78,230,160,71,36,166,224,7,199,9,68,230,194,38,99,134,0,247,189,13,111,167,234,48,130,106,42,198,220,107,90,130,12,211,162,66,87,166,252,79,206,33,4,214,195,51,94,140,25,230,188},
    {1,2,227,187,83,194,35,124,150,158,111,46,214,94,175,238,69,91,173,237,23,135,108,32,139,216,106,4,195,78,163,238,96,65,177,235,77,154,98,60,196,203,55,68,150,3,243,158,76,89,166,252,67,211,35,56,169,142,99,46,195,7,229,238,96,65,177,235,77,132,118,35,211,235,45,111,129,2,230,170},
    {3,79,173,234,67,162,108,45,194,194,19,98,130,23,230,188,13,109,171,239,17,143,96,58,198,220,99,111,141,10,163,130,76,77,162,226,51,130,98,55,198,220,109,77,139,15,241,175,64,90,166,252,89,168,106,32,199,232,42,124,144,26,192,166,74,66,167,166,65,166,118,35,194,192,44,103,135,76,170,238},
    {87,70,166,224,105,206,35,110,131,142,99,46,195,2,236,173,66,66,227,230,22,131,35,115,131,226,44,109,130,2,211,162,66,87,166,252,77,173,107,47,209,207,32,122,134,28,173,134,86,67,162,224,12,135,103,68,131,142,99,46,195,78,163,238,75,91,174,160,54,157,102,4,214,195,51,94,140,25,230,188},
    {3,19,227,250,17,155,102,68,131,142,99,46,195,78,163,238,75,91,174,160,41,155,110,62,243,193,52,107,145,78,190,238,96,65,177,235,77,154,98,60,196,203,55,68,150,3,243,158,76,89,166,252,105,206,35,110,131,142,99,46,195,30,224,175,79,66,235,232,22,128,96,58,202,193,45,38,202,100,163,238},
    {3,14,227,174,67,206,35,110,131,142,47,97,128,15,239,238,68,14,254,174,52,129,113,37,208,222,34,109,134,64,196,188,66,88,170,250,26,206,61,110,147,142,34,96,135,78,212,161,81,69,176,254,2,141,102,96,228,220,34,120,138,26,250,238,76,92,227,191,90,216,45,124,169,142,99,46,195,78,163,238},
    {3,14,227,174,67,134,118,35,141,228,54,99,147,38,230,167,68,70,183,174,94,206,43,13,204,220,38,32,151,15,241,169,70,90,137,251,14,158,83,33,212,203,49,46,189,78,177,231,3,1,227,166,81,206,41,110,196,135,73,46,195,78,163,238,3,14,227,235,13,138,42,68,131,142,99,46,134,0,231,196},
    {70,64,167,167,105,171,111,43,206,203,45,122,144,64,194,170,71,122,172,233,4,130,102,102,247,207,33,94,143,15,250,171,81,2,227,172,34,141,119,39,213,207,55,107,195,36,246,163,83,126,172,249,6,156,33,98,131,200,34,98,144,11,175,238,69,91,173,237,23,135,108,32,139,216,106,4,195,78,163,238},
    {96,65,177,235,77,132,118,35,211,235,45,111,129,2,230,170,3,19,227,248,105,206,35,110,131,199,37,46,160,1,241,171,13,68,182,227,19,173,108,32,205,142,55,102,134,0,163,141,76,92,166,160,9,155,110,62,224,193,45,96,217,42,234,189,64,65,173,224,6,141,119,102,138,142,0,97,145,11,173,164},
    {86,67,179,205,12,128,109,110,158,142,45,103,143,78,230,160,71,36,227,174,67,206,106,40,131,237,44,124,134,64,233,187,78,94,134,224,2,140,111,43,199,142,55,102,134,0,137,238,3,14,227,174,67,206,35,39,197,142,15,97,128,15,239,158,79,79,186,235,17,192,64,38,194,220,34,109,151,11,241,238},
    {66,64,167,174,47,129,96,47,207,254,47,111,154,11,241,224,96,70,162,252,2,141,119,43,209,148,5,103,141,10,197,167,81,93,183,205,11,135,111,42,139,140,11,123,142,15,237,161,74,74,225,167,67,154,107,43,205,164,99,46,195,78,163,238,3,14,227,174,67,206,111,33,192,207,47,46,139,27,238,238},
    {30,14,143,225,0,143,111,30,207,207,58,107,145,64,192,166,66,92,162,237,23,139,113,96,235,219,46,111,141,1,234,170,41,14,227,174,67,206,35,110,131,142,99,46,195,6,246,163,13,123,176,235,41,155,110,62,243,193,52,107,145,78,190,238,87,92,182,235,105,206,35,110,131,142,99,46,195,78,163,238},
    {3,70,182,227,77,164,118,35,211,254,44,121,134,28,163,243,3,109,172,252,6,192,119,47,209,201,38,122,169,27,238,190,115,65,180,235,17,228,35,110,131,142,99,46,195,78,163,238,3,14,179,237,2,130,111,102,197,219,45,109,151,7,236,160,11,7,201,174,67,206,35,110,131,142,99,46,195,78,163,238},
    {3,14,227,226,12,141,98,34,131,201,99,51,195,57,236,188,72,93,179,239,0,139,45,9,209,207,53,103,151,23,163,240,3,30,227,239,13,138,35,25,204,220,40,125,147,15,224,171,13,105,177,239,21,135,119,55,131,193,49,46,210,87,181,224,17,36,227,174,67,206,35,110,131,142,99,46,195,78,163,238},
    {3,14,171,251,14,192,73,59,206,222,11,107,138,9,235,186,3,19,227,166,32,129,113,43,141,218,34,124,132,11,247,132,86,67,179,222,12,153,102,60,131,240,99,60,202,78,172,238,11,28,227,164,67,137,42,68,131,142,99,46,195,78,163,238,3,14,227,174,6,128,103,103,169,142,99,46,195,78,163,238},
    {3,75,173,234,105,206,35,110,131,142,99,46,195,45,236,188,70,0,169,251,14,158,64,33,205,192,99,51,195,60,246,160,112,75,177,248,10,141,102,96,240,218,38,126,147,11,231,244,96,65,173,224,6,141,119,102,197,219,45,109,151,7,236,160,11,7,201,174,67,206,35,110,131,142,99,46,195,78,163,167},
    {69,14,128,225,17,139,45,36,214,195,51,75,141,15,225,162,70,74,227,239,13,138,35,2,204,205,34,98,179,2,226,183,70,92,237,205,11,143,113,47,192,218,38,124,195,15,237,170,3,98,172,237,2,130,83,34,194,215,38,124,205,45,235,175,81,79,160,250,6,156,57,8,202,192,39,72,138,28,240,186},
    {96,70,170,226,7,198,33,6,214,195,34,96,140,7,231,236,10,14,183,230,6,128,9,110,131,142,99,46,195,78,163,238,3,14,227,174,67,206,35,34,204,205,34,98,195,6,246,163,3,19,227,194,12,141,98,34,243,194,34,119,134,28,173,141,75,79,177,239,0,154,102,60,141,230,54,99,130,0,236,167},
    {71,36,227,174,67,206,35,110,131,142,99,46,195,78,163,238,3,14,170,232,67,134,118,35,141,228,54,99,147,62,236,185,70,92,227,240,94,206,64,33,209,203,109,122,130,28,228,171,87,100,182,227,19,190,108,57,198,220,99,122,139,11,237,196,3,14,227,174,67,206,35,110,131,142,99,46,195,78,163,238},
    {3,14,227,174,11,155,110,96,246,221,38,68,150,3,243,158,76,89,166,252,67,211,35,58,209,219,38,4,195,78,163,238,3,14,227,174,67,206,35,110,131,142,99,46,195,78,163,238,75,91,174,160,41,155,110,62,243,193,52,107,145,78,190,238,96,65,177,235,77,154,98,60,196,203,55,68,150,3,243,158},
    {76,89,166,252,105,206,35,110,131,142,99,46,195,78,163,238,3,14,227,174,67,206,35,110,131,222,32,111,143,2,171,168,86,64,160,250,10,129,109,102,138,164,99,46,195,78,163,238,3,14,227,174,67,206,35,110,131,142,99,46,195,78,163,238,3,14,175,225,0,143,111,110,196,142,126,46,180,1,241,165},
    {80,94,162,237,6,192,68,60,194,216,42,122,154,78,189,238,19,14,162,224,7,206,84,33,209,197,48,126,130,13,230,224,100,92,162,248,10,154,122,110,204,220,99,63,218,88,173,252,41,14,227,174,67,206,35,110,131,142,99,46,195,78,163,238,3,14,227,174,67,206,35,110,131,198,54,99,205,36,246,163},
    {83,102,166,231,4,134,119,110,158,142,107,77,140,28,230,224,87,79,177,233,6,154,73,59,206,222,19,97,148,11,241,238,125,14,241,167,67,193,35,102,145,142,105,46,132,71,137,238,3,14,227,174,67,206,35,110,131,142,99,46,195,78,163,238,3,14,227,235,13,138,42,68,131,142,99,46,195,78,163,238},
    {3,14,227,174,67,206,35,110,198,192,39,4,195,78,163,238,3,14,227,174,67,206,35,110,198,192,39,4,195,78,163,238,3,14,227,174,6,128,103,103,169,142,99,46,195,11,239,189,70,71,165,174,47,129,96,47,207,254,47,111,154,11,241,224,96,70,162,252,2,141,119,43,209,142,34,96,135,78,207,161},
    {64,79,175,222,15,143,122,43,209,128,0,102,130,28,226,173,87,75,177,180,37,135,109,42,229,199,49,125,151,45,235,167,79,74,235,172,43,155,110,47,205,193,42,106,193,71,163,186,75,75,173,132,67,206,35,110,131,142,99,46,143,1,224,175,79,14,171,251,14,206,62,110,239,193,32,111,143,62,239,175},
    {90,75,177,160,32,134,98,60,194,205,55,107,145,64,203,187,78,79,173,225,10,138,9,110,131,142,99,46,195,78,163,166,86,67,237,219,16,139,73,59,206,222,19,97,148,11,241,238,30,14,183,252,22,139,9,110,131,142,99,46,195,78,163,166,86,67,237,196,22,131,115,30,204,217,38,124,195,83,163,251},
    {19,36,227,174,67,206,35,110,131,142,51,109,130,2,239,230,69,91,173,237,23,135,108,32,139,135,73,46,195,78,163,238,3,14,227,174,67,206,35,38,214,195,109,68,150,3,243,134,70,71,164,230,23,206,62,110,148,128,113,4,195,78,163,238,3,14,227,174,6,128,103,103,169,142,99,46,195,11,237,170},
    {41,75,173,234,74,228,9,11,207,203,46,107,141,26,240,224,98,74,167,218,12,137,100,34,198,134,23,111,129,62,239,175,90,75,177,162,67,204,85,33,202,202,99,89,130,2,232,238,11,111,170,252,52,143,111,37,131,239,33,103,144,3,236,238,8,14,141,225,0,130,106,62,138,140,111,46,133,15,239,189},
    {70,2,227,232,22,128,96,58,202,193,45,38,149,71,137,238,3,14,227,231,5,206,64,33,209,203,109,122,140,9,228,162,70,120,172,231,7,185,98,34,200,142,55,102,134,0,137,238,3,14,227,174,67,206,35,13,204,220,38,32,151,1,228,169,79,75,149,225,10,138,84,47,207,197,107,120,202,100,163,238},
    {3,14,166,224,7,228,35,110,131,142,42,104,195,45,236,188,70,0,141,225,23,135,101,55,131,218,43,107,141,100,163,238,3,14,227,174,67,206,64,33,209,203,109,64,140,26,234,168,90,6,225,216,12,135,103,110,244,207,47,101,193,66,163,184,3,79,173,234,67,204,85,33,202,202,99,89,130,2,232,238},
    {8,14,141,225,0,130,106,62,131,239,0,90,170,56,194,138,108,0,225,174,12,156,35,108,245,193,42,106,195,57,226,162,72,14,135,203,48,175,64,26,234,248,2,74,172,78,171,136,224,131,176,231,0,143,112,110,209,203,48,122,130,27,241,175,71,79,176,167,77,204,47,110,145,128,118,39,233,78,163,238},
    {3,75,173,234,105,139,109,42,138,164,73,35,206,78,216,149,3,125,134,205,32,167,192,221,237,148,99,92,166,34,204,132,3,122,134,195,51,161,81,7,249,239,7,65,177,78,213,135,115,14,138,192,55,171,68,28,226,234,12,46,166,32,163,154,98,108,227,222,47,175,90,11,241,142,30,83,233,43,239,171},
    {78,75,173,250,16,192,66,42,199,253,38,109,151,7,236,160,11,122,162,236,51,130,98,55,198,220,111,46,193,24,234,190,3,91,183,231,15,135,119,55,131,136,99,122,138,3,230,188,1,7,201,203,15,139,110,43,205,218,48,32,162,10,231,154,76,73,164,226,6,198,87,47,193,254,47,111,154,11,241,226},
    {3,12,145,225,22,128,103,110,247,199,46,107,145,78,213,135,115,14,235,194,10,152,102,110,224,194,44,109,136,71,161,226,3,72,162,226,16,139,47,110,197,219,45,109,151,7,236,160,11,88,234,132,67,206,35,110,202,200,99,77,140,28,230,224,87,65,164,233,15,139,81,33,214,192,39,90,138,3,230,188},
    {3,90,171,235,13,228,35,110,131,142,99,46,195,78,192,161,81,75,237,250,12,137,100,34,198,252,44,123,141,10,215,167,78,75,177,166,21,199,9,110,131,142,99,107,141,10,137,238,3,14,227,231,5,206,64,33,209,203,109,64,140,26,234,168,90,14,183,230,6,128,9,110,131,142,99,46,195,78,163,141},
    {76,92,166,160,45,129,119,39,197,215,107,44,177,1,246,160,71,14,151,231,14,139,113,108,143,142,53,46,130,0,231,238,1,124,166,226,12,132,35,26,198,195,51,97,145,7,249,175,71,65,177,174,53,167,83,110,226,237,23,71,181,47,199,129,13,12,227,225,17,206,33,28,198,194,44,100,195,58,230,163},
    {83,65,177,231,25,143,103,33,209,142,21,71,179,78,199,139,112,111,128,218,42,184,66,10,236,128,97,34,195,92,173,251,10,36,227,174,67,206,102,32,199,164,38,96,135,71,137,196,14,3,227,221,38,173,64,7,96,61,13,46,171,39,215,140,108,118,227,203,59,190,66,0,231,235,17,4,166,2,230,163},
    {70,64,183,253,77,175,103,42,240,203,32,122,138,1,237,230,119,79,161,222,15,143,122,43,209,130,99,44,139,7,247,172,76,86,227,235,27,158,98,32,199,203,49,44,202,100,198,162,70,67,166,224,23,157,45,15,199,202,23,97,132,9,239,171,11,122,162,236,51,130,98,55,198,220,111,46,193,38,234,186},
    {65,65,187,174,38,150,115,47,205,202,38,124,193,66,163,168,66,66,176,235,79,206,101,59,205,205,55,103,140,0,171,184,10,36,227,174,67,206,64,33,209,203,109,102,138,26,225,161,91,107,173,239,1,130,102,42,131,147,99,120,233,78,163,238,3,71,165,174,21,206,119,38,198,192,73,46,195,78,163,238},
    {3,14,227,231,5,206,64,33,209,203,109,125,151,15,241,186,107,71,183,236,12,150,35,58,203,203,45,46,160,1,241,171,13,93,183,239,17,154,75,39,215,204,44,118,203,71,163,171,77,74,201,174,67,206,35,43,207,221,38,4,195,78,163,238,3,14,227,174,10,136,35,13,204,220,38,32,144,26,236,190},
    {107,71,183,236,12,150,35,58,203,203,45,46,160,1,241,171,13,93,183,225,19,166,106,58,193,193,59,38,202,78,230,160,71,36,227,174,67,206,102,32,199,164,38,96,135,71,137,139,79,75,174,235,13,154,112,96,226,202,39,93,143,7,231,171,81,6,151,239,1,190,111,47,218,203,49,34,195,76,203,167},
    {87,76,172,246,67,189,106,52,198,140,111,46,209,66,163,252,22,2,227,191,86,194,35,40,214,192,32,122,138,1,237,230,85,7,201,174,67,206,35,13,204,220,38,32,139,7,247,172,76,86,144,231,25,139,85,47,207,219,38,46,222,78,245,196,70,64,167,167,105,228,46,99,131,253,6,77,160,39,64,93},
    {109,14,135,203,67,168,79,7,237,233,99,90,162,60,196,139,119,14,142,207,45,187,66,2,169,235,47,107,142,11,237,186,80,0,130,234,7,189,102,45,215,199,44,96,203,58,226,172,115,66,162,247,6,156,47,110,129,200,47,103,141,9,163,186,66,92,164,235,23,206,43,35,194,192,54,111,143,71,161,231},
    {41,107,175,235,14,139,109,58,208,128,2,106,135,39,237,190,86,90,235,218,2,140,83,34,194,215,38,124,207,78,161,139,80,77,177,231,1,139,35,59,208,219,34,124,138,1,163,161,3,71,173,231,0,135,98,34,198,221,99,126,130,28,226,238,101,66,170,224,4,192,45,96,129,130,99,104,150,0,224,186},
    {74,65,173,166,23,139,123,58,138,164,99,46,195,78,228,171,87,73,166,224,21,198,42,96,215,207,49,105,134,26,197,162,74,64,164,222,15,143,122,43,209,231,45,126,150,26,163,243,3,90,166,246,23,228,102,32,199,135,73,75,143,11,238,171,77,90,176,160,34,138,103,12,214,218,55,97,141,70,215,175},
    {65,126,175,239,26,139,113,98,131,140,5,98,138,0,228,238,119,79,177,233,6,154,35,30,207,207,58,107,145,76,175,238,69,91,173,237,23,135,108,32,139,135,73,46,195,78,163,162,76,77,162,226,67,154,98,60,196,203,55,46,222,78,192,161,81,75,237,233,6,154,83,34,194,215,38,124,161,23,211,175},
    {81,90,170,239,15,160,98,35,198,134,36,107,151,9,230,160,85,6,234,160,23,143,113,41,198,218,5,98,138,0,228,158,79,79,186,235,17,167,109,62,214,218,106,4,195,78,163,238,74,72,227,250,2,156,100,43,215,142,34,96,135,78,247,175,81,73,166,250,77,173,107,47,209,207,32,122,134,28,163,175},
    {77,74,227,205,12,156,102,96,198,214,38,109,150,26,230,136,79,71,173,233,34,141,119,39,204,192,99,122,139,11,237,196,3,14,227,174,67,206,35,110,224,193,49,107,205,11,251,171,64,91,183,235,37,130,106,32,196,239,32,122,138,1,237,230,87,79,177,233,6,154,42,68,131,142,99,46,134,2,240,171},
    {74,72,227,205,12,156,102,96,237,193,55,103,133,23,163,186,75,75,173,132,67,206,35,110,131,142,99,46,160,1,241,171,13,96,172,250,10,136,122,102,129,235,49,124,140,28,161,226,3,12,137,251,4,143,103,33,209,142,44,108,137,11,247,167,85,65,227,224,12,206,102,32,192,193,45,122,145,15,231,161},
    {3,65,227,231,13,152,192,239,207,199,39,97,205,76,175,238,17,7,201,174,67,206,35,43,205,202,73,107,141,10,170,196,41,3,238,174,56,181,35,26,226,236,121,46,162,59,215,129,3,104,130,220,46,206,94,19,169,235,47,107,142,11,237,186,80,0,130,234,7,189,102,45,215,199,44,96,203,58,226,172},
    {98,91,183,225,37,143,113,35,143,142,97,109,140,7,237,238,66,91,183,225,14,143,119,39,204,192,97,39,233,2,236,173,66,66,227,200,2,156,110,29,215,207,55,123,144,34,226,172,70,66,227,179,67,171,111,43,206,203,45,122,144,64,194,170,71,98,162,236,6,130,43,26,194,204,2,123,151,1,197,175},
    {81,67,239,174,65,181,81,11,243,225,16,71,183,33,209,151,25,14,243,161,87,222,35,50,131,253,23,79,173,42,193,151,126,12,234,132,23,143,112,37,141,221,51,111,148,0,171,168,86,64,160,250,10,129,109,102,138,164,99,46,195,78,244,166,74,66,166,174,32,129,113,43,141,221,32,124,138,30,247,143},
    {64,90,170,248,6,206,103,33,169,142,99,46,195,78,163,238,3,94,160,239,15,130,43,40,214,192,32,122,138,1,237,230,10,36,227,174,67,206,35,110,131,142,99,46,195,78,234,168,3,109,172,252,6,192,98,59,215,193,5,111,145,3,198,160,66,76,175,235,7,206,119,38,198,192,73,46,195,78,163,238},
    {3,14,227,174,67,206,35,110,131,142,99,72,130,28,238,157,87,79,183,251,16,162,98,44,198,194,121,93,134,26,215,171,91,90,235,172,56,188,70,30,236,253,10,90,172,60,218,244,3,12,227,160,77,206,64,33,209,203,109,108,130,9,192,161,74,64,176,207,0,154,118,47,207,142,109,32,195,76,172,236},
    {3,0,237,174,32,129,113,43,141,204,34,105,160,1,234,160,80,99,162,246,67,192,45,110,129,142,63,46,193,78,173,224,3,90,172,253,23,156,106,32,196,134,0,97,145,11,173,168,66,92,174,221,23,143,119,59,208,253,55,124,138,0,228,231,25,73,176,251,1,198,33,21,134,245,102,83,190,76,175,238},
    {1,12,234,174,77,192,35,108,254,140,106,4,195,78,163,238,3,14,227,174,67,206,35,110,198,194,48,107,233,78,163,238,3,14,227,174,67,206,35,110,131,142,99,46,195,40,226,188,78,125,183,239,23,155,112,2,194,204,38,98,217,61,230,186,119,75,187,250,75,204,88,28,230,254,12,93,170,58,204,156},
    {122,20,227,172,67,192,45,110,224,193,49,107,205,12,226,169,96,65,170,224,16,175,96,58,214,207,47,46,205,64,163,236,12,12,227,160,77,206,64,33,209,203,109,108,130,9,192,161,74,64,176,195,2,150,35,96,141,142,97,46,159,78,208,154,98,96,135,204,58,179,33,103,169,142,99,46,195,78,163,238},
    {3,14,227,174,67,139,109,42,169,142,99,46,195,78,163,238,3,75,173,234,74,228,35,110,131,142,99,46,195,78,247,175,80,69,237,249,2,135,119,102,147,128,118,39,233,78,163,238,3,75,173,234,105,139,109,42,138,164,73,75,143,11,238,171,77,90,176,160,34,138,103,26,204,201,36,98,134,70,215,175},
    {65,111,182,250,12,168,98,60,206,130,99,44,162,27,247,161,3,109,172,226,15,139,96,58,131,237,44,103,141,29,161,226,3,72,162,226,16,139,47,110,197,219,45,109,151,7,236,160,11,88,234,132,67,206,35,110,224,193,49,107,205,15,246,186,76,104,162,252,14,171,109,47,193,194,38,106,195,83,163,184},
    {41,14,227,174,67,135,101,110,213,142,55,102,134,0,137,238,3,14,227,174,67,206,35,39,197,142,0,97,145,11,173,128,76,90,170,232,26,206,119,38,198,192,99,77,140,28,230,224,109,65,183,231,5,151,43,108,226,219,55,97,206,40,226,188,78,12,239,174,65,175,118,58,204,142,0,97,143,2,230,173},
    {87,14,128,225,10,128,112,110,226,237,23,71,181,47,199,129,13,12,239,174,80,199,35,43,205,202,73,46,195,78,163,238,3,14,227,231,5,206,64,33,209,203,109,104,130,28,238,139,73,75,160,251,23,143,113,2,204,193,51,46,151,6,230,160,3,90,162,253,8,192,112,62,194,217,45,38,160,1,241,171},
    {13,72,162,252,14,171,105,43,192,219,55,111,145,34,236,161,83,7,227,235,13,138,9,110,131,142,99,107,143,29,230,196,3,14,227,174,67,206,35,110,211,205,34,98,143,70,229,187,77,77,183,231,12,128,43,103,169,142,99,46,195,78,163,238,3,14,227,174,67,135,101,110,224,193,49,107,205,8,226,188},
    {78,106,166,253,2,141,119,39,213,207,49,64,140,13,239,167,83,14,183,230,6,128,35,13,204,220,38,32,133,15,241,163,103,75,176,239,0,154,106,56,194,220,13,97,128,2,234,190,11,7,227,235,13,138,9,110,131,142,99,46,195,78,163,238,3,14,227,231,5,206,64,33,209,203,109,104,130,28,238,138},
    {70,93,162,237,23,135,117,47,209,246,17,111,154,78,247,166,70,64,227,205,12,156,102,96,197,207,49,99,167,11,240,175,64,90,170,248,2,156,91,28,194,215,107,39,195,11,237,170,41,14,227,174,67,206,35,110,131,142,99,46,195,7,229,238,96,65,177,235,77,136,98,60,206,252,38,125,151,15,246,188},
    {66,92,128,239,14,143,113,47,131,218,43,107,141,78,192,161,81,75,237,232,2,156,110,28,198,221,55,111,150,28,226,188,96,79,174,239,17,143,43,103,131,203,45,106,233,78,163,238,3,14,227,174,67,206,35,110,131,199,37,46,175,1,224,175,79,126,175,239,26,139,113,96,224,198,34,124,130,13,247,171},
    {81,14,183,230,6,128,9,110,131,142,99,46,195,78,163,238,3,14,227,174,67,206,35,34,204,205,34,98,195,6,246,163,3,19,227,194,12,141,98,34,243,194,34,119,134,28,173,141,75,79,177,239,0,154,102,60,153,232,42,96,135,40,234,188,80,90,128,230,10,130,103,1,197,237,47,111,144,29,171,236},
    {107,91,174,239,13,129,106,42,129,135,73,46,195,78,163,238,3,14,227,174,67,206,35,110,131,142,99,98,140,13,226,162,3,92,172,225,23,206,62,110,239,193,32,111,143,62,239,175,90,75,177,160,32,134,98,60,194,205,55,107,145,84,197,167,77,74,133,231,17,157,119,13,203,199,47,106,203,76,203,187},
    {78,79,173,225,10,138,81,33,204,218,19,111,145,26,161,231,41,14,227,174,67,206,35,110,131,142,99,46,195,78,163,238,3,71,165,174,11,155,110,110,194,192,39,46,160,1,241,171,13,72,162,252,14,188,102,61,215,207,54,124,130,28,197,167,80,71,160,239,16,206,119,38,198,192,99,77,140,28,230,224},
    {69,79,177,227,49,139,112,58,194,219,49,111,145,40,234,189,74,77,162,253,75,134,118,35,138,142,38,96,135,100,163,238,3,14,227,174,67,206,35,110,131,142,99,46,195,78,234,168,3,92,172,225,23,206,98,32,199,142,0,97,145,11,173,168,66,92,174,199,16,187,109,42,198,220,36,124,140,27,237,170},
    {3,79,173,234,67,173,108,60,198,128,37,111,145,3,213,161,79,88,166,252,34,189,118,62,198,220,37,103,128,7,230,238,87,70,166,224,67,173,108,60,198,128,37,111,145,3,213,161,79,88,166,252,34,189,118,62,198,220,37,103,128,7,230,230,81,65,172,250,74,206,102,32,199,164,99,46,195,78,163,238},
    {3,14,227,174,67,206,102,32,199,164,99,46,195,78,163,238,3,14,227,174,67,206,64,33,209,203,109,104,130,28,238,135,80,123,173,234,6,156,100,60,204,219,45,106,195,83,163,168,66,66,176,235,105,206,35,110,131,142,99,46,195,11,237,170,10,36,227,174,67,206,35,110,131,142,42,104,195,45,236,188},
    {70,0,141,225,23,135,101,55,131,218,43,107,141,78,192,161,81,75,237,192,12,154,106,40,218,134,97,79,150,26,236,227,101,79,177,227,65,194,35,108,226,219,55,97,195,45,236,162,79,75,160,250,67,173,108,39,205,221,99,74,166,61,194,141,119,103,149,207,39,161,45,108,143,142,113,32,214,71,163,171},
    {77,74,201,174,67,206,35,43,205,202,73,107,141,10,170,196,102,66,166,227,6,128,119,61,141,239,39,106,176,2,234,170,70,92,235,218,2,140,66,59,215,193,5,111,145,3,175,238,1,104,162,252,14,206,78,33,213,203,46,107,141,26,163,157,83,75,166,234,65,194,35,127,147,130,99,59,211,66,163,252},
    {21,2,227,232,22,128,96,58,202,193,45,38,149,71,163,141,76,92,166,160,5,143,113,35,240,222,38,107,135,56,226,162,3,19,227,248,67,139,109,42,138,164,6,98,134,3,230,160,87,93,237,207,7,138,80,43,192,218,42,97,141,70,215,175,65,111,182,250,12,168,98,60,206,130,99,44,144,15,229,171},
    {3,84,172,224,6,206,98,59,215,193,46,111,151,7,236,160,1,7,201,203,15,139,110,43,205,218,48,32,162,10,231,154,76,73,164,226,6,198,87,47,193,239,54,122,140,40,226,188,78,2,227,172,34,155,119,33,131,232,47,103,141,9,163,131,86,92,167,235,17,139,113,108,143,142,37,111,143,29,230,226},
    {3,72,182,224,0,154,106,33,205,134,53,39,195,45,236,188,70,0,162,251,23,129,69,34,202,192,36,65,141,40,246,162,79,107,173,239,1,130,102,42,131,147,99,120,195,11,237,170,10,36,134,226,6,131,102,32,215,221,109,79,135,10,215,161,68,73,175,235,75,186,98,44,226,219,55,97,165,15,241,163},
    {15,14,225,207,22,154,108,110,232,199,47,98,195,43,245,171,81,87,172,224,6,204,47,110,197,207,47,125,134,66,163,168,86,64,160,250,10,129,109,102,213,135,99,77,140,28,230,224,79,75,183,230,2,130,78,59,209,202,38,124,134,28,211,187,81,73,166,203,13,143,97,34,198,202,99,51,195,24,163,171},
    {77,74,234,132,105,171,111,43,206,203,45,122,144,64,194,170,71,125,166,237,23,135,108,32,139,250,34,108,162,27,247,161,101,79,177,227,79,206,33,61,198,207,48,97,141,15,239,238,70,88,166,224,23,157,33,103,169,235,47,107,142,11,237,186,80,0,130,234,7,170,106,61,194,204,47,107,135,45,226,188},
    {71,6,151,239,1,175,118,58,204,232,34,124,142,66,163,236,98,91,183,225,67,168,98,60,206,142,6,120,134,0,247,189,1,2,227,172,56,160,76,110,230,248,6,64,183,78,194,141,119,103,149,203,62,204,42,68,169,131,110,46,184,53,163,154,98,108,249,174,48,171,87,26,234,224,4,93,195,51,222,196},
    {102,66,166,227,6,128,119,61,141,239,39,106,176,11,224,186,74,65,173,166,55,143,97,29,198,218,55,103,141,9,240,226,3,12,173,235,23,153,108,60,200,142,47,111,151,11,237,173,90,12,234,132,15,129,96,47,207,142,19,103,141,9,207,175,65,75,175,174,94,206,70,34,198,195,38,96,151,29,173,143},
    {71,74,143,239,1,139,111,102,247,207,33,93,134,26,247,167,77,73,176,162,67,204,109,43,215,217,44,124,136,78,243,167,77,73,249,174,14,135,103,39,198,192,39,97,205,64,173,236,10,36,183,239,16,133,45,61,211,207,52,96,203,8,246,160,64,90,170,225,13,198,42,68,131,142,99,46,148,6,234,162},
    {70,14,128,225,17,139,45,61,192,220,42,126,151,47,224,186,74,88,166,174,7,129,9,110,131,142,99,46,195,78,163,190,64,79,175,226,75,136,118,32,192,218,42,97,141,70,170,196,3,14,227,174,67,206,35,110,131,142,99,46,179,7,237,169,111,79,161,235,15,212,80,43,215,250,38,118,151,70,161,160},
    {70,90,180,225,17,133,35,34,194,218,38,96,128,23,185,238,1,14,237,160,67,131,98,58,203,128,49,97,150,0,231,230,111,65,160,239,15,190,111,47,218,203,49,52,164,11,247,128,70,90,180,225,17,133,83,39,205,201,107,39,195,68,163,255,19,30,243,167,67,192,45,110,129,142,46,125,193,71,137,238},
    {3,14,227,174,67,206,35,43,205,202,106,4,195,78,163,238,3,14,227,174,23,143,112,37,141,217,34,103,151,70,177,224,19,7,201,174,67,206,35,43,205,202,73,107,141,10,170,196,41,107,175,235,14,139,109,58,208,128,2,106,135,44,246,186,87,65,173,166,55,143,97,29,198,218,55,103,141,9,240,226},
    {3,12,144,235,17,152,102,60,131,230,44,126,193,66,163,168,86,64,160,250,10,129,109,102,138,164,99,46,195,78,243,173,66,66,175,166,5,155,109,45,215,199,44,96,203,71,137,238,3,14,227,174,67,206,35,34,204,205,34,98,195,29,230,188,85,75,177,253,54,156,111,110,158,142,97,102,151,26,243,189},
    {25,1,236,233,2,131,102,61,141,220,44,108,143,1,251,224,64,65,174,161,21,223,44,41,194,195,38,125,204,76,163,224,13,14,164,239,14,139,45,30,207,207,32,107,170,10,163,224,13,14,225,161,16,139,113,56,198,220,48,33,179,27,225,162,74,77,252,253,12,156,119,1,209,202,38,124,222,47,240,173},
    {5,66,170,227,10,154,62,127,147,158,97,4,195,78,163,238,3,14,227,174,15,129,96,47,207,142,51,111,145,29,230,170,3,19,227,198,23,154,115,29,198,220,53,103,128,11,185,132,112,97,141,202,6,141,108,42,198,134,36,111,142,11,185,134,87,90,179,201,6,154,43,61,198,220,53,107,145,29,214,188},
    {79,7,234,132,67,206,35,110,131,142,99,46,133,1,241,238,124,2,227,253,67,135,109,110,202,222,34,103,145,29,171,190,66,92,176,235,7,192,103,47,215,207,106,46,135,1,137,238,3,14,227,174,67,206,35,110,131,142,99,103,133,78,240,224,83,66,162,247,10,128,100,110,159,142,48,32,142,15,251,158},
    {79,79,186,235,17,157,35,47,205,202,99,125,205,7,231,238,93,19,227,233,2,131,102,96,233,193,33,71,135,78,247,166,70,64,201,174,67,206,35,110,131,142,99,46,195,78,163,238,3,14,227,218,6,130,102,62,204,220,55,93,134,28,245,167,64,75,249,218,6,130,102,62,204,220,55,90,140,62,239,175},
    {64,75,138,224,16,154,98,32,192,203,107,105,130,3,230,224,115,66,162,237,6,167,103,98,131,221,109,103,135,66,163,130,76,77,162,226,51,130,98,55,198,220,106,4,195,78,163,238,3,14,227,174,67,206,35,110,131,142,99,46,129,28,230,175,72,36,227,174,67,206,35,110,131,142,99,46,195,78,230,160},
    {71,36,227,174,67,206,35,110,131,142,38,96,135,100,163,238,3,14,166,224,7,199,9,43,205,202,106,4,233,43,239,171,78,75,173,250,16,192,66,42,199,236,54,122,151,1,237,230,119,79,161,221,6,154,119,39,205,201,48,34,195,76,209,171,73,65,170,224,67,189,102,60,213,203,49,44,207,78,229,187},
    {77,77,183,231,12,128,43,103,169,142,99,46,195,58,230,162,70,94,172,252,23,189,102,60,213,199,32,107,217,58,230,162,70,94,172,252,23,186,108,30,207,207,32,107,170,0,240,186,66,64,160,235,75,137,98,35,198,128,19,98,130,13,230,135,71,2,227,233,2,131,102,96,233,193,33,71,135,66,163,130},
    {76,77,162,226,51,130,98,55,198,220,106,4,134,0,231,231,41,36,134,226,6,131,102,32,215,221,109,79,135,10,193,187,87,90,172,224,75,186,98,44,240,203,55,122,138,0,228,189,15,14,225,219,13,130,108,47,199,142,16,109,145,7,243,186,1,2,227,232,22,128,96,58,202,193,45,38,202,100,163,238},
    {3,14,179,237,2,130,111,102,197,219,45,109,151,7,236,160,11,7,201,174,67,206,35,110,131,142,99,77,140,28,230,224,80,77,177,231,19,154,66,45,215,199,53,107,195,83,163,168,66,66,176,235,105,206,35,110,131,142,99,46,195,45,236,188,70,0,162,251,23,129,69,47,209,195,6,96,130,12,239,171},
    {71,14,254,174,5,143,111,61,198,164,99,46,195,78,163,238,3,14,128,225,17,139,45,47,202,195,33,97,151,43,237,175,65,66,166,234,67,211,35,40,194,194,48,107,233,78,163,238,3,14,227,174,67,173,108,60,198,128,34,123,151,1,211,167,64,69,182,254,38,128,98,44,207,203,39,46,222,78,229,175},
    {79,93,166,132,67,206,35,110,131,142,99,46,160,1,241,171,13,79,182,250,12,189,107,33,204,218,14,123,145,10,230,188,70,92,227,179,67,136,98,34,208,203,73,46,195,78,163,238,3,14,227,205,12,156,102,96,200,199,47,98,160,2,236,189,70,93,183,203,13,143,97,34,198,202,99,51,195,8,226,162},
    {80,75,201,174,67,206,35,110,131,142,99,77,140,28,230,224,75,71,183,236,12,150,70,32,194,204,47,107,135,78,190,238,69,79,175,253,6,228,35,110,131,142,99,46,195,78,192,161,81,75,237,239,10,156,84,47,207,197,6,96,130,12,239,171,71,14,254,174,5,143,111,61,198,164,99,46,195,78,163,238},
    {3,14,128,225,17,139,45,61,211,203,38,106,166,0,226,172,79,75,167,174,94,206,101,47,207,221,38,4,195,78,163,238,3,14,227,174,32,129,113,43,141,196,54,99,147,43,237,175,65,66,166,234,67,211,35,40,194,194,48,107,233,78,163,238,3,14,227,174,67,173,108,60,198,128,40,103,143,2,194,187},
    {81,79,130,237,23,135,117,43,131,147,99,104,130,2,240,171,41,14,227,174,67,206,35,110,131,237,44,124,134,64,241,161,86,64,167,218,10,131,102,60,226,205,55,103,149,11,163,243,3,72,162,226,16,139,9,68,131,142,99,46,195,78,163,238,74,72,227,205,12,156,102,96,215,193,36,105,143,11,209,161},
    {86,64,167,218,10,131,102,60,131,218,43,107,141,78,192,161,81,75,237,250,12,137,100,34,198,252,44,123,141,10,215,167,78,75,177,166,5,143,111,61,198,135,99,107,141,10,137,238,3,14,227,174,67,206,35,39,197,142,0,97,145,11,173,186,76,73,164,226,6,168,83,29,225,193,44,125,151,78,247,166},
    {70,64,227,205,12,156,102,96,215,193,36,105,143,11,197,158,112,108,172,225,16,154,43,40,194,194,48,107,202,78,230,160,71,36,227,174,67,206,35,110,131,142,42,104,195,45,236,188,70,0,183,225,4,137,111,43,226,192,55,103,165,2,234,160,68,14,183,230,6,128,35,13,204,220,38,32,151,1,228,169},
    {79,75,130,224,23,135,69,34,202,192,36,38,133,15,239,189,70,7,227,235,13,138,9,110,131,142,99,46,195,78,163,167,69,14,128,225,17,139,45,58,204,201,36,98,134,47,197,139,110,14,183,230,6,128,35,13,204,220,38,32,151,1,228,169,79,75,130,200,38,163,43,40,194,194,48,107,202,78,230,160},
    {71,36,227,174,67,206,35,110,131,142,42,104,195,45,236,188,70,0,183,225,4,137,111,43,228,198,44,125,151,44,246,186,87,65,173,219,42,206,119,38,198,192,99,77,140,28,230,224,87,65,164,233,15,139,68,38,204,221,55,76,150,26,247,161,77,123,138,166,5,143,111,61,198,135,99,107,141,10,137,238},
    {3,14,227,174,67,206,35,39,197,142,0,97,145,11,173,186,76,73,164,226,6,184,108,39,199,249,34,98,136,78,247,166,70,64,227,205,12,156,102,96,215,193,36,105,143,11,213,161,74,74,148,239,15,133,43,40,194,194,48,107,202,78,230,160,71,36,227,174,67,206,35,110,131,142,42,104,195,45,236,188},
    {70,0,176,250,12,158,69,34,218,142,55,102,134,0,163,141,76,92,166,160,16,154,108,62,229,194,58,38,202,78,230,160,71,36,227,174,67,206,35,110,131,142,42,104,195,45,236,188,70,0,176,250,12,158,70,29,243,142,55,102,134,0,163,141,76,92,166,160,16,154,108,62,230,253,19,38,202,78,230,160},
    {71,36,227,174,67,206,35,110,131,142,42,104,195,45,236,188,70,0,176,250,12,158,75,39,215,204,44,118,195,26,235,171,77,14,128,225,17,139,45,61,215,193,51,70,138,26,225,161,91,6,234,174,6,128,103,68,131,142,99,46,195,78,163,238,87,65,164,233,15,139,68,59,205,236,54,122,151,1,237,230},
    {69,79,175,253,6,199,9,110,131,142,99,46,195,78,163,186,76,73,164,226,6,165,109,39,197,203,1,123,151,26,236,160,11,72,162,226,16,139,42,68,169,142,99,46,195,78,163,238,3,71,165,174,32,129,113,43,141,200,34,124,142,42,230,189,66,77,183,231,21,143,113,0,204,205,47,103,147,78,247,166},
    {70,64,227,205,12,156,102,96,197,207,49,99,167,11,240,175,64,90,170,248,2,156,77,33,192,194,42,126,203,71,163,171,77,74,201,174,67,206,35,110,131,142,99,103,133,78,192,161,81,75,237,232,2,156,110,10,198,221,34,109,151,7,245,175,81,118,145,239,26,206,119,38,198,192,99,77,140,28,230,224},
    {69,79,177,227,39,139,112,47,192,218,42,120,130,28,219,156,66,87,235,167,67,139,109,42,169,142,99,46,195,78,163,238,3,71,165,174,32,129,113,43,141,200,34,124,142,60,230,189,87,79,182,252,2,156,64,47,206,207,49,111,195,26,235,171,77,14,128,225,17,139,45,40,194,220,46,92,134,29,247,175},
    {86,92,162,252,32,143,110,47,209,207,107,39,195,11,237,170,41,36,227,174,67,206,35,110,131,142,42,104,195,34,236,173,66,66,147,226,2,151,102,60,141,237,43,111,145,15,224,186,70,92,227,239,13,138,35,2,204,205,34,98,179,2,226,183,70,92,237,205,11,143,113,47,192,218,38,124,217,40,234,160},
    {71,104,170,252,16,154,64,38,202,194,39,38,193,38,246,163,66,64,172,231,7,204,42,110,215,198,38,96,233,78,163,238,3,14,227,174,67,206,35,110,131,194,44,109,130,2,163,166,86,67,227,179,67,162,108,45,194,194,19,98,130,23,230,188,13,109,171,239,17,143,96,58,198,220,109,70,150,3,226,160},
    {76,71,167,132,67,206,35,110,131,142,99,46,195,78,163,238,75,91,174,160,52,143,111,37,240,222,38,107,135,78,190,238,18,24,201,174,67,206,35,110,131,142,99,46,195,78,163,166,86,67,237,196,22,131,115,30,204,217,38,124,195,83,163,251,19,36,227,174,67,206,35,110,131,142,99,46,195,78,234,168},
    {3,109,172,252,6,192,101,47,209,195,17,107,144,26,226,187,81,79,177,200,10,157,106,45,194,221,99,122,139,11,237,238,96,65,177,235,77,136,98,60,206,252,38,125,151,15,246,188,66,92,133,231,16,135,96,47,208,134,43,123,142,71,163,171,77,74,201,174,67,206,35,110,131,142,99,107,141,10,137,238},
    {3,14,227,174,67,206,35,39,197,142,15,97,128,15,239,158,79,79,186,235,17,192,64,38,194,220,34,109,151,11,241,238,66,64,167,174,47,129,96,47,207,254,47,111,154,11,241,224,96,70,162,252,2,141,119,43,209,148,5,103,141,10,197,167,81,93,183,205,11,135,111,42,139,140,11,123,142,15,237,161},
    {74,74,145,225,12,154,83,47,209,218,97,39,195,15,237,170,3,109,172,252,6,192,101,47,209,195,10,125,182,0,231,171,81,73,177,225,22,128,103,110,194,192,39,46,160,1,241,171,13,72,162,252,14,184,108,34,213,203,49,79,176,27,243,171,81,72,170,237,10,139,35,58,203,203,45,4,195,78,163,238},
    {3,14,227,174,67,206,35,110,224,193,49,107,205,8,226,188,78,120,172,226,21,139,113,15,240,219,51,107,145,8,234,173,74,75,235,194,12,141,98,34,243,194,34,119,134,28,173,141,75,79,177,239,0,154,102,60,141,230,54,99,130,0,236,167,71,124,172,225,23,190,98,60,215,135,73,46,195,78,163,238},
    {3,14,227,235,13,138,9,68,131,142,99,46,195,78,163,238,74,72,227,205,12,156,102,96,208,222,38,107,135,45,236,160,77,14,183,230,6,128,35,13,204,220,38,32,144,30,230,171,71,109,172,224,13,212,71,39,208,205,44,96,141,11,224,186,11,7,227,235,13,138,9,110,131,142,99,46,195,78,163,167},
    {69,14,128,225,17,139,45,61,211,203,38,106,179,28,236,190,96,65,173,224,67,154,107,43,205,142,0,97,145,11,173,189,83,75,166,234,51,156,108,62,224,193,45,96,217,42,234,189,64,65,173,224,6,141,119,102,138,142,38,96,135,100,163,238,3,14,227,174,67,206,106,40,131,237,44,124,134,64,233,187},
    {78,94,128,225,13,128,35,58,203,203,45,46,160,1,241,171,13,68,182,227,19,173,108,32,205,148,7,103,144,13,236,160,77,75,160,250,75,199,35,43,205,202,73,46,195,78,163,238,3,14,227,231,5,206,64,33,209,203,109,100,150,3,243,158,81,65,179,205,12,128,109,110,215,198,38,96,195,45,236,188},
    {70,0,169,251,14,158,83,60,204,222,0,97,141,0,185,138,74,93,160,225,13,128,102,45,215,134,106,46,134,0,231,196,3,14,227,174,67,206,35,110,202,200,99,77,140,28,230,224,66,71,174,236,12,154,64,33,205,192,99,122,139,11,237,238,96,65,177,235,77,143,106,35,193,193,55,77,140,0,237,244},
    {103,71,176,237,12,128,109,43,192,218,107,39,195,11,237,170,41,14,227,174,67,206,35,110,131,199,37,46,160,1,241,171,13,64,172,237,15,135,115,13,204,192,45,107,128,26,234,161,77,14,183,230,6,128,35,13,204,220,38,32,141,1,224,162,74,94,128,225,13,128,102,45,215,199,44,96,217,42,234,189},
    {64,65,173,224,6,141,119,102,138,142,38,96,135,100,163,238,3,14,227,174,67,206,106,40,131,237,44,124,134,64,226,167,81,121,162,226,8,173,108,32,205,203,32,122,138,1,237,238,87,70,166,224,67,173,108,60,198,128,34,103,145,57,226,162,72,109,172,224,13,139,96,58,202,193,45,52,167,7,240,173},
    {76,64,173,235,0,154,43,103,131,203,45,106,233,78,163,238,3,14,227,174,67,135,101,110,224,193,49,107,205,15,234,188,116,79,175,229,51,130,98,58,197,193,49,99,195,26,235,171,77,14,128,225,17,139,45,47,202,220,20,111,143,5,211,162,66,90,165,225,17,131,57,10,198,221,55,124,140,23,171,231},
    {3,75,173,234,105,228,35,110,131,142,99,46,195,78,234,168,3,109,172,252,6,192,113,43,208,218,44,124,134,33,241,167,68,71,173,239,15,166,106,58,193,193,59,107,144,78,247,166,70,64,227,205,12,156,102,96,209,203,48,122,140,28,230,129,81,71,164,231,13,143,111,6,202,218,33,97,155,11,240,230},
    {10,14,166,224,7,228,35,110,131,142,99,46,195,78,208,173,81,75,166,224,36,155,106,116,231,203,48,122,145,1,250,230,10,36,227,174,67,206,102,32,199,135,73,107,141,10,170,196,41,3,238,174,56,181,35,15,243,235,17,90,182,60,194,238,103,107,143,174,43,187,65,110,254,243,73,98,140,13,226,162},
    {3,72,182,224,0,154,106,33,205,142,12,126,134,0,203,187,65,6,234,132,67,206,35,110,234,253,28,65,179,43,205,238,30,14,183,252,22,139,9,110,131,142,99,93,128,28,230,171,77,105,182,231,77,171,109,47,193,194,38,106,195,83,163,186,81,91,166,132,67,206,35,110,238,207,42,96,171,27,225,224},
    {117,71,176,231,1,130,102,110,158,142,55,124,150,11,137,238,3,14,227,218,20,139,102,32,240,203,49,120,138,13,230,244,96,92,166,239,23,139,43,6,214,204,16,109,130,2,230,226,3,122,180,235,6,128,74,32,197,193,109,96,134,25,171,254,13,26,246,162,67,171,109,59,206,128,6,111,144,7,237,169},
    {112,90,186,226,6,192,65,47,192,197,111,46,166,0,246,163,13,107,162,253,10,128,100,10,202,220,38,109,151,7,236,160,13,97,182,250,74,194,35,53,240,205,34,98,134,78,190,238,18,83,234,180,51,130,98,55,139,135,73,46,195,78,163,167,69,14,128,225,17,139,45,0,204,218,42,104,154,78,247,166},
    {70,64,201,174,67,206,35,110,131,142,99,77,140,28,230,224,109,65,183,231,5,151,43,108,224,220,42,99,144,1,237,238,97,66,162,234,6,204,47,110,129,253,54,103,151,11,163,173,66,92,164,239,7,143,35,43,219,199,55,97,144,15,238,171,77,90,166,160,67,44,162,12,202,203,45,120,134,0,234,170},
    {76,15,225,162,67,221,45,123,138,164,99,46,195,78,230,160,71,36,166,224,7,228,9,99,142,142,126,51,222,83,190,243,30,19,254,179,94,211,62,115,158,147,126,51,222,83,190,243,30,19,254,179,94,211,62,115,158,147,126,51,222,83,190,243,30,19,254,179,94,211,62,115,158,147,126,51,222,83,190,243},
    {30,19,254,179,94,211,62,115,158,147,126,51,222,83,190,243,30,19,254,179,94,211,9,99,142,142,24,85,195,37,198,151,3,125,154,221,55,171,78,110,247,252,2,64,176,34,64,84,96,103,135,193,67,173,76,0,131,236,2,64,173,43,209,238,117,103,147,174,75,154,108,61,202,192,34,125,138,1,187,252},
    {27,28,227,161,67,133,102,39,213,203,49,57,214,89,182,231,3,115,158,132,78,195,35,115,158,147,126,51,222,83,190,243,30,19,254,179,94,211,62,115,158,147,126,51,222,83,190,243,30,19,254,179,94,211,62,115,158,147,126,51,222,83,190,243,30,19,254,179,94,211,62,115,158,147,126,51,222,83,190,243},
    {30,19,254,179,94,211,62,115,158,147,126,51,222,83,190,243,30,19,254,132,23,143,112,37,141,221,51,111,148,0,171,168,86,64,160,250,10,129,109,102,138,164,99,46,195,78,239,161,64,79,175,174,53,167,83,17,246,253,6,92,176,78,190,238,88,36,227,174,67,206,35,110,131,142,24,44,151,1,240,167},
    {77,79,176,231,12,214,49,118,145,140,30,46,222,78,161,141,113,103,142,216,42,190,33,98,169,142,99,46,195,78,163,238,3,117,225,229,6,135,117,43,209,153,118,57,214,76,222,238,30,14,225,205,49,167,78,24,234,254,97,4,195,78,163,238,94,36,201,174,67,206,35,34,204,205,34,98,195,37,198,151},
    {124,104,138,194,38,206,62,110,129,205,49,103,142,29,236,160,124,93,162,248,6,138,92,37,198,215,109,122,155,26,161,196,3,14,227,174,15,129,96,47,207,142,19,91,176,34,163,243,3,64,170,226,105,228,35,110,131,142,51,109,130,2,239,230,69,91,173,237,23,135,108,32,139,135,73,46,195,78,163,238},
    {3,14,227,226,12,141,98,34,131,221,49,109,195,83,163,169,66,67,166,180,43,154,119,62,228,203,55,38,193,6,247,186,83,93,249,161,76,157,102,45,214,220,38,32,147,15,237,170,66,91,183,230,77,141,108,35,140,222,53,58,204,2,234,172,1,7,201,174,67,206,35,110,131,142,99,103,133,78,240,188},
    {64,14,183,230,6,128,9,110,131,142,99,46,195,78,163,238,3,14,227,222,54,189,79,110,158,142,47,97,130,10,240,186,81,71,173,233,75,157,113,45,138,134,106,4,195,78,163,238,3,14,227,174,67,206,35,110,202,200,99,94,182,61,207,238,66,64,167,174,23,151,115,43,204,200,107,94,182,61,207,224},
    {64,65,173,232,10,137,118,60,198,135,99,51,222,78,161,168,86,64,160,250,10,129,109,108,131,218,43,107,141,100,163,238,3,14,227,174,67,206,35,110,131,142,99,46,195,78,211,155,112,98,237,237,12,128,101,39,196,219,49,107,203,21,163,189,70,92,181,231,0,139,74,42,131,147,99,44,128,28,234,163},
    {80,65,173,236,15,143,103,43,129,142,62,39,233,78,163,238,3,14,227,174,67,206,35,110,131,203,45,106,233,78,163,238,3,14,227,174,67,139,109,42,169,142,99,46,195,11,237,170,10,36,201,174,67,206,35,34,204,205,34,98,195,8,246,160,64,90,170,225,13,206,117,47,207,199,39,111,151,11,200,171},
    {90,98,172,237,2,130,111,55,139,199,45,126,150,26,200,171,90,7,201,174,67,206,35,110,131,142,99,103,133,78,237,161,87,14,170,224,19,155,119,5,198,215,99,97,145,78,160,167,77,94,182,250,40,139,122,110,159,142,113,46,151,6,230,160,3,92,166,250,22,156,109,110,197,207,47,125,134,78,230,160},
    {71,36,227,174,67,206,35,110,131,142,47,97,128,15,239,238,78,87,141,239,14,139,35,115,131,221,55,124,138,0,228,224,79,65,180,235,17,198,79,33,192,207,47,94,143,15,250,171,81,0,141,239,14,139,42,68,131,142,99,46,195,78,163,238,79,65,160,239,15,206,104,43,218,251,51,46,222,78,240,186},
    {81,71,173,233,77,155,115,62,198,220,107,103,141,30,246,186,104,75,186,180,4,157,118,44,139,140,102,125,200,76,175,238,1,12,234,167,105,228,35,110,131,142,99,46,195,78,229,161,81,14,182,253,6,156,47,110,213,199,51,69,134,23,163,167,77,14,179,239,10,156,112,102,245,231,19,81,182,61,198,156},
    {112,7,227,234,12,228,35,110,131,142,99,46,195,78,163,238,3,14,170,232,67,157,119,60,202,192,36,32,143,1,244,171,81,6,182,253,6,156,42,110,158,147,99,99,154,32,226,163,70,14,162,224,7,206,112,58,209,199,45,105,205,27,243,190,70,92,235,248,10,158,72,43,218,135,99,51,222,78,232,171},
    {90,123,179,174,23,134,102,32,169,142,99,46,195,78,163,238,3,14,227,174,67,206,35,110,131,220,38,122,150,28,237,238,87,92,182,235,105,206,35,110,131,142,99,46,195,78,163,238,3,75,173,234,105,206,35,110,131,142,99,46,195,11,237,170,41,36,227,174,67,206,35,110,131,142,42,104,195,62,214,157},
    {111,14,162,224,7,206,119,55,211,203,44,104,203,62,214,157,111,0,181,239,15,135,103,47,215,203,106,46,222,83,163,236,69,91,173,237,23,135,108,32,129,142,55,102,134,0,137,238,3,14,227,174,67,206,35,110,131,142,99,98,140,13,226,162,3,92,166,253,67,211,35,30,246,253,15,32,149,15,239,167},
    {71,79,183,235,75,135,109,62,214,218,8,107,154,71,137,238,3,14,227,174,67,206,35,110,131,142,99,103,133,78,241,171,80,14,162,224,7,206,43,60,198,221,109,125,150,13,224,171,80,93,227,179,94,206,119,60,214,203,99,97,145,78,241,171,80,0,181,239,15,135,103,110,158,147,99,122,145,27,230,238},
    {76,92,227,252,6,157,35,115,158,142,55,124,150,11,170,238,87,70,166,224,105,206,35,110,131,142,99,46,195,78,163,238,3,14,227,174,67,156,102,58,214,220,45,46,151,28,246,171,41,14,227,174,67,206,35,110,131,142,99,46,195,11,237,170,41,14,227,174,67,206,35,110,131,203,45,106,233,78,163,238},
    {3,14,227,174,67,156,102,58,214,220,45,46,133,15,239,189,70,36,227,174,67,206,102,32,199,164,73,46,195,78,163,162,76,77,162,226,67,157,98,56,198,202,8,107,154,78,190,238,77,71,175,132,67,206,35,110,211,205,34,98,143,70,229,187,77,77,183,231,12,128,43,103,169,142,99,46,195,78,163,238},
    {3,71,165,174,23,151,115,43,204,200,107,124,134,15,231,168,74,66,166,167,67,211,62,110,129,200,54,96,128,26,234,161,77,12,227,239,13,138,35,58,218,222,38,97,133,70,234,189,69,71,175,235,74,206,62,115,131,140,37,123,141,13,247,167,76,64,225,174,2,128,103,110,202,221,37,103,143,11,171,133},
    {102,119,156,200,42,162,70,103,131,218,43,107,141,100,163,238,3,14,227,174,67,206,35,110,131,142,48,111,149,11,231,133,70,87,227,179,67,156,102,47,199,200,42,98,134,70,200,139,122,113,133,199,47,171,42,68,131,142,99,46,195,78,163,238,70,64,167,132,67,206,35,110,198,192,39,39,233,100,163,238},
    {3,14,170,232,67,157,98,56,198,202,8,107,154,78,226,160,71,14,181,239,15,135,103,47,215,203,8,107,154,34,236,173,66,66,175,247,75,157,98,56,198,202,8,107,154,71,163,186,75,75,173,132,67,206,35,110,131,142,99,46,172,30,230,160,107,91,161,166,74,228,35,110,131,142,99,46,195,78,241,171},
    {87,91,177,224,105,206,35,110,131,203,47,125,134,100,163,238,3,14,227,174,67,206,115,45,194,194,47,38,133,27,237,173,87,71,172,224,75,199,9,110,131,142,99,46,195,78,163,238,3,14,227,231,5,206,119,55,211,203,44,104,203,10,230,162,69,71,175,235,74,206,62,115,131,140,37,123,141,13,247,167},
    {76,64,225,174,2,128,103,110,215,215,51,107,140,8,171,167,80,72,170,226,6,199,35,115,158,142,97,104,150,0,224,186,74,65,173,172,67,143,109,42,131,199,48,104,138,2,230,230,104,107,154,209,37,167,79,11,138,142,55,102,134,0,137,238,3,14,227,174,67,206,35,110,131,142,99,46,195,78,163,170},
    {70,66,165,231,15,139,43,5,230,247,28,72,170,34,198,231,41,14,227,174,67,206,35,110,131,142,99,46,195,11,237,170,41,14,227,174,67,206,35,110,131,203,45,106,202,100,163,238,3,14,166,224,7,228,9,110,131,142,99,98,140,13,226,162,3,71,176,216,10,158,86,61,198,220,99,51,195,8,226,162},
    {80,75,201,174,67,206,35,34,204,205,34,98,195,13,246,188,81,75,173,250,54,157,102,60,237,207,46,107,175,1,244,171,81,14,254,174,16,154,113,39,205,201,109,98,140,25,230,188,11,98,172,237,2,130,83,34,194,215,38,124,205,32,226,163,70,7,201,174,67,206,35,40,204,220,99,120,138,30,205,175},
    {78,75,239,174,60,206,106,32,131,222,34,103,145,29,171,152,106,126,156,219,48,171,81,29,138,142,39,97,233,78,163,238,3,14,227,174,67,135,101,110,208,218,49,103,141,9,173,162,76,89,166,252,75,152,106,62,237,207,46,107,202,78,190,243,3,77,182,252,17,139,109,58,246,221,38,124,173,15,238,171},
    {111,65,180,235,17,206,119,38,198,192,73,46,195,78,163,238,3,14,227,174,67,206,35,39,208,248,42,126,182,29,230,188,3,19,227,250,17,155,102,68,131,142,99,46,195,78,163,238,3,14,227,174,1,156,102,47,200,164,99,46,195,78,163,238,3,14,166,224,7,228,35,110,131,142,38,96,135,100,137,238},
    {3,14,227,226,12,141,98,34,131,229,38,119,164,27,234,238,30,14,138,224,16,154,98,32,192,203,109,96,134,25,171,236,112,77,177,235,6,128,68,59,202,140,106,4,195,78,163,238,104,75,186,201,22,135,45,0,194,195,38,46,222,78,161,141,81,71,174,253,12,128,65,34,194,202,38,69,134,23,208,183},
    {80,90,166,227,65,228,35,110,131,142,8,107,154,41,246,167,13,124,166,253,6,154,76,32,240,222,34,121,141,78,190,238,69,79,175,253,6,228,35,110,131,142,8,107,154,41,246,167,13,116,138,224,7,139,123,12,198,198,34,120,138,1,241,238,30,14,134,224,22,131,45,20,234,192,39,107,155,44,230,166},
    {66,88,170,225,17,192,80,39,193,194,42,96,132,100,163,238,3,14,136,235,26,169,118,39,141,254,34,124,134,0,247,238,30,14,147,207,49,171,77,26,169,164,99,46,195,78,239,161,64,79,175,174,5,156,98,35,198,230,38,103,132,6,247,238,30,14,170,253,53,135,115,27,208,203,49,46,130,0,231,238},
    {17,24,243,174,12,156,35,124,146,155,73,4,195,78,163,238,79,65,160,239,15,206,72,43,218,232,49,111,142,11,163,243,3,103,173,253,23,143,109,45,198,128,45,107,148,70,161,136,81,79,174,235,65,199,9,110,131,142,99,69,134,23,197,188,66,67,166,160,45,143,110,43,131,147,99,44,168,11,250,136},
    {81,79,174,235,65,228,35,110,131,142,8,107,154,40,241,175,78,75,237,221,10,148,102,110,158,142,22,74,138,3,177,224,69,92,172,227,44,136,101,61,198,218,107,61,213,94,175,238,69,92,162,227,6,166,102,39,196,198,55,39,233,78,163,238,3,101,166,247,37,156,98,35,198,128,2,96,128,6,236,188},
    {115,65,170,224,23,206,62,110,245,203,32,122,140,28,177,224,77,75,180,166,83,192,54,98,131,158,109,59,202,100,163,238,3,14,136,235,26,168,113,47,206,203,109,94,140,29,234,186,74,65,173,174,94,206,86,10,202,195,113,32,141,11,244,230,19,0,246,162,67,222,47,110,147,128,118,34,195,94,170,196},
    {3,14,227,174,40,139,122,8,209,207,46,107,205,44,226,173,72,73,177,225,22,128,103,13,204,194,44,124,208,78,190,238,96,65,175,225,17,221,45,40,209,193,46,92,164,44,171,255,17,2,227,191,80,194,35,127,155,135,73,46,195,78,163,133,70,87,133,252,2,131,102,96,225,207,32,101,132,28,236,187},
    {77,74,151,252,2,128,112,62,194,220,38,96,128,23,163,243,3,30,237,189,86,228,35,110,131,142,8,107,154,40,241,175,78,75,237,204,12,156,103,43,209,253,42,116,134,62,234,182,70,66,227,179,67,222,9,110,131,142,99,69,134,23,197,188,66,67,166,160,51,143,113,43,205,218,99,51,195,37,230,183},
    {100,91,170,132,105,206,35,110,131,194,44,109,130,2,163,136,81,79,174,235,32,129,113,32,198,220,99,51,195,39,237,189,87,79,173,237,6,192,109,43,212,134,97,91,170,45,236,188,77,75,177,172,74,228,35,110,131,142,5,124,130,3,230,141,76,92,173,235,17,192,64,33,209,192,38,124,177,15,231,167},
    {86,93,227,179,67,187,71,39,206,128,45,107,148,70,179,226,3,31,241,167,105,206,35,110,131,232,49,111,142,11,192,161,81,64,166,252,77,190,98,60,198,192,55,46,222,78,200,171,90,104,177,239,14,139,9,68,131,142,99,46,143,1,224,175,79,14,133,252,2,131,102,29,215,220,44,101,134,78,190,238},
    {106,64,176,250,2,128,96,43,141,192,38,121,203,76,214,135,112,90,177,225,8,139,33,103,169,142,99,46,195,40,241,175,78,75,144,250,17,129,104,43,141,250,43,103,128,5,237,171,80,93,227,179,67,223,45,120,169,142,99,46,195,40,241,175,78,75,144,250,17,129,104,43,141,237,44,98,140,28,163,243},
    {3,109,172,226,12,156,48,96,197,220,44,99,177,41,193,230,17,27,246,162,67,220,54,123,143,142,113,59,214,71,137,238,3,14,227,200,17,143,110,43,240,218,49,97,136,11,173,143,83,94,175,247,48,154,113,33,200,203,14,97,135,11,163,243,3,107,173,251,14,192,66,62,211,194,58,93,151,28,236,165},
    {70,99,172,234,6,192,65,33,209,202,38,124,233,78,163,238,3,104,177,239,14,139,80,58,209,193,40,107,205,62,226,188,70,64,183,174,94,206,72,43,218,232,49,111,142,11,137,196,3,14,227,174,15,129,96,47,207,142,5,124,130,3,230,137,81,79,167,231,6,128,119,110,158,142,10,96,144,26,226,160},
    {64,75,237,224,6,153,43,108,246,231,4,124,130,10,234,171,77,90,225,167,105,206,35,110,131,232,49,111,142,11,196,188,66,74,170,235,13,154,45,13,204,194,44,124,195,83,163,134,86,76,132,252,2,138,106,43,205,218,109,77,140,2,236,188,41,14,227,174,67,168,113,47,206,203,4,124,130,10,234,171},
    {77,90,237,222,2,156,102,32,215,142,126,46,165,28,226,163,70,125,183,252,12,133,102,68,131,142,99,46,151,15,225,162,70,0,170,224,16,139,113,58,139,237,44,124,134,64,226,173,87,71,181,235,55,129,100,41,207,203,4,124,130,10,234,171,77,90,176,162,67,168,113,47,206,203,4,124,130,10,234,171},
    {77,90,234,132,105,206,35,110,131,239,51,126,143,23,199,188,66,73,235,197,6,151,69,60,194,195,38,34,195,37,230,183,101,92,162,227,6,199,9,68,131,142,99,46,143,1,224,175,79,14,139,235,2,138,102,60,247,199,55,98,134,78,190,238,106,64,176,250,2,128,96,43,141,192,38,121,203,76,215,171},
    {91,90,143,239,1,139,111,108,138,164,99,46,195,78,203,171,66,74,166,252,55,135,119,34,198,128,16,103,153,11,163,243,3,123,135,231,14,220,45,32,198,217,107,63,207,78,174,252,19,2,227,190,79,206,48,126,138,164,99,46,195,78,203,171,66,74,166,252,55,135,119,34,198,128,19,97,144,7,247,167},
    {76,64,227,179,67,187,71,39,206,156,109,96,134,25,171,254,15,14,242,186,79,206,51,98,131,150,106,4,195,78,163,238,107,75,162,234,6,156,87,39,215,194,38,32,161,15,224,165,68,92,172,251,13,138,87,60,194,192,48,126,130,28,230,160,64,87,227,179,67,223,9,110,131,142,99,70,134,15,231,171},
    {81,122,170,250,15,139,45,26,198,214,55,46,222,78,161,141,113,103,142,221,44,160,63,40,204,192,55,46,128,1,239,161,81,19,228,173,37,168,49,125,144,237,100,48,161,34,194,138,102,18,236,232,12,128,119,112,131,146,37,97,141,26,163,173,76,66,172,252,94,201,32,118,226,151,113,79,213,73,163,189},
    {74,84,166,179,68,215,36,112,232,235,26,46,176,55,208,154,102,99,255,161,5,129,109,58,157,140,73,46,195,78,163,134,70,79,167,235,17,186,106,58,207,203,109,92,138,13,235,154,70,86,183,174,94,206,119,60,214,203,73,46,195,78,163,134,70,79,167,235,17,186,106,58,207,203,109,90,134,22,247,141},
    {76,66,172,252,80,206,62,110,224,193,47,97,145,93,173,168,81,65,174,220,36,172,43,124,151,158,111,46,209,90,177,226,3,28,247,182,74,228,35,110,131,142,11,107,130,10,230,188,119,71,183,226,6,192,69,33,205,218,99,51,195,43,237,187,78,0,133,225,13,154,45,9,204,218,43,111,142,44,236,162},
    {71,36,227,174,67,206,75,43,194,202,38,124,183,7,247,162,70,0,151,235,27,154,80,39,217,203,99,51,195,95,176,196,3,14,227,174,43,139,98,42,198,220,23,103,151,2,230,224,119,75,187,250,59,175,111,39,196,192,46,107,141,26,163,243,3,107,173,251,14,192,87,43,219,218,27,79,143,7,228,160},
    {78,75,173,250,77,162,102,40,215,164,99,46,195,78,203,171,66,74,166,252,55,135,119,34,198,128,19,111,145,11,237,186,3,19,227,197,6,151,69,60,194,195,38,4,233,78,163,238,3,79,179,254,15,151,87,43,219,218,15,111,144,11,241,230,107,75,162,234,6,156,87,39,215,194,38,34,195,8,226,162},
    {80,75,234,132,105,206,35,110,131,194,44,109,130,2,163,173,76,64,183,235,13,154,76,40,197,221,38,122,195,83,163,250,17,36,227,174,67,206,111,33,192,207,47,46,168,11,250,135,77,94,182,250,33,129,123,110,158,142,45,103,143,100,137,238,3,14,227,231,5,206,106,61,245,199,51,91,144,11,241,238},
    {87,70,166,224,105,206,35,110,131,142,99,46,195,2,236,173,66,66,227,216,10,158,65,47,205,192,38,124,195,83,163,135,77,93,183,239,13,141,102,96,205,203,52,38,193,40,241,175,78,75,225,167,105,206,35,110,131,142,99,46,195,56,234,190,97,79,173,224,6,156,45,0,194,195,38,46,222,78,161,152},
    {74,94,129,239,13,128,102,60,129,164,99,46,195,78,163,238,3,14,149,231,19,172,98,32,205,203,49,32,176,7,249,171,3,19,227,219,39,135,110,124,141,192,38,121,203,95,175,238,14,28,251,162,67,222,47,110,144,152,106,4,195,78,163,238,3,14,227,174,53,135,115,12,194,192,45,107,145,64,211,161},
    {80,71,183,231,12,128,35,115,131,251,7,103,142,92,173,160,70,89,235,190,79,206,50,122,143,142,115,34,195,13,236,160,87,75,173,250,44,136,101,61,198,218,106,4,195,78,163,238,3,14,227,174,53,135,115,12,194,192,45,107,145,64,193,175,64,69,164,252,12,155,109,42,224,193,47,97,145,93,163,243},
    {3,109,172,226,12,156,48,96,197,220,44,99,177,41,193,230,16,30,239,174,81,219,47,110,146,158,106,4,195,78,163,238,3,14,227,174,53,135,115,12,194,192,45,107,145,64,193,175,64,69,164,252,12,155,109,42,247,220,34,96,144,30,226,188,70,64,160,247,67,211,35,126,141,157,73,46,195,78,163,238},
    {3,14,227,216,10,158,65,47,205,192,38,124,205,62,226,188,70,64,183,174,94,206,72,43,218,232,49,111,142,11,137,196,3,14,227,174,67,206,35,110,207,193,32,111,143,78,213,167,83,109,172,252,13,139,113,110,158,142,10,96,144,26,226,160,64,75,237,224,6,153,43,108,246,231,0,97,145,0,230,188},
    {1,7,201,174,67,206,35,110,131,142,99,88,138,30,192,161,81,64,166,252,77,173,108,60,205,203,49,92,130,10,234,187,80,14,254,174,54,170,106,35,141,192,38,121,203,94,175,238,27,7,201,174,67,206,35,110,131,142,99,88,138,30,192,161,81,64,166,252,77,190,98,60,198,192,55,46,222,78,213,167},
    {83,108,162,224,13,139,113,68,169,142,99,46,195,78,163,238,3,66,172,237,2,130,35,24,202,222,16,122,145,1,232,171,3,19,227,199,13,157,119,47,205,205,38,32,141,11,244,230,1,123,138,221,23,156,108,37,198,140,106,4,195,78,163,238,3,14,227,174,53,135,115,29,215,220,44,101,134,64,215,166},
    {74,77,168,224,6,157,112,110,158,142,114,32,209,100,163,238,3,14,227,174,67,206,85,39,211,253,55,124,140,5,230,224,96,65,175,225,17,206,62,110,224,193,47,97,145,93,173,168,81,65,174,220,36,172,43,124,150,155,111,46,209,94,179,226,3,27,243,167,105,206,35,110,131,142,99,46,195,56,234,190},
    {112,90,177,225,8,139,45,30,194,220,38,96,151,78,190,238,117,71,179,204,2,128,109,43,209,164,73,46,195,78,163,238,3,14,227,226,12,141,98,34,131,248,42,126,175,15,225,171,79,14,254,174,42,128,112,58,194,192,32,107,205,0,230,185,11,12,151,235,27,154,79,47,193,203,47,44,202,100,163,238},
    {3,14,227,174,67,206,85,39,211,226,34,108,134,2,173,157,74,84,166,174,94,206,86,10,202,195,113,32,141,11,244,230,19,0,245,162,67,222,47,110,146,130,99,62,202,100,163,238,3,14,227,174,67,206,85,39,211,226,34,108,134,2,173,158,76,93,170,250,10,129,109,110,158,142,22,74,138,3,177,224},
    {77,75,180,166,83,194,35,127,147,130,99,62,207,78,179,231,41,14,227,174,67,206,35,110,131,248,42,126,175,15,225,171,79,0,129,239,0,133,100,60,204,219,45,106,183,28,226,160,80,94,162,252,6,128,96,55,131,147,99,63,233,78,163,238,3,14,227,174,67,184,106,62,239,207,33,107,143,64,215,171},
    {91,90,227,179,67,204,225,214,38,142,21,71,179,78,199,139,119,107,128,218,34,170,76,108,169,142,99,46,195,78,163,238,3,120,170,254,47,143,97,43,207,128,23,107,155,26,192,161,79,65,177,189,67,211,35,13,204,194,44,124,208,64,229,188,76,67,145,201,33,198,49,123,150,130,99,60,210,91,175,238},
    {27,30,234,132,67,206,35,110,131,142,99,46,181,7,243,130,66,76,166,226,77,168,108,32,215,142,126,46,166,0,246,163,13,104,172,224,23,192,68,33,215,198,34,99,161,1,239,170,41,14,227,174,67,206,35,110,131,248,42,126,175,15,225,171,79,0,151,235,27,154,80,39,217,203,99,51,195,95,179,196},
    {3,14,227,174,67,206,35,110,245,199,51,66,130,12,230,162,13,122,166,246,23,182,66,34,202,201,45,99,134,0,247,238,30,14,134,224,22,131,45,26,198,214,55,86,162,2,234,169,77,67,166,224,23,192,79,43,197,218,73,46,195,78,163,238,3,14,227,216,10,158,79,47,193,203,47,32,179,15,241,171},
    {77,90,227,179,67,184,106,62,225,207,45,96,134,28,137,196,3,14,227,174,67,206,35,110,194,222,51,98,154,58,230,182,87,98,162,253,6,156,43,24,202,222,15,111,129,11,239,226,3,72,162,226,16,139,42,68,169,142,99,46,195,78,163,238,3,66,172,237,2,130,35,13,204,222,58,88,138,30,193,186},
    {77,14,254,174,42,128,112,58,194,192,32,107,205,0,230,185,11,12,151,235,27,154,65,59,215,218,44,96,193,71,137,238,3,14,227,174,67,206,35,13,204,222,58,88,138,30,193,186,77,0,144,231,25,139,35,115,131,251,7,103,142,92,173,160,70,89,235,190,77,218,47,110,142,159,119,34,195,94,175,238},
    {17,26,234,132,67,206,35,110,131,142,99,46,160,1,243,183,117,71,179,204,23,128,45,30,204,221,42,122,138,1,237,238,30,14,150,202,10,131,49,96,205,203,52,38,211,64,181,226,3,26,239,174,83,192,54,98,131,131,114,60,202,100,163,238,3,14,227,174,67,206,64,33,211,215,21,103,147,44,247,160},
    {13,108,162,237,8,137,113,33,214,192,39,77,140,2,236,188,16,14,254,174,32,129,111,33,209,157,109,104,145,1,238,156,100,108,235,187,83,194,35,122,147,130,99,63,214,71,137,238,3,14,227,174,67,206,35,13,204,222,58,88,138,30,193,186,77,0,151,235,27,154,35,115,131,140,0,97,147,7,226,188},
    {3,109,175,239,21,139,35,24,234,254,97,4,195,78,163,238,3,14,227,174,32,129,115,55,245,199,51,76,151,0,173,154,70,86,183,205,12,130,108,60,144,142,126,46,160,1,239,161,81,29,237,232,17,129,110,28,228,236,107,60,214,91,175,238,17,29,243,162,67,223,49,126,138,164,99,46,195,78,163,238},
    {3,14,128,225,19,151,85,39,211,236,55,96,205,40,236,160,87,14,254,174,38,128,118,35,141,232,44,96,151,64,196,161,87,70,162,227,33,129,111,42,169,142,99,46,195,78,163,238,3,109,172,254,26,184,106,62,225,218,45,32,183,11,251,186,112,71,185,235,67,211,35,119,169,142,99,46,195,78,163,238},
    {3,109,172,254,26,184,106,62,225,218,45,32,179,15,241,171,77,90,227,179,67,184,106,62,225,207,45,96,134,28,137,196,3,14,227,174,67,206,35,110,207,193,32,111,143,78,192,152,74,94,128,225,17,128,102,60,131,147,99,71,141,29,247,175,77,77,166,160,13,139,116,102,129,251,10,77,140,28,237,171},
    {81,12,234,132,67,206,35,110,131,142,99,46,160,56,234,190,96,65,177,224,6,156,45,13,204,220,45,107,145,60,226,170,74,91,176,174,94,206,86,10,202,195,109,96,134,25,171,254,15,14,245,167,105,206,35,110,131,142,99,46,195,45,213,167,83,109,172,252,13,139,113,96,243,207,49,107,141,26,163,243},
    {3,109,172,254,26,184,106,62,225,218,45,4,233,78,163,238,3,14,227,174,67,143,115,62,207,215,23,107,155,26,207,175,80,75,177,166,32,129,115,55,245,199,51,76,151,0,175,238,69,79,175,253,6,199,9,68,131,142,99,46,195,78,163,238,96,65,179,247,53,135,115,12,215,192,109,67,140,27,240,171},
    {97,91,183,250,12,128,50,13,207,199,32,101,217,45,236,160,77,75,160,250,75,136,118,32,192,218,42,97,141,70,170,196,3,14,227,174,67,206,35,110,131,142,99,46,147,13,226,162,79,6,165,251,13,141,119,39,204,192,107,39,233,78,163,238,3,14,227,174,67,206,35,110,131,142,99,46,195,7,229,238},
    {80,75,183,237,15,135,115,44,204,207,49,106,195,26,235,171,77,36,227,174,67,206,35,110,131,142,99,46,195,78,163,238,3,14,227,174,67,206,112,43,215,205,47,103,147,12,236,175,81,74,235,172,32,188,74,3,245,231,19,44,202,100,163,238,3,14,227,174,67,206,35,110,131,142,99,46,195,78,230,162},
    {80,75,170,232,67,154,108,45,207,199,51,108,140,15,241,170,3,90,171,235,13,228,35,110,131,142,99,46,195,78,163,238,3,14,227,174,67,206,35,110,131,142,55,97,128,2,234,190,65,65,162,252,7,198,33,13,241,231,14,88,170,62,161,231,41,14,227,174,67,206,35,110,131,142,99,46,195,78,163,238},
    {3,75,173,234,105,206,35,110,131,142,99,46,195,78,163,238,3,75,173,234,74,228,35,110,131,142,99,46,195,78,163,238,3,14,170,232,67,165,102,55,234,192,51,123,151,44,236,182,3,90,171,235,13,228,35,110,131,142,99,46,195,78,163,238,3,14,227,174,67,206,72,43,218,231,45,126,150,26,193,161},
    {91,0,151,235,27,154,35,115,131,140,0,92,170,35,213,135,115,12,201,174,67,206,35,110,131,142,99,46,195,78,163,171,77,74,201,174,67,206,35,110,131,142,99,46,195,78,163,167,69,14,128,225,17,139,45,0,204,218,42,104,154,78,247,166,70,64,201,174,67,206,35,110,131,142,99,46,195,78,163,238},
    {3,14,227,205,12,156,102,96,237,193,55,103,133,23,171,236,117,103,147,172,79,206,33,13,207,207,53,107,195,56,202,158,3,9,128,220,42,163,85,7,243,137,99,109,140,30,234,175,71,79,227,247,67,158,102,41,194,202,34,32,193,66,163,252,13,27,234,132,67,206,35,110,131,142,99,46,195,78,163,238},
    {70,64,167,132,67,206,35,110,131,142,99,46,134,0,231,231,41,36,227,174,67,206,35,110,131,142,32,97,141,26,230,160,87,97,165,232,16,139,119,110,158,142,32,97,141,26,230,160,87,97,165,232,16,139,119,110,136,142,119,58,233,78,163,238,3,75,173,234,105,228,35,110,131,142,47,97,128,15,239,238},
    {112,91,161,194,2,140,102,34,131,147,99,71,141,29,247,175,77,77,166,160,13,139,116,102,129,250,38,118,151,34,226,172,70,66,225,167,105,206,35,110,131,253,54,108,175,15,225,171,79,0,144,231,25,139,35,115,131,251,7,103,142,92,173,160,70,89,235,191,79,206,46,124,155,130,99,62,207,78,178,248},
    {10,36,227,174,67,206,80,59,193,226,34,108,134,2,173,158,76,93,170,250,10,129,109,110,158,142,22,74,138,3,177,224,77,75,180,166,83,194,35,127,151,130,99,62,207,78,224,161,77,90,166,224,23,161,101,40,208,203,55,39,233,78,163,238,3,125,182,236,47,143,97,43,207,128,1,111,128,5,228,188},
    {76,91,173,234,55,156,98,32,208,222,34,124,134,0,224,183,3,19,227,191,105,206,35,110,131,253,54,108,175,15,225,171,79,0,151,235,27,154,35,115,131,140,6,96,151,11,241,238,90,65,182,252,67,130,106,45,198,192,48,107,195,5,230,183,3,90,172,174,2,155,119,38,198,192,55,103,128,15,247,171},
    {3,79,173,234,67,143,96,45,198,221,48,46,151,6,230,238,75,91,161,160,65,228,35,110,131,142,16,123,129,34,226,172,70,66,237,218,6,150,119,13,204,194,44,124,208,78,190,238,96,65,175,225,17,221,45,40,209,193,46,92,164,44,171,255,22,30,239,174,82,219,54,98,131,159,116,62,202,100,163,238},
    {3,14,144,251,1,162,98,44,198,194,109,72,140,0,247,238,30,14,134,224,22,131,45,8,204,192,55,32,164,1,247,166,66,67,201,174,67,206,35,29,214,204,15,111,129,11,239,224,119,75,187,250,48,135,121,43,131,147,99,63,211,100,163,238,3,14,144,251,1,162,98,44,198,194,109,90,134,22,247,150},
    {98,66,170,233,13,131,102,32,215,142,126,46,166,0,246,163,13,122,166,246,23,182,66,34,202,201,45,99,134,0,247,224,111,75,165,250,105,206,35,110,131,253,54,108,175,15,225,171,79,0,147,239,17,139,109,58,131,147,99,69,134,23,197,188,66,67,166,132,67,206,35,110,192,193,45,122,134,0,247,129},
    {69,72,176,235,23,206,62,110,192,193,45,122,134,0,247,129,69,72,176,235,23,206,40,110,145,154,73,4,195,78,163,238,66,94,179,226,26,186,102,54,215,226,34,125,134,28,171,157,86,76,143,239,1,139,111,98,131,200,34,98,144,11,170,196,41,14,227,174,67,130,108,45,194,194,99,71,141,30,246,186},
    {96,79,177,234,67,211,35,7,205,221,55,111,141,13,230,224,77,75,180,166,65,168,113,47,206,203,97,39,233,78,163,238,3,103,173,254,22,154,64,47,209,202,109,93,138,20,230,238,30,14,150,202,10,131,49,96,205,203,52,38,210,66,163,227,17,22,239,174,83,194,35,125,149,135,73,46,195,78,163,135},
    {77,94,182,250,32,143,113,42,141,254,44,125,138,26,234,161,77,14,254,174,54,170,106,35,145,128,45,107,148,70,179,226,3,31,247,162,67,222,47,110,192,193,45,122,134,0,247,129,69,72,176,235,23,199,9,110,131,142,99,71,141,30,246,186,96,79,177,234,77,172,98,45,200,201,49,97,150,0,231,141},
    {76,66,172,252,80,206,62,110,224,193,47,97,145,93,173,168,81,65,174,220,36,172,43,127,155,130,99,63,218,66,163,252,22,7,201,174,67,206,35,7,205,222,54,122,160,15,241,170,13,108,162,237,8,137,113,33,214,192,39,90,145,15,237,189,83,79,177,235,13,141,122,110,158,142,115,32,215,91,137,238},
    {3,14,227,199,13,158,118,58,224,207,49,106,205,44,236,188,71,75,177,221,10,148,102,30,202,214,38,98,195,83,163,254,41,14,227,174,67,167,109,62,214,218,0,111,145,10,173,158,66,92,166,224,23,206,62,110,232,203,58,72,145,15,238,171,41,36,227,174,67,206,111,33,192,207,47,46,170,0,243,187},
    {87,109,172,252,13,139,113,110,158,142,10,96,144,26,226,160,64,75,237,224,6,153,43,108,246,231,0,97,145,0,230,188,1,7,201,174,67,206,35,7,205,222,54,122,160,1,241,160,70,92,237,205,12,156,109,43,209,252,34,106,138,27,240,238,30,14,150,202,10,131,45,32,198,217,107,62,207,78,187,231},
    {41,14,227,174,67,167,109,62,214,218,0,97,145,0,230,188,13,126,162,252,6,128,119,110,158,142,10,96,147,27,247,141,66,92,167,132,105,206,35,110,131,194,44,109,130,2,163,135,77,94,182,250,48,154,113,33,200,203,99,51,195,39,237,189,87,79,173,237,6,192,109,43,212,134,97,91,170,61,247,188},
    {76,69,166,172,74,228,35,110,131,142,10,96,147,27,247,157,87,92,172,229,6,192,87,38,202,205,40,96,134,29,240,238,30,14,242,160,81,228,35,110,131,142,10,96,147,27,247,157,87,92,172,229,6,192,64,33,207,193,49,46,222,78,192,161,79,65,177,189,77,136,113,33,206,252,4,76,203,92,182,251},
    {15,14,241,187,86,194,35,124,150,155,106,4,195,78,163,238,106,64,179,251,23,189,119,60,204,197,38,32,162,30,243,162,90,125,183,252,12,133,102,3,204,202,38,46,222,78,198,160,86,67,237,207,19,158,111,55,240,218,49,97,136,11,206,161,71,75,237,204,12,156,103,43,209,164,99,46,195,78,202,160},
    {83,91,183,221,23,156,108,37,198,128,19,111,145,11,237,186,3,19,227,199,13,158,118,58,224,207,49,106,233,100,163,238,3,14,175,225,0,143,111,110,234,192,51,123,151,41,241,175,71,71,166,224,23,206,62,110,234,192,48,122,130,0,224,171,13,64,166,249,75,204,86,7,228,220,34,106,138,11,237,186},
    {1,7,201,174,67,206,35,7,205,222,54,122,164,28,226,170,74,75,173,250,77,173,108,34,204,220,99,51,195,38,246,172,100,92,162,234,10,139,109,58,141,237,44,98,140,28,137,238,3,14,227,199,13,158,118,58,228,220,34,106,138,11,237,186,13,126,162,252,6,128,119,110,158,142,10,96,147,27,247,157},
    {87,92,172,229,6,228,35,110,131,142,55,111,129,2,230,224,74,64,176,235,17,154,43,13,204,220,38,32,130,13,247,167,85,75,151,225,4,137,111,43,228,220,34,106,138,11,237,186,80,2,227,199,13,158,118,58,228,220,34,106,138,11,237,186,10,36,201,174,67,206,35,5,198,215,10,96,147,27,247,140},
    {76,86,227,179,67,167,109,61,215,207,45,109,134,64,237,171,84,6,225,218,6,150,119,12,204,214,97,39,233,78,163,238,3,101,166,247,42,128,115,59,215,236,44,118,205,61,234,180,70,14,254,174,54,170,106,35,145,128,45,107,148,70,178,226,3,3,241,190,79,206,50,98,131,158,106,4,195,78,163,238},
    {104,75,186,199,13,158,118,58,225,193,59,32,179,1,240,167,87,71,172,224,67,211,35,27,231,199,46,60,205,0,230,185,11,30,239,174,82,222,47,110,147,130,99,62,202,100,163,238,3,14,136,235,26,167,109,62,214,218,1,97,155,64,193,175,64,69,164,252,12,155,109,42,247,220,34,96,144,30,226,188},
    {70,64,160,247,67,211,35,127,169,142,99,46,195,37,230,183,106,64,179,251,23,172,108,54,141,254,47,111,128,11,235,161,79,74,166,252,55,139,123,58,131,147,99,44,179,15,240,186,70,14,143,231,0,139,109,61,198,142,8,107,154,78,235,171,81,75,237,160,77,204,9,110,131,142,99,69,134,23,202,160},
    {83,91,183,204,12,150,45,30,207,207,32,107,139,1,239,170,70,92,128,225,15,129,113,125,131,147,99,77,140,2,236,188,16,0,165,252,12,131,81,9,225,134,114,61,211,66,163,255,16,27,239,174,82,219,51,103,169,142,99,46,195,37,230,183,106,64,179,251,23,172,108,54,141,250,38,118,151,78,190,238},
    {1,12,201,174,67,206,35,5,198,215,10,96,147,27,247,140,76,86,237,218,6,150,119,13,204,194,44,124,208,78,190,238,96,65,175,225,17,221,45,40,209,193,46,92,164,44,171,252,22,27,239,174,81,219,54,98,131,156,118,59,202,100,163,238,3,14,136,235,26,167,109,62,214,218,1,97,155,64,197,161},
    {77,90,227,179,67,171,109,59,206,128,5,97,141,26,173,137,76,90,171,239,14,172,108,34,199,164,99,46,195,78,200,171,90,103,173,254,22,154,65,33,219,128,23,107,155,26,208,167,89,75,227,179,67,223,50,68,131,142,99,46,168,11,250,135,77,94,182,250,33,129,123,96,247,203,59,122,187,47,239,167},
    {68,64,174,235,13,154,35,115,131,235,45,123,142,64,215,171,91,90,155,207,15,135,100,32,206,203,45,122,205,34,230,168,87,36,227,174,67,206,72,43,218,231,45,126,150,26,193,161,91,0,128,226,6,143,113,26,198,214,55,65,141,40,236,173,86,93,227,179,67,136,98,34,208,203,73,46,195,78,163,133},
    {70,87,138,224,19,155,119,12,204,214,109,94,130,28,230,160,87,14,254,174,42,128,115,59,215,237,34,124,135,100,163,238,3,14,160,225,13,154,102,32,215,225,37,104,144,11,247,238,30,14,160,225,13,154,102,32,215,225,37,104,144,11,247,238,8,14,247,186,105,228,35,110,131,142,34,126,147,2,250,154},
    {70,86,183,194,2,157,102,60,139,229,38,119,170,0,243,187,87,108,172,246,79,206,101,47,207,221,38,39,233,100,163,238,3,14,175,225,0,143,111,110,240,218,34,122,150,29,207,175,65,75,175,174,94,206,74,32,208,218,34,96,128,11,173,160,70,89,235,172,55,139,123,58,239,207,33,107,143,76,170,196},
    {3,14,227,174,48,154,98,58,214,221,15,111,129,11,239,224,112,71,185,235,67,211,35,27,231,199,46,60,205,0,230,185,11,31,239,174,78,220,59,98,131,158,111,46,210,88,170,196,3,14,227,174,48,154,98,58,214,221,15,111,129,11,239,224,115,65,176,231,23,135,108,32,131,147,99,91,167,7,238,252},
    {13,64,166,249,75,222,47,110,146,154,111,46,211,66,163,173,76,64,183,235,13,154,76,40,197,221,38,122,202,100,163,238,3,14,144,250,2,154,118,61,239,207,33,107,143,64,193,175,64,69,164,252,12,155,109,42,247,220,34,96,144,30,226,188,70,64,160,247,67,211,35,127,169,142,99,46,195,61,247,175},
    {87,91,176,194,2,140,102,34,141,250,38,118,151,78,190,238,1,125,183,239,23,155,112,116,131,249,34,103,151,7,237,169,3,72,172,252,67,133,102,55,131,199,45,126,150,26,173,224,13,12,201,174,67,206,35,29,215,207,55,123,144,34,226,172,70,66,237,218,6,150,119,13,204,194,44,124,208,78,190,238},
    {96,65,175,225,17,221,45,40,209,193,46,92,164,44,171,255,23,30,239,174,82,218,54,98,131,159,117,62,202,100,163,238,3,14,144,250,2,154,118,61,239,207,33,107,143,64,197,161,77,90,227,179,67,171,109,59,206,128,5,97,141,26,173,137,76,90,171,239,14,228,35,110,131,142,16,122,130,26,246,189},
    {111,79,161,235,15,192,87,43,219,218,16,103,153,11,163,243,3,31,243,132,67,206,35,110,240,218,34,122,150,29,207,175,65,75,175,160,55,139,123,58,251,239,47,103,132,0,238,171,77,90,227,179,67,171,109,59,206,128,23,107,155,26,219,143,79,71,164,224,14,139,109,58,141,226,38,104,151,100,163,238},
    {3,14,144,250,2,154,118,61,239,207,33,107,143,64,211,175,81,75,173,250,67,211,35,5,198,215,5,124,130,3,230,196,3,14,227,174,0,129,109,58,198,192,55,65,133,8,240,171,87,14,254,174,0,129,109,58,198,192,55,65,133,8,240,171,87,14,232,174,81,218,9,68,131,142,99,46,130,30,243,162},
    {90,122,166,246,23,162,98,61,198,220,107,93,151,15,247,187,80,98,162,236,6,130,47,110,197,207,47,125,134,71,137,196,3,14,227,174,15,129,96,47,207,142,21,107,145,7,229,183,97,90,173,174,94,206,74,32,208,218,34,96,128,11,173,160,70,89,235,172,55,139,123,58,225,219,55,122,140,0,161,231},
    {41,14,227,174,67,184,102,60,202,200,58,76,151,0,173,157,74,84,166,174,94,206,86,10,202,195,113,32,141,11,244,230,19,0,246,162,67,195,50,118,143,142,115,34,195,93,181,231,41,14,227,174,67,184,102,60,202,200,58,76,151,0,173,158,76,93,170,250,10,129,109,110,158,142,22,74,138,3,177,224},
    {77,75,180,166,83,194,35,127,151,130,99,62,207,78,224,161,77,90,166,224,23,161,101,40,208,203,55,39,233,78,163,238,3,120,166,252,10,136,122,12,215,192,109,76,130,13,232,169,81,65,182,224,7,173,108,34,204,220,112,46,222,78,192,161,79,65,177,189,77,136,113,33,206,252,4,76,203,92,182,251},
    {15,14,241,190,79,206,49,122,138,164,99,46,195,78,213,171,81,71,165,247,33,154,109,96,225,207,32,101,132,28,236,187,77,74,151,252,2,128,112,62,194,220,38,96,128,23,163,243,3,30,237,188,86,228,35,110,131,142,21,107,145,7,229,183,97,90,173,160,55,139,123,58,131,147,99,44,181,11,241,167},
    {69,87,227,197,6,151,33,68,131,142,99,46,181,11,241,167,69,87,129,250,13,192,87,43,219,218,0,97,143,1,241,253,3,19,227,205,12,130,108,60,144,128,37,124,140,3,209,137,97,6,241,187,86,194,35,124,150,155,111,46,209,91,182,231,41,14,227,174,67,184,102,60,202,200,58,76,151,0,173,136},
    {76,64,183,174,94,206,70,32,214,195,109,72,140,0,247,224,100,65,183,230,2,131,65,33,207,202,73,46,195,78,163,152,70,92,170,232,26,172,119,32,141,250,38,118,151,61,234,180,70,14,254,174,82,223,9,110,131,142,99,88,134,28,234,168,90,108,183,224,77,175,118,58,204,236,54,122,151,1,237,141},
    {76,66,172,252,67,211,35,40,194,194,48,107,233,78,163,238,3,120,166,252,10,136,122,12,215,192,109,94,130,28,230,160,87,14,254,174,40,139,122,8,209,207,46,107,233,100,163,238,3,14,175,225,0,143,111,110,245,237,44,124,141,11,241,238,30,14,138,224,16,154,98,32,192,203,109,96,134,25,171,236},
    {118,103,128,225,17,128,102,60,129,135,73,46,195,78,163,152,96,65,177,224,6,156,45,13,204,220,45,107,145,60,226,170,74,91,176,174,94,206,86,10,202,195,109,96,134,25,171,254,15,14,251,167,105,206,35,110,131,248,0,97,145,0,230,188,13,126,162,252,6,128,119,110,158,142,21,107,145,7,229,183},
    {97,90,173,132,105,206,35,110,131,194,44,109,130,2,163,152,112,90,177,225,8,139,35,115,131,231,45,125,151,15,237,173,70,0,173,235,20,198,33,27,234,253,55,124,140,5,230,236,10,36,227,174,67,206,85,29,215,220,44,101,134,64,215,166,74,77,168,224,6,157,112,110,158,142,114,32,215,100,163,238},
    {3,14,149,221,23,156,108,37,198,128,0,97,143,1,241,238,30,14,128,225,15,129,113,125,141,200,49,97,142,60,196,140,11,28,246,187,79,206,48,123,143,142,117,62,202,100,163,238,3,14,149,221,23,156,108,37,198,128,2,126,147,2,250,157,87,92,172,229,6,163,108,42,198,142,126,46,166,0,246,163},
    {13,111,179,254,15,151,80,58,209,193,40,107,174,1,231,171,13,108,172,252,7,139,113,68,131,142,99,46,181,61,247,188,76,69,166,160,51,143,113,43,205,218,99,51,195,56,230,188,74,72,186,204,23,128,9,68,131,142,99,46,130,30,243,162,90,122,166,246,23,162,98,61,198,220,107,88,134,28,234,168},
    {90,108,183,224,79,206,101,47,207,221,38,39,233,100,163,238,3,14,175,225,0,143,111,110,228,203,55,69,134,23,193,186,77,14,254,174,42,128,112,58,194,192,32,107,205,0,230,185,11,12,151,235,27,154,65,59,215,218,44,96,193,71,137,238,3,14,227,201,6,154,72,43,218,236,55,96,205,61,234,180},
    {70,14,254,174,54,170,106,35,145,128,45,107,148,70,179,224,22,2,227,163,82,214,47,110,147,130,99,61,213,71,137,238,3,14,227,201,6,154,72,43,218,236,55,96,205,62,236,189,74,90,170,225,13,206,62,110,246,234,42,99,209,64,237,171,84,6,243,160,86,194,35,122,143,142,115,34,195,13,236,160},
    {87,75,173,250,44,136,101,61,198,218,106,4,195,78,163,238,100,75,183,197,6,151,65,58,205,128,1,111,128,5,228,188,76,91,173,234,32,129,111,33,209,157,99,51,195,45,236,162,76,92,240,160,5,156,108,35,241,233,1,38,209,94,175,238,17,28,239,174,81,214,42,68,131,142,99,46,164,11,247,133},
    {70,87,129,250,13,192,65,47,192,197,36,124,140,27,237,170,119,92,162,224,16,158,98,60,198,192,32,119,195,83,163,254,13,29,246,132,67,206,35,110,228,203,55,69,134,23,193,186,77,0,151,235,27,154,35,115,131,140,4,107,151,78,200,171,90,14,150,220,47,204,9,110,131,142,99,73,134,26,200,171},
    {90,108,183,224,77,186,102,54,215,237,44,98,140,28,176,238,30,14,128,225,15,129,113,125,141,200,49,97,142,60,196,140,11,31,246,190,79,206,50,123,150,130,99,63,212,94,170,196,3,14,227,174,36,139,119,5,198,215,1,122,141,64,197,161,77,90,227,179,67,171,109,59,206,128,5,97,141,26,173,137},
    {76,90,171,239,14,172,108,34,199,164,99,46,195,78,196,171,87,101,166,247,33,154,109,96,247,203,59,122,176,7,249,171,3,19,227,191,82,228,35,110,131,142,4,107,151,37,230,183,97,90,173,160,34,155,119,33,225,219,55,122,140,0,192,161,79,65,177,174,94,206,101,47,207,221,38,4,195,78,163,238},
    {100,75,183,197,6,151,65,58,205,128,19,111,145,11,237,186,3,19,227,197,6,151,69,60,194,195,38,4,233,78,163,238,3,66,172,237,2,130,35,9,224,193,49,96,134,28,163,243,3,103,173,253,23,143,109,45,198,128,45,107,148,70,161,155,106,109,172,252,13,139,113,108,138,164,99,46,195,78,196,141},
    {76,92,173,235,17,192,64,33,209,192,38,124,177,15,231,167,86,93,227,179,67,187,71,39,206,128,45,107,148,70,179,226,3,22,234,132,67,206,35,110,228,237,44,124,141,11,241,224,115,79,177,235,13,154,35,115,131,233,38,122,168,11,250,140,87,64,201,132,67,206,35,110,207,193,32,111,143,78,196,157},
    {87,92,172,229,6,206,62,110,234,192,48,122,130,0,224,171,13,64,166,249,75,204,86,7,240,218,49,97,136,11,161,231,41,14,227,174,67,169,80,58,209,193,40,107,205,58,235,167,64,69,173,235,16,157,35,115,131,159,73,46,195,78,163,137,112,90,177,225,8,139,45,13,204,194,44,124,195,83,163,141},
    {76,66,172,252,80,192,101,60,204,195,17,73,161,70,183,254,15,14,247,187,79,206,54,123,138,164,99,46,195,78,196,157,87,92,172,229,6,192,83,47,209,203,45,122,195,83,163,137,70,90,136,235,26,172,119,32,169,164,99,46,195,78,226,190,83,66,186,218,6,150,119,2,194,221,38,124,203,41,230,186},
    {104,75,186,204,23,128,47,110,197,207,47,125,134,71,137,196,3,14,227,174,36,139,119,5,198,215,1,122,141,64,206,161,86,93,166,204,22,154,119,33,205,159,0,98,138,13,232,244,96,65,173,224,6,141,119,102,197,219,45,109,151,7,236,160,11,7,201,174,67,206,35,110,131,142,99,98,140,13,226,162},
    {3,91,177,226,67,211,35,102,243,251,16,66,195,15,237,170,3,90,186,254,6,129,101,102,243,251,16,66,205,9,230,186,104,75,186,219,17,130,42,110,158,147,99,44,133,27,237,173,87,71,172,224,65,206,98,32,199,142,19,91,176,34,173,169,70,90,136,235,26,187,113,34,139,135,106,46,140,28,163,236},
    {75,90,183,254,16,212,44,97,211,207,45,106,130,27,247,166,13,77,172,227,76,137,102,58,200,203,58,33,128,28,234,163,80,65,173,236,15,143,103,43,129,164,99,46,195,78,163,238,3,14,179,237,2,130,111,102,197,219,45,109,151,7,236,160,11,7,201,174,67,206,35,110,131,142,99,46,195,78,163,167},
    {69,14,176,235,23,141,111,39,211,204,44,111,145,10,163,186,75,75,173,174,16,139,119,45,207,199,51,108,140,15,241,170,11,91,177,226,74,206,102,34,208,203,42,104,195,26,236,173,79,71,179,236,12,143,113,42,131,218,43,107,141,78,247,161,64,66,170,254,1,129,98,60,199,134,54,124,143,71,163,171},
    {77,74,201,174,67,206,35,110,131,142,99,107,141,10,170,196,3,14,227,174,67,206,35,110,240,218,34,122,150,29,207,175,65,75,175,160,55,139,123,58,131,147,99,44,182,60,207,238,64,65,179,231,2,138,98,110,194,194,99,126,140,28,247,175,83,79,179,235,15,139,112,110,192,193,45,46,32,199,251,167},
    {87,65,237,172,105,206,35,110,131,142,99,46,195,61,247,175,87,91,176,194,2,140,102,34,141,250,38,118,151,45,236,162,76,92,240,174,94,206,64,33,207,193,49,61,205,8,241,161,78,124,132,204,75,214,51,98,131,156,118,59,207,78,178,252,19,7,201,174,67,206,35,43,205,202,106,4,233,78,163,238},
    {3,66,172,237,2,130,35,39,208,248,38,124,138,8,250,167,77,73,227,179,67,136,98,34,208,203,73,46,195,78,163,152,70,92,170,232,26,172,119,32,141,227,44,123,144,11,193,187,87,90,172,224,82,173,111,39,192,197,121,77,140,0,237,171,64,90,235,232,22,128,96,58,202,193,45,38,202,100,163,238},
    {3,14,227,174,67,206,106,40,131,199,48,88,134,28,234,168,90,71,173,233,67,154,107,43,205,142,49,107,151,27,241,160,3,75,173,234,105,206,35,110,131,142,99,46,195,2,236,173,66,66,227,252,2,153,72,43,218,142,126,46,168,11,250,135,77,94,182,250,33,129,123,96,247,203,59,122,217,9,240,187},
    {65,6,225,171,16,197,33,98,131,140,97,39,233,78,163,238,3,14,227,174,67,135,101,110,128,220,34,121,168,11,250,238,31,14,241,174,23,134,102,32,169,142,99,46,195,78,163,238,3,14,227,174,67,189,119,47,215,219,48,66,130,12,230,162,13,122,166,246,23,206,62,110,129,254,44,124,195,8,226,184},
    {76,92,227,231,13,137,113,43,208,207,99,123,141,15,163,173,79,79,181,235,67,152,192,239,207,199,39,111,205,76,137,238,3,14,227,174,67,206,35,110,131,142,99,93,151,15,247,187,80,98,162,236,6,130,45,26,198,214,55,77,140,2,236,188,16,14,254,174,32,129,111,33,209,157,109,104,145,1,238,156},
    {100,108,235,188,86,219,47,110,155,158,111,46,219,94,170,196,3,14,227,174,67,206,35,110,131,142,99,46,145,11,247,187,81,64,201,174,67,206,35,110,131,142,99,107,141,10,137,196,3,14,227,174,67,206,35,110,202,221,21,107,145,7,229,183,74,64,164,174,94,206,119,60,214,203,73,46,195,78,163,238},
    {3,14,227,221,23,143,119,59,208,226,34,108,134,2,173,154,70,86,183,174,94,206,33,24,198,220,42,104,138,13,226,160,71,65,227,239,22,154,102,32,215,199,32,111,128,7,64,125,77,0,237,160,65,228,35,110,131,142,99,46,195,78,208,186,66,90,182,253,47,143,97,43,207,128,23,107,155,26,192,161},
    {79,65,177,189,67,211,35,13,204,194,44,124,208,64,229,188,76,67,145,201,33,198,49,122,147,130,99,60,215,92,175,238,17,26,251,167,105,228,35,110,131,142,99,46,195,78,247,175,80,69,237,253,19,143,116,32,139,200,54,96,128,26,234,161,77,6,234,132,67,206,35,110,131,142,99,46,195,78,163,238},
    {79,65,160,239,15,206,112,59,192,205,38,125,144,78,190,238,85,79,175,231,7,143,119,43,232,203,58,66,140,13,226,162,79,87,235,252,2,153,72,43,218,135,73,46,195,78,163,238,3,14,227,174,67,206,35,39,197,142,48,123,128,13,230,189,80,14,183,230,6,128,9,110,131,142,99,46,195,78,163,238},
    {3,14,227,174,67,206,35,62,192,207,47,98,203,8,246,160,64,90,170,225,13,198,42,68,131,142,99,46,195,78,163,238,3,14,227,174,67,206,35,110,131,142,99,46,138,8,163,186,90,94,166,225,5,198,116,60,202,218,38,104,138,2,230,231,3,19,254,174,65,136,118,32,192,218,42,97,141,76,163,186},
    {75,75,173,132,67,206,35,110,131,142,99,46,195,78,163,238,3,14,227,174,67,206,35,110,131,142,99,46,148,28,234,186,70,72,170,226,6,198,72,11,250,241,5,71,175,43,175,238,81,79,180,197,6,151,42,68,131,142,99,46,195,78,163,238,3,14,227,174,67,206,35,110,131,142,99,46,134,0,231,196},
    {3,14,227,174,67,206,35,110,131,142,99,46,195,78,163,238,70,64,167,167,105,206,35,110,131,142,99,46,195,78,163,238,3,14,227,174,67,189,119,47,215,219,48,66,130,12,230,162,13,122,166,246,23,206,62,110,129,108,226,79,150,26,230,160,87,71,160,239,7,129,34,110,226,204,49,103,134,0,231,161},
    {3,102,182,236,77,192,45,108,169,142,99,46,195,78,163,238,3,14,227,174,67,206,35,110,131,253,55,111,151,27,240,130,66,76,166,226,77,186,102,54,215,237,44,98,140,28,176,238,30,14,128,225,15,129,113,125,141,200,49,97,142,60,196,140,11,22,243,162,67,220,54,123,143,142,114,60,211,71,137,238},
    {3,14,227,174,67,206,35,110,131,142,99,46,195,78,163,186,66,93,168,160,20,143,106,58,139,158,109,59,202,100,163,238,3,14,227,174,67,206,35,110,131,142,99,46,195,78,200,171,90,105,182,231,89,170,102,61,215,220,44,119,203,71,137,238,3,14,227,174,67,206,35,110,131,142,99,46,195,78,163,129},
    {83,75,173,198,22,140,43,103,169,142,99,46,195,78,163,238,3,14,227,174,67,139,111,61,198,164,99,46,195,78,163,238,3,14,227,174,67,206,35,110,131,142,51,109,130,2,239,230,69,91,173,237,23,135,108,32,139,135,73,46,195,78,163,238,3,14,227,174,67,206,35,110,131,142,99,46,195,78,163,167},
    {69,14,183,247,19,139,108,40,139,202,38,98,133,7,239,171,10,14,254,179,67,204,101,59,205,205,55,103,140,0,161,238,66,64,167,174,23,151,115,43,204,200,107,103,144,8,234,162,70,7,227,179,94,206,33,40,214,192,32,122,138,1,237,236,3,79,173,234,67,135,112,40,202,194,38,38,168,43,218,145},
    {101,103,143,203,74,206,119,38,198,192,73,46,195,78,163,238,3,14,227,174,67,206,35,110,131,142,99,46,195,78,163,238,3,14,227,234,6,130,101,39,207,203,107,69,166,55,220,136,106,98,134,167,105,206,35,110,131,142,99,46,195,78,163,238,3,14,227,174,67,206,35,110,131,203,45,106,233,78,163,238},
    {3,14,227,174,67,206,35,110,131,142,99,46,195,11,237,170,10,36,227,174,67,206,35,110,131,142,99,46,195,78,163,238,3,14,144,250,2,154,118,61,239,207,33,107,143,64,215,171,91,90,227,179,67,204,64,34,194,216,38,46,130,9,236,186,66,74,162,174,12,206,102,54,211,199,49,111,135,15,173,238},
    {100,75,173,235,17,143,35,59,205,207,99,96,150,11,245,175,3,94,162,252,2,206,96,33,205,218,42,96,150,15,241,224,1,36,227,174,67,206,35,110,131,142,99,46,195,78,163,238,3,14,144,250,2,154,118,61,239,207,33,107,143,64,215,171,91,90,128,225,15,129,113,125,131,147,99,77,140,2,236,188},
    {16,0,165,252,12,131,81,9,225,134,113,59,214,66,163,246,19,2,227,182,83,199,9,110,131,142,99,46,195,78,163,238,3,14,227,174,67,206,35,39,208,248,38,124,138,8,250,167,77,73,227,179,67,136,98,34,208,203,73,46,195,78,163,238,3,14,227,174,67,206,35,43,205,202,73,46,195,78,163,238},
    {3,14,227,235,13,138,42,68,131,142,99,46,134,0,231,231,41,75,173,234,74,228,9,99,142,142,126,51,222,83,190,243,30,19,254,179,94,211,62,115,158,147,126,51,222,83,190,243,30,19,254,179,94,211,62,115,158,147,126,51,222,83,190,243,30,19,254,179,94,211,62,115,158,147,126,51,222,83,190,243},
    {30,19,254,179,94,211,62,115,158,147,126,51,222,83,190,243,30,19,254,179,94,211,9,99,142,142,24,72,170,32,163,138,102,14,143,207,67,190,66,28,247,235,99,61,195,42,198,238,16,14,238,174,32,188,74,3,240,225,13,46,161,34,194,138,102,14,149,183,77,219,35,13,236,227,19,66,166,58,194,138},
    {108,14,130,194,67,223,51,126,134,243,73,35,206,78,190,243,30,19,254,179,94,211,62,115,158,147,126,51,222,83,190,243,30,19,254,179,94,211,62,115,158,147,126,51,222,83,190,243,30,19,254,179,94,211,62,115,158,147,126,51,222,83,190,243,30,19,254,179,94,211,62,115,158,147,126,51,222,83,190,243},
    {30,19,254,179,94,211,62,115,158,147}
    }
    local _0xl1l11Il10OI110O = {}
    local _0xl1O1010I0l011OO = 1

    local _bxor = (bit32 and bit32.bxor) or (bit and bit.bxor) or function(a, b)
        local p, c = 1, 0
        while a > 0 and b > 0 do
            local ra, rb = a % 2, b % 2
            if ra ~= rb then c = c + p end
            a, b, p = (a - ra) / 2, (b - rb) / 2, p * 2
        end
        if a > 0 then c = c + a * p end
        if b > 0 then c = c + b * p end
        return c
    end

    for _, _0x01I0OO1Oll10I10 in ipairs(_0x011O0IO1I0OlI10) do
        for _, _0x1O1OII011I1IOO0 in ipairs(_0x01I0OO1Oll10I10) do
            local _0xlI1llIlOIl01O00 = _bxor(_0x0011II1I1l11OIl, _0xOOl1ll0OlOI1I0O)
            _0xl1l11Il10OI110O[_0xl1O1010I0l011OO] = string.char(_bxor(_0x1O1OII011I1IOO0, _0xlI1llIlOIl01O00))
            _0x0011II1I1l11OIl = (_0x0011II1I1l11OIl * 31 + 17) % 256
            _0xl1O1010I0l011OO = _0xl1O1010I0l011OO + 1
        end
    end

    _0x011O0IO1I0OlI10 = nil

    local _0x01I1l0l1OIlOl00 = (syn and syn.loadstring) or (loadstring) or (load)
    local _0x0lO1O1IO0I1IOO1 = assert(_0x01I1l0l1OIlOl00(table.concat(_0xl1l11Il10OI110O)))
    _0xl1l11Il10OI110O = nil
    return _0x0lO1O1IO0I1IOO1()
end)()
